2025-08-20 18:23:28,938 [INFO] WiFi is working.
2025-08-20 18:23:44,965 [INFO] WiFi is working.
2025-08-20 18:24:08,246 [INFO] WiFi is working.
2025-08-20 18:24:23,254 [WARNING] WiFi down!
2025-08-20 18:24:23,254 [INFO] Enabling SIM800L mobile connection...
2025-08-20 18:24:23,255 [ERROR] Serial error: name 'SIM800L_PORT' is not defined
2025-08-20 18:24:23,255 [ERROR] Serial error: name 'SIM800L_PORT' is not defined
2025-08-20 18:24:23,255 [ERROR] Serial error: name 'SIM800L_PORT' is not defined
2025-08-20 18:24:23,256 [ERROR] Serial error: name 'SIM800L_PORT' is not defined
2025-08-20 18:24:23,256 [ERROR] Serial error: name 'SIM800L_PORT' is not defined
2025-08-20 18:24:23,256 [ERROR] Serial error: name 'SIM800L_PORT' is not defined
2025-08-20 18:24:38,264 [WARNING] WiFi down!
2025-08-20 18:24:53,271 [WARNING] WiFi down!
2025-08-20 18:25:19,302 [WARNING] WiFi down!
2025-08-20 18:25:35,327 [INFO] WiFi is working.
2025-08-20 18:25:35,327 [ERROR] Serial error: name 'SIM800L_PORT' is not defined
2025-08-20 18:25:35,328 [ERROR] Serial error: name 'SIM800L_PORT' is not defined
2025-08-20 18:25:51,349 [INFO] WiFi is working.
2025-08-20 18:26:07,375 [INFO] WiFi is working.
2025-08-20 18:26:23,403 [INFO] WiFi is working.
2025-08-20 18:26:39,424 [INFO] WiFi is working.
2025-08-20 18:26:43,559 [INFO] WiFi is working.
2025-08-20 18:26:55,454 [INFO] WiFi is working.
2025-08-20 18:27:11,488 [INFO] WiFi is working.
2025-08-20 18:27:27,511 [INFO] WiFi is working.
2025-08-20 18:27:43,537 [INFO] WiFi is working.
2025-08-20 18:27:50,285 [INFO] WiFi is working.
2025-08-20 18:27:59,557 [INFO] WiFi is working.
2025-08-20 18:28:06,309 [INFO] WiFi is working.
2025-08-20 18:28:15,581 [INFO] WiFi is working.
2025-08-20 18:28:22,336 [INFO] WiFi is working.
2025-08-20 18:28:31,606 [INFO] WiFi is working.
2025-08-20 18:28:38,361 [INFO] WiFi is working.
2025-08-20 18:28:47,630 [INFO] WiFi is working.
2025-08-20 18:28:54,400 [INFO] WiFi is working.
2025-08-20 18:29:03,652 [INFO] WiFi is working.
2025-08-20 18:29:10,420 [INFO] WiFi is working.
2025-08-20 18:29:18,660 [WARNING] WiFi down!
2025-08-20 18:29:18,661 [INFO] Enabling SIM800L mobile connection...
2025-08-20 18:29:18,661 [ERROR] Serial error: name 'SIM800L_PORT' is not defined
2025-08-20 18:29:18,662 [ERROR] Serial error: name 'SIM800L_PORT' is not defined
2025-08-20 18:29:18,662 [ERROR] Serial error: name 'SIM800L_PORT' is not defined
2025-08-20 18:29:18,663 [ERROR] Serial error: name 'SIM800L_PORT' is not defined
2025-08-20 18:29:18,664 [ERROR] Serial error: name 'SIM800L_PORT' is not defined
2025-08-20 18:29:18,664 [ERROR] Serial error: name 'SIM800L_PORT' is not defined
2025-08-20 18:29:25,434 [WARNING] WiFi down!
2025-08-20 18:29:25,435 [INFO] Enabling SIM800L mobile connection...
2025-08-20 18:29:26,437 [INFO] Sent: AT | Response: AT
OK
2025-08-20 18:29:27,439 [INFO] Sent: AT+CFUN=1 | Response: AT+CFUN=1
OK
2025-08-20 18:29:28,440 [INFO] Sent: AT+CGATT=1 | Response: AT+CGATT=1
2025-08-20 18:29:29,442 [INFO] Sent: AT+CSTT="internet","","" | Response: 
2025-08-20 18:29:33,668 [WARNING] WiFi down!
2025-08-20 18:29:34,443 [INFO] Sent: AT+CIICR | Response: OK
2025-08-20 18:29:35,445 [INFO] Sent: AT+CIFSR | Response: AT+CIFSR
ERROR
2025-08-20 18:29:49,687 [INFO] WiFi is working.
2025-08-20 18:29:49,687 [ERROR] Serial error: name 'SIM800L_PORT' is not defined
2025-08-20 18:29:49,688 [ERROR] Serial error: name 'SIM800L_PORT' is not defined
2025-08-20 18:29:51,471 [INFO] WiFi is working.
2025-08-20 18:29:54,472 [INFO] Sent: AT+CIPSHUT | Response: AT+CIPSHUT
SHUT OK
2025-08-20 18:29:55,474 [INFO] Sent: AT+CGATT=0 | Response: AT+CGATT=0
OK
2025-08-20 18:30:05,710 [INFO] WiFi is working.
2025-08-20 18:30:11,499 [INFO] WiFi is working.
2025-08-20 18:30:21,737 [INFO] WiFi is working.
2025-08-20 18:30:27,518 [INFO] WiFi is working.
2025-08-20 18:30:37,763 [INFO] WiFi is working.
2025-08-20 18:30:43,539 [INFO] WiFi is working.
2025-08-20 18:30:53,788 [INFO] WiFi is working.
2025-08-20 18:30:59,562 [INFO] WiFi is working.
2025-08-20 18:31:09,814 [INFO] WiFi is working.
2025-08-20 18:31:15,587 [INFO] WiFi is working.
2025-08-20 18:31:25,839 [INFO] WiFi is working.
2025-08-20 18:31:31,616 [INFO] WiFi is working.
2025-08-20 18:31:41,863 [INFO] WiFi is working.
2025-08-20 18:31:47,641 [INFO] WiFi is working.
2025-08-20 18:31:57,887 [INFO] WiFi is working.
2025-08-20 18:32:03,666 [INFO] WiFi is working.
2025-08-20 18:32:13,911 [INFO] WiFi is working.
2025-08-20 18:32:19,696 [INFO] WiFi is working.
2025-08-20 18:32:29,936 [INFO] WiFi is working.
2025-08-20 18:32:35,722 [INFO] WiFi is working.
2025-08-20 18:32:45,958 [INFO] WiFi is working.
2025-08-20 18:32:51,748 [INFO] WiFi is working.
2025-08-20 18:33:01,982 [INFO] WiFi is working.
2025-08-20 18:33:07,773 [INFO] WiFi is working.
2025-08-20 18:33:18,007 [INFO] WiFi is working.
2025-08-20 18:33:23,801 [INFO] WiFi is working.
2025-08-20 18:33:34,036 [INFO] WiFi is working.
2025-08-20 18:33:39,828 [INFO] WiFi is working.
2025-08-20 18:33:50,060 [INFO] WiFi is working.
2025-08-20 18:33:55,853 [INFO] WiFi is working.
2025-08-20 18:34:06,084 [INFO] WiFi is working.
2025-08-20 18:34:11,878 [INFO] WiFi is working.
2025-08-20 18:34:22,111 [INFO] WiFi is working.
2025-08-20 18:34:27,902 [INFO] WiFi is working.
2025-08-20 18:34:38,134 [INFO] WiFi is working.
2025-08-20 18:34:43,928 [INFO] WiFi is working.
2025-08-20 18:34:54,162 [INFO] WiFi is working.
2025-08-20 18:34:59,954 [INFO] WiFi is working.
2025-08-20 18:35:10,186 [INFO] WiFi is working.
2025-08-20 18:35:15,975 [INFO] WiFi is working.
2025-08-20 18:35:26,211 [INFO] WiFi is working.
2025-08-20 18:35:32,001 [INFO] WiFi is working.
2025-08-20 18:35:42,234 [INFO] WiFi is working.
2025-08-20 18:35:48,025 [INFO] WiFi is working.
2025-08-20 18:35:58,262 [INFO] WiFi is working.
2025-08-20 18:36:04,051 [INFO] WiFi is working.
2025-08-20 18:36:14,285 [INFO] WiFi is working.
2025-08-20 18:36:20,075 [INFO] WiFi is working.
2025-08-20 18:36:30,310 [INFO] WiFi is working.
2025-08-20 18:36:36,101 [INFO] WiFi is working.
2025-08-20 18:36:46,335 [INFO] WiFi is working.
2025-08-20 18:36:52,127 [INFO] WiFi is working.
2025-08-20 18:37:02,359 [INFO] WiFi is working.
2025-08-20 18:37:08,152 [INFO] WiFi is working.
2025-08-20 18:37:18,383 [INFO] WiFi is working.
2025-08-20 18:37:24,177 [INFO] WiFi is working.
2025-08-20 18:37:34,426 [INFO] WiFi is working.
2025-08-20 18:37:40,202 [INFO] WiFi is working.
2025-08-20 18:37:50,451 [INFO] WiFi is working.
2025-08-20 18:37:56,227 [INFO] WiFi is working.
2025-08-20 18:38:06,477 [INFO] WiFi is working.
2025-08-20 18:38:12,252 [INFO] WiFi is working.
2025-08-20 18:38:22,502 [INFO] WiFi is working.
2025-08-20 18:38:28,276 [INFO] WiFi is working.
2025-08-20 18:38:38,526 [INFO] WiFi is working.
2025-08-20 18:38:44,300 [INFO] WiFi is working.
2025-08-20 18:38:54,561 [INFO] WiFi is working.
2025-08-20 18:39:00,325 [INFO] WiFi is working.
2025-08-20 18:39:10,586 [INFO] WiFi is working.
2025-08-20 18:39:16,347 [INFO] WiFi is working.
2025-08-20 18:39:26,609 [INFO] WiFi is working.
2025-08-20 18:39:32,372 [INFO] WiFi is working.
2025-08-20 18:39:42,636 [INFO] WiFi is working.
2025-08-20 18:39:48,397 [INFO] WiFi is working.
2025-08-20 18:39:58,661 [INFO] WiFi is working.
2025-08-20 18:40:04,429 [INFO] WiFi is working.
2025-08-20 18:40:14,693 [INFO] WiFi is working.
2025-08-20 18:40:20,457 [INFO] WiFi is working.
2025-08-20 18:40:30,718 [INFO] WiFi is working.
2025-08-20 18:40:36,483 [INFO] WiFi is working.
2025-08-20 18:40:46,742 [INFO] WiFi is working.
2025-08-20 18:40:52,508 [INFO] WiFi is working.
2025-08-20 18:41:02,766 [INFO] WiFi is working.
2025-08-20 18:41:08,532 [INFO] WiFi is working.
2025-08-20 18:41:18,788 [INFO] WiFi is working.
2025-08-20 18:41:24,578 [INFO] WiFi is working.
2025-08-20 18:41:34,830 [INFO] WiFi is working.
2025-08-20 18:41:40,603 [INFO] WiFi is working.
2025-08-20 18:41:50,856 [INFO] WiFi is working.
2025-08-20 18:41:56,629 [INFO] WiFi is working.
2025-08-20 18:42:06,881 [INFO] WiFi is working.
2025-08-20 18:42:12,653 [INFO] WiFi is working.
2025-08-20 18:42:22,907 [INFO] WiFi is working.
2025-08-20 18:42:28,680 [INFO] WiFi is working.
2025-08-20 18:42:38,931 [INFO] WiFi is working.
2025-08-20 18:42:44,713 [INFO] WiFi is working.
2025-08-20 18:42:54,956 [INFO] WiFi is working.
2025-08-20 18:43:00,739 [INFO] WiFi is working.
2025-08-20 18:43:10,986 [INFO] WiFi is working.
2025-08-20 18:43:16,764 [INFO] WiFi is working.
2025-08-20 18:43:27,011 [INFO] WiFi is working.
2025-08-20 18:43:32,792 [INFO] WiFi is working.
2025-08-20 18:43:43,035 [INFO] WiFi is working.
2025-08-20 18:43:48,816 [INFO] WiFi is working.
2025-08-20 18:43:59,060 [INFO] WiFi is working.
2025-08-20 18:44:04,844 [INFO] WiFi is working.
2025-08-20 18:44:15,084 [INFO] WiFi is working.
2025-08-20 18:44:20,866 [INFO] WiFi is working.
2025-08-20 18:44:31,110 [INFO] WiFi is working.
2025-08-20 18:44:36,896 [INFO] WiFi is working.
2025-08-20 18:44:47,138 [INFO] WiFi is working.
2025-08-20 18:44:52,920 [INFO] WiFi is working.
2025-08-20 18:45:03,160 [INFO] WiFi is working.
2025-08-20 18:45:08,944 [INFO] WiFi is working.
2025-08-20 18:45:19,186 [INFO] WiFi is working.
2025-08-20 18:45:24,968 [INFO] WiFi is working.
2025-08-20 18:45:35,210 [INFO] WiFi is working.
2025-08-20 18:45:40,989 [INFO] WiFi is working.
2025-08-20 18:45:51,236 [INFO] WiFi is working.
2025-08-20 18:45:57,015 [INFO] WiFi is working.
2025-08-20 18:46:07,261 [INFO] WiFi is working.
2025-08-20 18:46:13,044 [INFO] WiFi is working.
2025-08-20 18:46:23,284 [INFO] WiFi is working.
2025-08-20 18:46:29,067 [INFO] WiFi is working.
2025-08-20 18:46:39,313 [INFO] WiFi is working.
2025-08-20 18:46:45,095 [INFO] WiFi is working.
2025-08-20 18:46:55,336 [INFO] WiFi is working.
2025-08-20 18:47:00,102 [WARNING] WiFi down!
2025-08-20 18:47:00,102 [INFO] Enabling SIM800L mobile connection...
2025-08-20 18:47:01,104 [INFO] Sent: AT | Response: AT
OK
2025-08-20 18:47:02,106 [INFO] Sent: AT+CFUN=1 | Response: AT+CFUN=1
OK
2025-08-20 18:47:03,107 [INFO] Sent: AT+CGATT=1 | Response: AT+CGATT=1
2025-08-20 18:47:04,109 [INFO] Sent: AT+CSTT="internet","","" | Response: 
2025-08-20 18:47:09,111 [INFO] Sent: AT+CIICR | Response: OK
2025-08-20 18:47:10,112 [INFO] Sent: AT+CIFSR | Response: AT+CIFSR
ERROR
2025-08-20 18:47:10,340 [WARNING] WiFi down!
2025-08-20 18:47:10,340 [INFO] Enabling SIM800L mobile connection...
2025-08-20 18:47:10,340 [ERROR] Serial error: name 'SIM800L_PORT' is not defined
2025-08-20 18:47:10,341 [ERROR] Serial error: name 'SIM800L_PORT' is not defined
2025-08-20 18:47:10,341 [ERROR] Serial error: name 'SIM800L_PORT' is not defined
2025-08-20 18:47:10,341 [ERROR] Serial error: name 'SIM800L_PORT' is not defined
2025-08-20 18:47:10,341 [ERROR] Serial error: name 'SIM800L_PORT' is not defined
2025-08-20 18:47:10,341 [ERROR] Serial error: name 'SIM800L_PORT' is not defined
2025-08-20 18:47:25,126 [WARNING] WiFi down!
2025-08-20 18:47:25,344 [WARNING] WiFi down!
2025-08-20 18:47:40,141 [WARNING] WiFi down!
2025-08-20 18:47:40,348 [WARNING] WiFi down!
2025-08-20 18:47:55,150 [WARNING] WiFi down!
2025-08-20 18:47:55,354 [WARNING] WiFi down!
2025-08-20 18:48:10,164 [WARNING] WiFi down!
2025-08-20 18:48:10,360 [WARNING] WiFi down!
2025-08-20 18:48:26,185 [INFO] WiFi is working.
2025-08-20 18:48:26,383 [INFO] WiFi is working.
2025-08-20 18:48:26,384 [ERROR] Serial error: name 'SIM800L_PORT' is not defined
2025-08-20 18:48:26,384 [ERROR] Serial error: name 'SIM800L_PORT' is not defined
2025-08-20 18:48:29,186 [INFO] Sent: AT+CIPSHUT | Response: AT+CIPSHUT
SHUT OK
2025-08-20 18:48:30,187 [INFO] Sent: AT+CGATT=0 | Response: AT+CGATT=0
OK
2025-08-20 18:48:42,407 [INFO] WiFi is working.
2025-08-20 18:48:46,211 [INFO] WiFi is working.
2025-08-20 18:48:58,432 [INFO] WiFi is working.
2025-08-20 18:49:02,235 [INFO] WiFi is working.
2025-08-20 18:49:14,457 [INFO] WiFi is working.
2025-08-20 18:49:18,260 [INFO] WiFi is working.
2025-08-20 18:49:30,482 [INFO] WiFi is working.
2025-08-20 18:49:34,282 [INFO] WiFi is working.
2025-08-20 18:49:46,507 [INFO] WiFi is working.
2025-08-20 18:49:50,308 [INFO] WiFi is working.
2025-08-20 18:50:02,524 [INFO] WiFi is working.
2025-08-20 18:50:18,550 [INFO] WiFi is working.
2025-08-20 18:50:34,585 [INFO] WiFi is working.
2025-08-20 18:50:50,606 [INFO] WiFi is working.
2025-08-20 18:51:06,641 [INFO] WiFi is working.
2025-08-20 18:51:22,665 [INFO] WiFi is working.
2025-08-20 18:51:38,691 [INFO] WiFi is working.
2025-08-20 18:51:54,721 [INFO] WiFi is working.
2025-08-20 18:52:10,742 [INFO] WiFi is working.
2025-08-20 18:52:26,773 [INFO] WiFi is working.
2025-08-20 18:52:42,797 [INFO] WiFi is working.
2025-08-20 18:52:58,824 [INFO] WiFi is working.
2025-08-20 18:53:14,861 [INFO] WiFi is working.
2025-08-20 18:53:30,885 [INFO] WiFi is working.
2025-08-20 18:53:56,902 [INFO] WiFi is working.
2025-08-20 18:54:12,927 [INFO] WiFi is working.
2025-08-20 18:54:28,951 [INFO] WiFi is working.
2025-08-20 18:54:44,975 [INFO] WiFi is working.
2025-08-20 18:55:00,997 [INFO] WiFi is working.
2025-08-20 18:55:17,016 [INFO] WiFi is working.
2025-08-20 18:55:19,724 [INFO] WiFi is working.
2025-08-20 18:55:33,040 [INFO] WiFi is working.
2025-08-20 18:55:35,753 [INFO] WiFi is working.
2025-08-20 18:55:49,071 [INFO] WiFi is working.
2025-08-20 18:55:52,758 [INFO] WiFi is working.
2025-08-20 18:56:04,075 [WARNING] WiFi down!
2025-08-20 18:56:04,075 [INFO] Enabling SIM800L mobile connection...
2025-08-20 18:56:04,075 [ERROR] Serial error: name 'SIM800L_PORT' is not defined
2025-08-20 18:56:04,076 [ERROR] Serial error: name 'SIM800L_PORT' is not defined
2025-08-20 18:56:04,076 [ERROR] Serial error: name 'SIM800L_PORT' is not defined
2025-08-20 18:56:04,082 [ERROR] Serial error: name 'SIM800L_PORT' is not defined
2025-08-20 18:56:04,082 [ERROR] Serial error: name 'SIM800L_PORT' is not defined
2025-08-20 18:56:04,083 [ERROR] Serial error: name 'SIM800L_PORT' is not defined
2025-08-20 18:56:07,765 [WARNING] WiFi down!
2025-08-20 18:56:07,766 [INFO] Enabling SIM800L mobile connection...
2025-08-20 18:56:19,090 [WARNING] WiFi down!
2025-08-20 18:56:24,063 [WARNING] WiFi down!
2025-08-20 18:56:34,097 [WARNING] WiFi down!
2025-08-20 18:56:40,360 [WARNING] WiFi down!
2025-08-20 18:56:56,386 [INFO] WiFi is working.
2025-08-20 18:56:56,387 [INFO] Disabling SIM800L mobile connection...
2025-08-20 18:57:00,102 [WARNING] WiFi down!
2025-08-20 18:57:12,493 [INFO] WiFi is working.
2025-08-20 18:57:16,128 [INFO] WiFi is working.
2025-08-20 18:57:16,128 [ERROR] Serial error: name 'SIM800L_PORT' is not defined
2025-08-20 18:57:16,129 [ERROR] Serial error: name 'SIM800L_PORT' is not defined
2025-08-20 18:57:28,519 [INFO] WiFi is working.
2025-08-20 18:57:32,155 [INFO] WiFi is working.
2025-08-20 18:57:44,554 [INFO] WiFi is working.
2025-08-20 18:57:48,175 [INFO] WiFi is working.
2025-08-20 18:58:00,585 [INFO] WiFi is working.
2025-08-20 18:58:04,201 [INFO] WiFi is working.
2025-08-20 18:58:14,731 [INFO] WiFi is working.
2025-08-20 18:58:19,205 [WARNING] WiFi down!
2025-08-20 18:58:19,205 [INFO] Enabling SIM800L mobile connection...
2025-08-20 18:58:19,205 [ERROR] Serial error: name 'SIM800L_PORT' is not defined
2025-08-20 18:58:19,206 [ERROR] Serial error: name 'SIM800L_PORT' is not defined
2025-08-20 18:58:19,206 [ERROR] Serial error: name 'SIM800L_PORT' is not defined
2025-08-20 18:58:19,206 [ERROR] Serial error: name 'SIM800L_PORT' is not defined
2025-08-20 18:58:19,206 [ERROR] Serial error: name 'SIM800L_PORT' is not defined
2025-08-20 18:58:19,206 [ERROR] Serial error: name 'SIM800L_PORT' is not defined
2025-08-20 18:58:29,740 [WARNING] WiFi down!
2025-08-20 18:58:29,740 [INFO] Enabling SIM800L mobile connection...
2025-08-20 18:58:34,210 [WARNING] WiFi down!
2025-08-20 18:58:46,043 [WARNING] WiFi down!
2025-08-20 18:58:49,217 [WARNING] WiFi down!
2025-08-20 18:59:02,346 [WARNING] WiFi down!
2025-08-20 18:59:04,224 [WARNING] WiFi down!
2025-08-20 18:59:18,640 [WARNING] WiFi down!
2025-08-20 18:59:19,228 [WARNING] WiFi down!
2025-08-20 18:59:45,254 [WARNING] WiFi down!
2025-08-20 18:59:45,940 [WARNING] WiFi down!
2025-08-20 19:00:01,272 [INFO] WiFi is working.
2025-08-20 19:00:01,273 [ERROR] Serial error: name 'SIM800L_PORT' is not defined
2025-08-20 19:00:01,273 [ERROR] Serial error: name 'SIM800L_PORT' is not defined
2025-08-20 19:00:01,969 [INFO] WiFi is working.
2025-08-20 19:00:01,970 [INFO] Disabling SIM800L mobile connection...
2025-08-20 19:00:17,298 [INFO] WiFi is working.
2025-08-20 19:00:33,321 [INFO] WiFi is working.
2025-08-20 19:00:49,345 [INFO] WiFi is working.
2025-08-20 19:01:05,370 [INFO] WiFi is working.
2025-08-20 19:01:21,393 [INFO] WiFi is working.
2025-08-20 19:01:37,416 [INFO] WiFi is working.
2025-08-20 19:01:53,440 [INFO] WiFi is working.
2025-08-20 19:02:09,464 [INFO] WiFi is working.
2025-08-20 19:02:25,488 [INFO] WiFi is working.
2025-08-20 19:03:40,637 [INFO] WiFi is working.
2025-08-20 19:03:55,645 [WARNING] WiFi down!
2025-08-20 19:03:55,646 [INFO] Enabling SIM800L mobile connection...
2025-08-20 19:04:11,964 [WARNING] WiFi down!
2025-08-20 19:04:28,263 [WARNING] WiFi down!
2025-08-20 19:04:44,642 [WARNING] WiFi down!
2025-08-20 19:05:01,046 [WARNING] WiFi down!
2025-08-20 19:05:17,344 [WARNING] WiFi down!
2025-08-20 19:05:49,017 [INFO] WiFi is working.
2025-08-20 19:05:49,018 [INFO] Disabling SIM800L mobile connection...
2025-08-20 19:06:05,123 [INFO] WiFi is working.
2025-08-20 19:06:21,147 [INFO] WiFi is working.
2025-08-20 19:06:37,172 [INFO] WiFi is working.
2025-08-20 19:06:53,189 [INFO] WiFi is working.
2025-08-20 19:07:09,213 [INFO] WiFi is working.
2025-08-20 19:07:25,240 [INFO] WiFi is working.
2025-08-20 19:07:41,269 [INFO] WiFi is working.
2025-08-20 19:07:57,294 [INFO] WiFi is working.
2025-08-20 19:08:13,320 [INFO] WiFi is working.
2025-08-20 19:08:29,348 [INFO] WiFi is working.
2025-08-20 19:08:45,372 [INFO] WiFi is working.
2025-08-20 19:09:01,396 [INFO] WiFi is working.
2025-08-20 19:09:17,423 [INFO] WiFi is working.
2025-08-20 19:09:33,447 [INFO] WiFi is working.
2025-08-20 19:09:49,471 [INFO] WiFi is working.
2025-08-20 19:10:05,498 [INFO] WiFi is working.
2025-08-20 19:10:21,518 [INFO] WiFi is working.
2025-08-20 19:10:37,543 [INFO] WiFi is working.
2025-08-20 19:10:53,565 [INFO] WiFi is working.
2025-08-20 19:11:09,595 [INFO] WiFi is working.
2025-08-20 19:11:25,620 [INFO] WiFi is working.
2025-08-20 19:11:41,645 [INFO] WiFi is working.
2025-08-20 19:11:57,669 [INFO] WiFi is working.
2025-08-20 19:12:13,694 [INFO] WiFi is working.
2025-08-20 19:12:29,720 [INFO] WiFi is working.
2025-08-20 19:12:45,746 [INFO] WiFi is working.
2025-08-20 19:13:01,769 [INFO] WiFi is working.
2025-08-20 19:13:17,793 [INFO] WiFi is working.
2025-08-20 19:13:33,817 [INFO] WiFi is working.
2025-08-20 19:13:49,841 [INFO] WiFi is working.
2025-08-20 19:14:05,865 [INFO] WiFi is working.
2025-08-20 19:14:21,888 [INFO] WiFi is working.
2025-08-20 19:14:37,914 [INFO] WiFi is working.
2025-08-20 19:14:53,950 [INFO] WiFi is working.
2025-08-20 19:15:09,975 [INFO] WiFi is working.
2025-08-20 19:15:26,004 [INFO] WiFi is working.
2025-08-20 19:15:42,029 [INFO] WiFi is working.
2025-08-20 19:15:58,052 [INFO] WiFi is working.
2025-08-20 19:16:14,076 [INFO] WiFi is working.
2025-08-20 19:16:30,101 [INFO] WiFi is working.
2025-08-20 19:16:46,127 [INFO] WiFi is working.
2025-08-20 19:17:02,151 [INFO] WiFi is working.
2025-08-20 19:17:18,176 [INFO] WiFi is working.
2025-08-20 19:17:34,200 [INFO] WiFi is working.
2025-08-20 19:17:50,220 [INFO] WiFi is working.
2025-08-20 19:18:06,245 [INFO] WiFi is working.
2025-08-20 19:18:22,268 [INFO] WiFi is working.
2025-08-20 19:18:38,295 [INFO] WiFi is working.
2025-08-20 19:18:54,321 [INFO] WiFi is working.
2025-08-20 19:19:10,347 [INFO] WiFi is working.
2025-08-20 19:19:26,370 [INFO] WiFi is working.
2025-08-20 19:19:42,396 [INFO] WiFi is working.
2025-08-20 19:19:58,418 [INFO] WiFi is working.
2025-08-20 19:20:14,440 [INFO] WiFi is working.
2025-08-20 19:20:30,465 [INFO] WiFi is working.
2025-08-20 19:20:46,489 [INFO] WiFi is working.
2025-08-20 19:21:02,514 [INFO] WiFi is working.
2025-08-20 19:21:18,535 [INFO] WiFi is working.
2025-08-20 19:21:34,560 [INFO] WiFi is working.
2025-08-20 19:21:50,586 [INFO] WiFi is working.
2025-08-20 19:22:06,615 [INFO] WiFi is working.
2025-08-20 19:22:22,640 [INFO] WiFi is working.
2025-08-20 19:22:38,664 [INFO] WiFi is working.
2025-08-20 19:22:54,689 [INFO] WiFi is working.
2025-08-20 19:23:10,714 [INFO] WiFi is working.
2025-08-20 19:23:26,738 [INFO] WiFi is working.
2025-08-20 19:23:42,763 [INFO] WiFi is working.
2025-08-20 19:23:57,770 [WARNING] WiFi down!
2025-08-20 19:23:57,771 [INFO] Enabling SIM800L mobile connection...
2025-08-20 19:24:14,186 [WARNING] WiFi down!
2025-08-20 19:24:30,608 [WARNING] WiFi down!
2025-08-20 19:24:46,628 [INFO] WiFi is working.
2025-08-20 19:24:46,628 [INFO] Disabling SIM800L mobile connection...
2025-08-20 19:25:02,693 [INFO] WiFi is working.
2025-08-20 19:25:18,722 [INFO] WiFi is working.
2025-08-20 19:25:34,744 [INFO] WiFi is working.
2025-08-20 19:25:50,764 [INFO] WiFi is working.
2025-08-20 19:26:06,783 [INFO] WiFi is working.
2025-08-20 19:26:22,803 [INFO] WiFi is working.
2025-08-20 19:26:38,825 [INFO] WiFi is working.
2025-08-20 19:26:54,848 [INFO] WiFi is working.
2025-08-20 19:27:10,868 [INFO] WiFi is working.
2025-08-20 19:27:26,887 [INFO] WiFi is working.
2025-08-20 19:27:42,911 [INFO] WiFi is working.
2025-08-20 19:27:58,932 [INFO] WiFi is working.
2025-08-20 19:28:14,965 [INFO] WiFi is working.
2025-08-20 19:28:30,985 [INFO] WiFi is working.
2025-08-20 19:28:47,010 [INFO] WiFi is working.
2025-08-20 19:29:02,021 [WARNING] WiFi down!
2025-08-20 19:29:02,022 [INFO] Enabling SIM800L mobile connection...
2025-08-20 19:29:18,476 [WARNING] WiFi down!
2025-08-20 19:29:34,772 [WARNING] WiFi down!
2025-08-20 19:29:51,074 [WARNING] WiFi down!
2025-08-20 19:30:07,496 [WARNING] WiFi down!
2025-08-20 19:30:23,937 [WARNING] WiFi down!
2025-08-20 19:30:40,317 [WARNING] WiFi down!
2025-08-20 19:30:56,337 [INFO] WiFi is working.
2025-08-20 19:30:56,338 [INFO] Disabling SIM800L mobile connection...
2025-08-20 19:31:12,401 [INFO] WiFi is working.
2025-08-20 19:31:28,427 [INFO] WiFi is working.
2025-08-20 19:31:44,490 [INFO] WiFi is working.
2025-08-20 19:32:00,514 [INFO] WiFi is working.
2025-08-20 19:32:16,538 [INFO] WiFi is working.
2025-08-20 19:32:32,565 [INFO] WiFi is working.
2025-08-20 19:32:48,587 [INFO] WiFi is working.
2025-08-20 21:20:53,266 [INFO] WiFi is working.
2025-08-20 21:21:08,281 [WARNING] WiFi down!
2025-08-20 21:21:08,282 [INFO] Enabling SIM800L mobile connection...
2025-08-20 21:21:34,316 [WARNING] WiFi down!
2025-08-20 21:22:00,333 [WARNING] WiFi down!
2025-08-20 21:22:18,785 [WARNING] WiFi down!
2025-08-20 21:22:44,813 [WARNING] WiFi down!
2025-08-20 21:23:06,923 [WARNING] WiFi down!
2025-08-20 21:23:32,940 [WARNING] WiFi down!
2025-08-20 21:23:58,957 [WARNING] WiFi down!
2025-08-20 21:24:24,972 [WARNING] WiFi down!
2025-08-20 21:24:50,989 [WARNING] WiFi down!
2025-08-20 21:25:17,005 [WARNING] WiFi down!
2025-08-20 21:25:34,334 [WARNING] WiFi down!
2025-08-20 21:25:56,276 [WARNING] WiFi down!
2025-08-20 21:26:22,316 [WARNING] WiFi down!
2025-08-20 21:26:43,892 [WARNING] WiFi down!
2025-08-20 21:27:09,934 [WARNING] WiFi down!
2025-08-20 21:27:35,951 [WARNING] WiFi down!
2025-08-20 21:28:00,098 [WARNING] WiFi down!
2025-08-20 21:28:16,935 [WARNING] WiFi down!
2025-08-20 21:28:37,469 [WARNING] WiFi down!
2025-08-20 21:28:58,864 [WARNING] WiFi down!
2025-08-20 21:29:14,886 [INFO] WiFi is working.
2025-08-20 21:29:14,887 [INFO] Disabling SIM800L mobile connection...
2025-08-20 21:29:31,009 [INFO] WiFi is working.
2025-08-20 21:29:47,033 [INFO] WiFi is working.
2025-08-20 21:30:03,059 [INFO] WiFi is working.
2025-08-20 21:30:19,079 [INFO] WiFi is working.
2025-08-20 21:30:35,104 [INFO] WiFi is working.
2025-08-20 21:30:51,129 [INFO] WiFi is working.
2025-08-20 21:31:07,156 [INFO] WiFi is working.
2025-08-20 21:31:23,181 [INFO] WiFi is working.
2025-08-20 21:31:39,206 [INFO] WiFi is working.
2025-08-20 21:31:55,227 [INFO] WiFi is working.
2025-08-20 21:32:11,253 [INFO] WiFi is working.
2025-08-20 21:32:27,277 [INFO] WiFi is working.
2025-08-20 21:32:43,299 [INFO] WiFi is working.
2025-08-20 21:32:59,320 [INFO] WiFi is working.
2025-08-20 21:33:15,343 [INFO] WiFi is working.
2025-08-20 21:33:31,371 [INFO] WiFi is working.
2025-08-20 21:33:47,395 [INFO] WiFi is working.
2025-08-20 21:34:03,422 [INFO] WiFi is working.
2025-08-20 21:34:19,447 [INFO] WiFi is working.
2025-08-20 21:34:35,471 [INFO] WiFi is working.
2025-08-20 21:34:51,497 [INFO] WiFi is working.
2025-08-20 21:35:07,520 [INFO] WiFi is working.
2025-08-20 21:35:23,545 [INFO] WiFi is working.
2025-08-20 21:35:39,574 [INFO] WiFi is working.
2025-08-20 21:35:55,599 [INFO] WiFi is working.
2025-08-20 21:36:11,623 [INFO] WiFi is working.
2025-08-20 21:36:27,647 [INFO] WiFi is working.
2025-08-20 21:36:43,672 [INFO] WiFi is working.
2025-08-20 21:36:59,697 [INFO] WiFi is working.
2025-08-20 21:37:15,721 [INFO] WiFi is working.
2025-08-20 21:37:31,749 [INFO] WiFi is working.
2025-08-20 21:37:47,777 [INFO] WiFi is working.
2025-08-20 21:38:03,802 [INFO] WiFi is working.
2025-08-20 21:38:19,827 [INFO] WiFi is working.
2025-08-20 21:38:35,853 [INFO] WiFi is working.
2025-08-20 21:38:51,876 [INFO] WiFi is working.
2025-08-20 21:39:07,901 [INFO] WiFi is working.
2025-08-20 21:39:23,925 [INFO] WiFi is working.
2025-08-20 21:39:39,950 [INFO] WiFi is working.
2025-08-20 21:39:55,975 [INFO] WiFi is working.
2025-08-20 21:40:11,998 [INFO] WiFi is working.
2025-08-20 21:40:28,022 [INFO] WiFi is working.
2025-08-20 21:40:44,047 [INFO] WiFi is working.
2025-08-20 21:41:00,071 [INFO] WiFi is working.
2025-08-20 21:41:16,095 [INFO] WiFi is working.
2025-08-20 21:41:32,120 [INFO] WiFi is working.
2025-08-20 21:41:48,144 [INFO] WiFi is working.
2025-08-20 21:42:04,168 [INFO] WiFi is working.
2025-08-20 21:42:20,192 [INFO] WiFi is working.
2025-08-20 21:42:36,226 [INFO] WiFi is working.
2025-08-20 21:42:52,250 [INFO] WiFi is working.
2025-08-20 21:43:08,274 [INFO] WiFi is working.
2025-08-20 21:43:24,297 [INFO] WiFi is working.
2025-08-20 21:43:40,321 [INFO] WiFi is working.
2025-08-20 21:43:56,350 [INFO] WiFi is working.
2025-08-20 21:44:12,375 [INFO] WiFi is working.
2025-08-20 21:44:28,398 [INFO] WiFi is working.
2025-08-20 21:44:44,422 [INFO] WiFi is working.
2025-08-20 21:45:00,447 [INFO] WiFi is working.
2025-08-20 21:45:16,477 [INFO] WiFi is working.
2025-08-20 21:45:32,502 [INFO] WiFi is working.
2025-08-20 21:45:48,526 [INFO] WiFi is working.
2025-08-20 21:46:04,550 [INFO] WiFi is working.
2025-08-20 21:46:20,574 [INFO] WiFi is working.
2025-08-20 21:46:36,603 [INFO] WiFi is working.
2025-08-20 21:46:52,630 [INFO] WiFi is working.
2025-08-20 21:47:08,654 [INFO] WiFi is working.
2025-08-20 21:47:24,679 [INFO] WiFi is working.
2025-08-20 21:47:40,703 [INFO] WiFi is working.
2025-08-20 21:47:56,728 [INFO] WiFi is working.
2025-08-20 21:48:12,752 [INFO] WiFi is working.
2025-08-20 21:48:28,778 [INFO] WiFi is working.
2025-08-20 21:48:44,802 [INFO] WiFi is working.
2025-08-20 21:49:00,828 [INFO] WiFi is working.
2025-08-20 21:49:16,853 [INFO] WiFi is working.
2025-08-20 21:49:32,876 [INFO] WiFi is working.
2025-08-20 21:49:48,900 [INFO] WiFi is working.
2025-08-20 21:50:04,924 [INFO] WiFi is working.
2025-08-20 21:50:20,948 [INFO] WiFi is working.
2025-08-20 21:50:36,972 [INFO] WiFi is working.
2025-08-20 21:50:52,996 [INFO] WiFi is working.
2025-08-20 21:51:09,021 [INFO] WiFi is working.
2025-08-20 21:51:25,045 [INFO] WiFi is working.
2025-08-20 21:51:41,069 [INFO] WiFi is working.
2025-08-20 21:51:57,093 [INFO] WiFi is working.
2025-08-20 21:52:13,121 [INFO] WiFi is working.
2025-08-20 21:52:29,145 [INFO] WiFi is working.
2025-08-20 21:52:45,171 [INFO] WiFi is working.
2025-08-20 21:53:01,194 [INFO] WiFi is working.
2025-08-20 21:53:17,219 [INFO] WiFi is working.
2025-08-20 21:53:33,244 [INFO] WiFi is working.
2025-08-20 21:53:49,268 [INFO] WiFi is working.
2025-08-20 21:54:05,291 [INFO] WiFi is working.
2025-08-20 21:54:21,319 [INFO] WiFi is working.
2025-08-20 21:54:37,343 [INFO] WiFi is working.
2025-08-20 21:54:53,366 [INFO] WiFi is working.
2025-08-20 21:55:09,387 [INFO] WiFi is working.
2025-08-20 21:55:25,411 [INFO] WiFi is working.
2025-08-20 21:55:41,434 [INFO] WiFi is working.
2025-08-20 21:55:57,458 [INFO] WiFi is working.
2025-08-20 21:56:13,483 [INFO] WiFi is working.
2025-08-20 21:56:29,507 [INFO] WiFi is working.
2025-08-20 21:56:45,532 [INFO] WiFi is working.
2025-08-20 21:57:01,555 [INFO] WiFi is working.
2025-08-20 21:57:17,579 [INFO] WiFi is working.
2025-08-20 21:57:33,603 [INFO] WiFi is working.
2025-08-20 21:57:49,626 [INFO] WiFi is working.
2025-08-20 21:58:05,651 [INFO] WiFi is working.
2025-08-20 21:58:21,676 [INFO] WiFi is working.
2025-08-20 21:58:37,700 [INFO] WiFi is working.
2025-08-20 21:58:53,724 [INFO] WiFi is working.
2025-08-20 21:59:09,748 [INFO] WiFi is working.
2025-08-20 21:59:25,773 [INFO] WiFi is working.
2025-08-20 21:59:41,797 [INFO] WiFi is working.
2025-08-20 21:59:57,821 [INFO] WiFi is working.
2025-08-20 22:00:13,845 [INFO] WiFi is working.
2025-08-20 22:00:29,870 [INFO] WiFi is working.
2025-08-20 22:00:45,894 [INFO] WiFi is working.
2025-08-20 22:01:01,926 [INFO] WiFi is working.
2025-08-20 22:01:17,950 [INFO] WiFi is working.
2025-08-20 22:01:33,977 [INFO] WiFi is working.
2025-08-20 22:01:50,001 [INFO] WiFi is working.
2025-08-20 22:02:06,024 [INFO] WiFi is working.
2025-08-20 22:02:22,048 [INFO] WiFi is working.
2025-08-20 22:02:38,072 [INFO] WiFi is working.
2025-08-20 22:02:54,093 [INFO] WiFi is working.
2025-08-20 22:03:10,117 [INFO] WiFi is working.
2025-08-20 22:03:26,143 [INFO] WiFi is working.
2025-08-20 22:03:42,168 [INFO] WiFi is working.
2025-08-20 22:03:58,192 [INFO] WiFi is working.
2025-08-20 22:04:14,216 [INFO] WiFi is working.
2025-08-20 22:04:30,240 [INFO] WiFi is working.
2025-08-20 22:04:46,263 [INFO] WiFi is working.
2025-08-20 22:05:02,288 [INFO] WiFi is working.
2025-08-20 22:05:18,312 [INFO] WiFi is working.
2025-08-20 22:05:34,338 [INFO] WiFi is working.
2025-08-20 22:05:50,363 [INFO] WiFi is working.
2025-08-20 22:06:06,388 [INFO] WiFi is working.
2025-08-20 22:06:22,411 [INFO] WiFi is working.
2025-08-20 22:06:38,430 [INFO] WiFi is working.
2025-08-22 19:02:40,770 [INFO] WiFi is working.
2025-08-22 19:02:56,802 [INFO] WiFi is working.
2025-08-22 19:03:12,822 [INFO] WiFi is working.
2025-08-22 19:03:28,853 [INFO] WiFi is working.
2025-08-22 19:03:43,863 [WARNING] WiFi down!
2025-08-22 19:03:43,864 [INFO] Enabling SIM800L mobile connection...
2025-08-22 19:04:00,163 [WARNING] WiFi down!
2025-08-22 19:04:16,182 [INFO] WiFi is working.
2025-08-22 19:04:16,183 [INFO] Disabling SIM800L mobile connection...
2025-08-22 19:04:32,255 [INFO] WiFi is working.
2025-08-22 19:04:48,275 [INFO] WiFi is working.
2025-08-22 19:05:04,295 [INFO] WiFi is working.
2025-08-22 19:05:20,325 [INFO] WiFi is working.
2025-08-22 19:05:36,356 [INFO] WiFi is working.
2025-08-22 19:05:52,378 [INFO] WiFi is working.
2025-08-22 19:06:08,404 [INFO] WiFi is working.
2025-08-22 19:06:24,437 [INFO] WiFi is working.
2025-08-22 19:06:40,459 [INFO] WiFi is working.
2025-08-22 19:06:57,384 [INFO] WiFi is working.
2025-08-22 19:07:26,659 [INFO] WiFi is working.
2025-08-22 19:07:42,684 [INFO] WiFi is working.
2025-08-22 19:08:13,831 [INFO] WiFi is working.
2025-08-22 19:08:29,853 [INFO] WiFi is working.
2025-08-22 19:08:45,882 [INFO] WiFi is working.
2025-08-22 19:09:01,905 [INFO] WiFi is working.
2025-08-22 19:09:17,932 [INFO] WiFi is working.
2025-08-22 19:09:33,967 [INFO] WiFi is working.
2025-08-22 19:09:49,987 [INFO] WiFi is working.
2025-08-22 19:10:06,005 [INFO] WiFi is working.
2025-08-22 19:10:22,036 [INFO] WiFi is working.
2025-08-22 19:10:38,070 [INFO] WiFi is working.
2025-08-22 19:10:54,089 [INFO] WiFi is working.
2025-08-22 19:11:10,109 [INFO] WiFi is working.
2025-08-22 19:11:26,130 [INFO] WiFi is working.
2025-08-22 19:11:42,152 [INFO] WiFi is working.
2025-08-22 19:11:58,175 [INFO] WiFi is working.
2025-08-22 19:12:14,198 [INFO] WiFi is working.
2025-08-22 19:12:30,217 [INFO] WiFi is working.
2025-08-22 19:12:46,237 [INFO] WiFi is working.
2025-08-22 19:13:02,259 [INFO] WiFi is working.
2025-08-22 19:13:18,279 [INFO] WiFi is working.
2025-08-22 19:13:34,309 [INFO] WiFi is working.
2025-08-22 19:13:50,343 [INFO] WiFi is working.
2025-08-22 19:14:06,361 [INFO] WiFi is working.
2025-08-22 19:14:22,375 [INFO] WiFi is working.
2025-08-22 19:14:38,393 [INFO] WiFi is working.
2025-08-22 19:14:54,429 [INFO] WiFi is working.
2025-08-22 19:15:10,453 [INFO] WiFi is working.
2025-08-22 19:15:26,475 [INFO] WiFi is working.
2025-08-22 19:15:42,498 [INFO] WiFi is working.
2025-08-22 19:15:58,528 [INFO] WiFi is working.
2025-08-22 19:16:14,552 [INFO] WiFi is working.
2025-08-22 19:16:30,575 [INFO] WiFi is working.
2025-08-22 19:16:46,606 [INFO] WiFi is working.
2025-08-22 19:17:02,640 [INFO] WiFi is working.
2025-08-22 19:17:18,662 [INFO] WiFi is working.
2025-08-22 19:17:34,683 [INFO] WiFi is working.
2025-08-22 19:17:50,719 [INFO] WiFi is working.
2025-08-22 19:18:06,741 [INFO] WiFi is working.
2025-08-22 19:18:22,768 [INFO] WiFi is working.
2025-08-22 19:18:38,799 [INFO] WiFi is working.
2025-08-22 19:18:54,822 [INFO] WiFi is working.
2025-08-22 19:19:10,850 [INFO] WiFi is working.
2025-08-22 19:19:26,869 [INFO] WiFi is working.
2025-08-22 19:19:42,898 [INFO] WiFi is working.
2025-08-22 19:19:58,931 [INFO] WiFi is working.
2025-08-22 19:20:14,954 [INFO] WiFi is working.
2025-08-22 19:20:30,980 [INFO] WiFi is working.
2025-08-22 19:20:47,000 [INFO] WiFi is working.
2025-08-22 19:21:03,022 [INFO] WiFi is working.
2025-08-22 19:21:19,045 [INFO] WiFi is working.
2025-08-22 19:21:35,068 [INFO] WiFi is working.
2025-08-22 19:21:51,097 [INFO] WiFi is working.
2025-08-22 19:22:07,129 [INFO] WiFi is working.
2025-08-22 19:22:23,163 [INFO] WiFi is working.
2025-08-22 19:22:39,185 [INFO] WiFi is working.
2025-08-22 19:22:55,213 [INFO] WiFi is working.
2025-08-22 19:23:11,236 [INFO] WiFi is working.
2025-08-22 19:23:27,259 [INFO] WiFi is working.
2025-08-22 19:23:43,282 [INFO] WiFi is working.
2025-08-22 19:23:59,313 [INFO] WiFi is working.
2025-08-22 19:24:15,346 [INFO] WiFi is working.
2025-08-22 19:24:31,421 [INFO] WiFi is working.
2025-08-22 19:24:47,444 [INFO] WiFi is working.
2025-08-22 19:25:03,477 [INFO] WiFi is working.
2025-08-22 19:25:19,512 [INFO] WiFi is working.
2025-08-22 19:25:35,544 [INFO] WiFi is working.
2025-08-22 19:25:51,576 [INFO] WiFi is working.
2025-08-22 19:26:07,598 [INFO] WiFi is working.
2025-08-22 19:26:23,625 [INFO] WiFi is working.
2025-08-22 19:26:39,657 [INFO] WiFi is working.
2025-08-22 19:26:55,694 [INFO] WiFi is working.
2025-08-22 19:27:11,712 [INFO] WiFi is working.
2025-08-22 19:27:27,737 [INFO] WiFi is working.
2025-08-22 19:27:43,773 [INFO] WiFi is working.
2025-08-22 19:27:59,796 [INFO] WiFi is working.
2025-08-22 19:28:15,827 [INFO] WiFi is working.
2025-08-22 19:28:31,850 [INFO] WiFi is working.
2025-08-22 19:28:47,870 [INFO] WiFi is working.
2025-08-22 19:29:03,893 [INFO] WiFi is working.
2025-08-22 19:29:19,921 [INFO] WiFi is working.
2025-08-22 19:29:35,937 [INFO] WiFi is working.
2025-08-22 19:29:51,958 [INFO] WiFi is working.
2025-08-22 19:30:07,981 [INFO] WiFi is working.
2025-08-22 19:30:24,003 [INFO] WiFi is working.
2025-08-22 19:30:40,037 [INFO] WiFi is working.
2025-08-22 19:30:56,070 [INFO] WiFi is working.
2025-08-22 19:31:12,092 [INFO] WiFi is working.
2025-08-22 19:31:28,120 [INFO] WiFi is working.
2025-08-22 19:31:44,145 [INFO] WiFi is working.
2025-08-22 19:32:00,167 [INFO] WiFi is working.
2025-08-22 19:32:16,202 [INFO] WiFi is working.
2025-08-22 19:32:32,239 [INFO] WiFi is working.
2025-08-22 19:32:48,261 [INFO] WiFi is working.
2025-08-22 19:33:04,286 [INFO] WiFi is working.
2025-08-22 19:33:20,309 [INFO] WiFi is working.
2025-08-22 19:33:36,346 [INFO] WiFi is working.
2025-08-22 19:33:52,369 [INFO] WiFi is working.
2025-08-22 19:34:08,401 [INFO] WiFi is working.
2025-08-22 19:34:24,424 [INFO] WiFi is working.
2025-08-22 19:34:40,447 [INFO] WiFi is working.
2025-08-22 19:34:56,470 [INFO] WiFi is working.
2025-08-22 19:35:12,493 [INFO] WiFi is working.
2025-08-22 19:35:28,516 [INFO] WiFi is working.
2025-08-22 19:35:44,537 [INFO] WiFi is working.
2025-08-22 19:36:00,567 [INFO] WiFi is working.
2025-08-22 19:36:16,601 [INFO] WiFi is working.
2025-08-22 19:36:32,623 [INFO] WiFi is working.
2025-08-22 19:36:48,646 [INFO] WiFi is working.
2025-08-22 19:37:04,668 [INFO] WiFi is working.
2025-08-22 19:37:20,699 [INFO] WiFi is working.
2025-08-22 19:37:36,722 [INFO] WiFi is working.
2025-08-22 19:37:52,750 [INFO] WiFi is working.
2025-08-22 19:38:08,783 [INFO] WiFi is working.
2025-08-22 19:38:24,817 [INFO] WiFi is working.
2025-08-22 19:38:40,839 [INFO] WiFi is working.
2025-08-22 19:38:56,863 [INFO] WiFi is working.
2025-08-22 19:39:12,886 [INFO] WiFi is working.
2025-08-22 19:39:28,907 [INFO] WiFi is working.
2025-08-22 19:39:44,931 [INFO] WiFi is working.
2025-08-22 19:40:00,954 [INFO] WiFi is working.
2025-08-22 19:40:16,971 [INFO] WiFi is working.
2025-08-22 19:40:32,993 [INFO] WiFi is working.
2025-08-22 19:40:49,016 [INFO] WiFi is working.
2025-08-22 19:41:05,049 [INFO] WiFi is working.
2025-08-22 19:41:21,082 [INFO] WiFi is working.
2025-08-22 19:41:37,105 [INFO] WiFi is working.
2025-08-22 19:41:53,131 [INFO] WiFi is working.
2025-08-22 19:42:09,154 [INFO] WiFi is working.
2025-08-22 19:42:25,177 [INFO] WiFi is working.
2025-08-22 19:42:41,200 [INFO] WiFi is working.
2025-08-22 19:42:57,231 [INFO] WiFi is working.
2025-08-22 19:43:13,254 [INFO] WiFi is working.
2025-08-22 19:43:29,277 [INFO] WiFi is working.
2025-08-22 19:43:45,299 [INFO] WiFi is working.
2025-08-22 19:44:01,350 [INFO] WiFi is working.
2025-08-22 19:44:17,372 [INFO] WiFi is working.
2025-08-22 19:44:33,395 [INFO] WiFi is working.
2025-08-22 19:44:49,430 [INFO] WiFi is working.
2025-08-22 19:45:05,452 [INFO] WiFi is working.
2025-08-22 19:45:21,475 [INFO] WiFi is working.
2025-08-22 19:45:37,497 [INFO] WiFi is working.
2025-08-22 19:45:53,519 [INFO] WiFi is working.
2025-08-22 19:46:09,546 [INFO] WiFi is working.
2025-08-22 19:46:25,579 [INFO] WiFi is working.
2025-08-22 19:46:41,613 [INFO] WiFi is working.
2025-08-22 19:46:57,635 [INFO] WiFi is working.
2025-08-22 19:47:13,662 [INFO] WiFi is working.
2025-08-22 19:47:29,684 [INFO] WiFi is working.
2025-08-22 19:47:45,703 [INFO] WiFi is working.
2025-08-22 19:48:01,726 [INFO] WiFi is working.
2025-08-22 19:48:17,748 [INFO] WiFi is working.
2025-08-22 19:48:33,771 [INFO] WiFi is working.
2025-08-22 19:48:49,794 [INFO] WiFi is working.
2025-08-22 19:49:05,833 [INFO] WiFi is working.
2025-08-22 19:49:21,862 [INFO] WiFi is working.
2025-08-22 19:49:37,884 [INFO] WiFi is working.
2025-08-22 19:49:53,907 [INFO] WiFi is working.
2025-08-22 19:50:09,944 [INFO] WiFi is working.
2025-08-22 19:50:25,999 [INFO] WiFi is working.
2025-08-22 19:50:42,027 [INFO] WiFi is working.
2025-08-22 19:50:58,064 [INFO] WiFi is working.
2025-08-22 19:51:14,093 [INFO] WiFi is working.
2025-08-22 19:51:30,116 [INFO] WiFi is working.
2025-08-22 19:51:46,149 [INFO] WiFi is working.
2025-08-22 19:52:02,179 [INFO] WiFi is working.
2025-08-22 19:52:18,210 [INFO] WiFi is working.
2025-08-22 19:52:34,234 [INFO] WiFi is working.
2025-08-22 19:52:50,257 [INFO] WiFi is working.
2025-08-22 19:53:06,278 [INFO] WiFi is working.
2025-08-22 19:53:22,301 [INFO] WiFi is working.
2025-08-22 19:53:38,323 [INFO] WiFi is working.
2025-08-22 19:53:54,345 [INFO] WiFi is working.
2025-08-22 19:54:10,373 [INFO] WiFi is working.
2025-08-22 19:54:26,396 [INFO] WiFi is working.
2025-08-22 19:54:42,419 [INFO] WiFi is working.
2025-08-22 19:54:58,442 [INFO] WiFi is working.
2025-08-22 19:55:14,465 [INFO] WiFi is working.
2025-08-22 19:55:30,487 [INFO] WiFi is working.
2025-08-22 19:55:46,509 [INFO] WiFi is working.
2025-08-22 19:56:02,532 [INFO] WiFi is working.
2025-08-22 19:56:18,554 [INFO] WiFi is working.
2025-08-22 19:56:34,577 [INFO] WiFi is working.
2025-08-22 19:56:50,600 [INFO] WiFi is working.
2025-08-22 19:57:06,626 [INFO] WiFi is working.
2025-08-22 19:57:22,650 [INFO] WiFi is working.
2025-08-22 19:57:38,673 [INFO] WiFi is working.
2025-08-22 19:57:54,707 [INFO] WiFi is working.
2025-08-22 19:58:10,740 [INFO] WiFi is working.
2025-08-22 19:58:26,763 [INFO] WiFi is working.
2025-08-22 19:58:42,785 [INFO] WiFi is working.
2025-08-22 19:58:58,808 [INFO] WiFi is working.
2025-08-22 19:59:14,831 [INFO] WiFi is working.
2025-08-22 19:59:30,853 [INFO] WiFi is working.
2025-08-22 19:59:46,891 [INFO] WiFi is working.
2025-08-22 20:00:02,913 [INFO] WiFi is working.
2025-08-22 20:00:18,941 [INFO] WiFi is working.
2025-08-22 20:00:34,972 [INFO] WiFi is working.
2025-08-22 20:00:50,995 [INFO] WiFi is working.
2025-08-22 20:01:07,025 [INFO] WiFi is working.
2025-08-22 20:01:23,052 [INFO] WiFi is working.
2025-08-22 20:01:39,090 [INFO] WiFi is working.
2025-08-22 20:01:55,113 [INFO] WiFi is working.
2025-08-22 20:02:11,135 [INFO] WiFi is working.
2025-08-22 20:02:27,157 [INFO] WiFi is working.
2025-08-22 20:02:43,179 [INFO] WiFi is working.
2025-08-22 20:02:59,203 [INFO] WiFi is working.
2025-08-22 20:03:15,227 [INFO] WiFi is working.
2025-08-22 20:03:31,250 [INFO] WiFi is working.
2025-08-22 20:03:47,272 [INFO] WiFi is working.
2025-08-22 20:04:03,306 [INFO] WiFi is working.
2025-08-22 20:04:19,326 [INFO] WiFi is working.
2025-08-22 20:04:35,348 [INFO] WiFi is working.
2025-08-22 20:04:51,370 [INFO] WiFi is working.
2025-08-22 20:05:07,406 [INFO] WiFi is working.
2025-08-22 20:05:23,439 [INFO] WiFi is working.
2025-08-22 20:05:39,474 [INFO] WiFi is working.
2025-08-22 20:05:55,507 [INFO] WiFi is working.
2025-08-22 20:06:11,530 [INFO] WiFi is working.
2025-08-22 20:06:27,553 [INFO] WiFi is working.
2025-08-22 20:06:43,575 [INFO] WiFi is working.
2025-08-22 20:06:59,599 [INFO] WiFi is working.
2025-08-22 20:07:15,621 [INFO] WiFi is working.
2025-08-22 20:07:31,643 [INFO] WiFi is working.
2025-08-22 20:07:47,673 [INFO] WiFi is working.
2025-08-22 20:08:03,705 [INFO] WiFi is working.
2025-08-22 20:08:19,728 [INFO] WiFi is working.
2025-08-22 20:08:35,750 [INFO] WiFi is working.
2025-08-22 20:08:51,773 [INFO] WiFi is working.
2025-08-22 20:09:07,796 [INFO] WiFi is working.
2025-08-22 20:09:23,819 [INFO] WiFi is working.
2025-08-22 20:09:39,841 [INFO] WiFi is working.
2025-08-22 20:09:55,870 [INFO] WiFi is working.
2025-08-22 20:10:11,892 [INFO] WiFi is working.
2025-08-22 20:10:27,915 [INFO] WiFi is working.
2025-08-22 20:10:43,938 [INFO] WiFi is working.
2025-08-22 20:10:59,960 [INFO] WiFi is working.
2025-08-22 20:11:15,982 [INFO] WiFi is working.
2025-08-22 20:11:32,005 [INFO] WiFi is working.
2025-08-22 20:11:48,027 [INFO] WiFi is working.
2025-08-22 20:12:04,050 [INFO] WiFi is working.
2025-08-22 20:12:20,073 [INFO] WiFi is working.
2025-08-22 20:12:36,121 [INFO] WiFi is working.
2025-08-22 20:12:52,143 [INFO] WiFi is working.
2025-08-22 20:13:08,166 [INFO] WiFi is working.
2025-08-22 20:13:24,189 [INFO] WiFi is working.
2025-08-22 20:13:40,211 [INFO] WiFi is working.
2025-08-22 20:13:56,245 [INFO] WiFi is working.
2025-08-22 20:14:12,269 [INFO] WiFi is working.
2025-08-22 20:14:28,303 [INFO] WiFi is working.
2025-08-22 20:14:44,336 [INFO] WiFi is working.
2025-08-22 20:15:00,359 [INFO] WiFi is working.
2025-08-22 20:15:16,410 [INFO] WiFi is working.
2025-08-22 20:15:32,433 [INFO] WiFi is working.
2025-08-22 20:15:48,469 [INFO] WiFi is working.
2025-08-22 20:16:04,492 [INFO] WiFi is working.
2025-08-22 20:16:20,514 [INFO] WiFi is working.
2025-08-22 20:16:36,570 [INFO] WiFi is working.
2025-08-22 20:16:52,600 [INFO] WiFi is working.
2025-08-22 20:17:08,623 [INFO] WiFi is working.
2025-08-22 20:17:24,646 [INFO] WiFi is working.
2025-08-22 20:17:40,669 [INFO] WiFi is working.
2025-08-22 20:17:56,699 [INFO] WiFi is working.
2025-08-22 20:18:12,721 [INFO] WiFi is working.
2025-08-22 20:18:28,747 [INFO] WiFi is working.
2025-08-22 20:18:44,770 [INFO] WiFi is working.
2025-08-22 20:19:00,789 [INFO] WiFi is working.
2025-08-22 20:19:16,811 [INFO] WiFi is working.
2025-08-22 20:19:32,834 [INFO] WiFi is working.
2025-08-22 20:19:48,861 [INFO] WiFi is working.
2025-08-22 20:20:04,883 [INFO] WiFi is working.
2025-08-22 20:20:20,905 [INFO] WiFi is working.
2025-08-22 20:20:36,927 [INFO] WiFi is working.
2025-08-22 20:20:52,950 [INFO] WiFi is working.
2025-08-22 20:21:08,975 [INFO] WiFi is working.
2025-08-22 20:21:25,008 [INFO] WiFi is working.
2025-08-22 20:21:41,031 [INFO] WiFi is working.
2025-08-22 20:21:57,054 [INFO] WiFi is working.
2025-08-22 20:22:13,092 [INFO] WiFi is working.
2025-08-22 20:22:29,114 [INFO] WiFi is working.
2025-08-22 20:22:45,139 [INFO] WiFi is working.
2025-08-22 20:23:01,162 [INFO] WiFi is working.
2025-08-22 20:23:17,181 [INFO] WiFi is working.
2025-08-22 20:23:33,205 [INFO] WiFi is working.
2025-08-22 20:23:49,223 [INFO] WiFi is working.
2025-08-22 20:24:05,245 [INFO] WiFi is working.
2025-08-22 20:24:21,267 [INFO] WiFi is working.
2025-08-22 20:24:37,303 [INFO] WiFi is working.
2025-08-22 20:24:53,336 [INFO] WiFi is working.
2025-08-22 20:25:09,371 [INFO] WiFi is working.
2025-08-22 20:25:25,402 [INFO] WiFi is working.
2025-08-22 20:25:41,426 [INFO] WiFi is working.
2025-08-22 20:25:57,448 [INFO] WiFi is working.
2025-08-22 20:26:13,483 [INFO] WiFi is working.
2025-08-22 20:26:29,506 [INFO] WiFi is working.
2025-08-22 20:26:45,529 [INFO] WiFi is working.
2025-08-22 20:27:01,552 [INFO] WiFi is working.
2025-08-22 20:27:17,575 [INFO] WiFi is working.
2025-08-22 20:27:33,597 [INFO] WiFi is working.
2025-08-22 20:27:49,620 [INFO] WiFi is working.
2025-08-22 20:28:05,643 [INFO] WiFi is working.
2025-08-22 20:28:21,665 [INFO] WiFi is working.
2025-08-22 20:28:37,698 [INFO] WiFi is working.
2025-08-22 20:28:53,721 [INFO] WiFi is working.
2025-08-22 20:29:09,744 [INFO] WiFi is working.
2025-08-22 20:29:25,767 [INFO] WiFi is working.
2025-08-22 20:29:41,797 [INFO] WiFi is working.
2025-08-22 20:29:57,819 [INFO] WiFi is working.
2025-08-22 20:30:13,842 [INFO] WiFi is working.
2025-08-22 20:30:29,879 [INFO] WiFi is working.
2025-08-22 20:30:45,902 [INFO] WiFi is working.
2025-08-22 20:31:01,924 [INFO] WiFi is working.
2025-08-22 20:31:17,946 [INFO] WiFi is working.
2025-08-22 20:31:33,970 [INFO] WiFi is working.
2025-08-22 20:31:49,993 [INFO] WiFi is working.
2025-08-22 20:32:06,015 [INFO] WiFi is working.
2025-08-22 20:32:22,037 [INFO] WiFi is working.
2025-08-22 20:32:38,060 [INFO] WiFi is working.
2025-08-22 20:32:54,083 [INFO] WiFi is working.
2025-08-22 20:33:10,107 [INFO] WiFi is working.
2025-08-22 20:33:26,129 [INFO] WiFi is working.
2025-08-22 20:33:42,151 [INFO] WiFi is working.
2025-08-22 20:33:58,174 [INFO] WiFi is working.
2025-08-22 20:34:14,205 [INFO] WiFi is working.
2025-08-22 20:34:30,228 [INFO] WiFi is working.
2025-08-22 20:34:46,277 [INFO] WiFi is working.
2025-08-22 20:35:02,300 [INFO] WiFi is working.
2025-08-22 20:35:18,324 [INFO] WiFi is working.
2025-08-22 20:35:34,346 [INFO] WiFi is working.
2025-08-22 20:35:50,369 [INFO] WiFi is working.
2025-08-22 20:36:06,418 [INFO] WiFi is working.
2025-08-22 20:36:22,439 [INFO] WiFi is working.
2025-08-22 20:36:38,474 [INFO] WiFi is working.
2025-08-22 20:36:54,507 [INFO] WiFi is working.
2025-08-22 20:37:10,531 [INFO] WiFi is working.
2025-08-22 20:37:26,571 [INFO] WiFi is working.
2025-08-22 20:37:42,594 [INFO] WiFi is working.
2025-08-22 20:37:58,623 [INFO] WiFi is working.
2025-08-22 20:38:14,645 [INFO] WiFi is working.
2025-08-22 20:38:30,668 [INFO] WiFi is working.
2025-08-22 20:38:46,691 [INFO] WiFi is working.
2025-08-22 20:39:02,721 [INFO] WiFi is working.
2025-08-22 20:39:18,743 [INFO] WiFi is working.
2025-08-22 20:39:34,767 [INFO] WiFi is working.
2025-08-22 20:39:50,790 [INFO] WiFi is working.
2025-08-22 20:40:06,813 [INFO] WiFi is working.
2025-08-22 20:40:22,836 [INFO] WiFi is working.
2025-08-22 20:40:38,859 [INFO] WiFi is working.
2025-08-22 20:40:54,882 [INFO] WiFi is working.
2025-08-22 20:41:10,901 [INFO] WiFi is working.
2025-08-22 20:41:26,937 [INFO] WiFi is working.
2025-08-22 20:41:42,959 [INFO] WiFi is working.
2025-08-22 20:41:58,981 [INFO] WiFi is working.
2025-08-22 20:42:15,005 [INFO] WiFi is working.
2025-08-22 20:42:31,027 [INFO] WiFi is working.
2025-08-22 20:42:47,049 [INFO] WiFi is working.
2025-08-22 20:43:03,075 [INFO] WiFi is working.
2025-08-22 20:43:19,098 [INFO] WiFi is working.
2025-08-22 20:43:35,136 [INFO] WiFi is working.
2025-08-22 20:43:51,159 [INFO] WiFi is working.
2025-08-22 20:44:07,182 [INFO] WiFi is working.
2025-08-22 20:44:23,205 [INFO] WiFi is working.
2025-08-22 20:44:39,227 [INFO] WiFi is working.
2025-08-22 20:44:55,250 [INFO] WiFi is working.
2025-08-22 20:45:11,274 [INFO] WiFi is working.
2025-08-22 20:45:27,296 [INFO] WiFi is working.
2025-08-22 20:45:43,318 [INFO] WiFi is working.
2025-08-22 20:45:59,341 [INFO] WiFi is working.
2025-08-22 20:46:15,366 [INFO] WiFi is working.
2025-08-22 20:46:31,384 [INFO] WiFi is working.
2025-08-22 20:46:47,416 [INFO] WiFi is working.
2025-08-22 20:47:03,450 [INFO] WiFi is working.
2025-08-22 20:47:19,482 [INFO] WiFi is working.
2025-08-22 20:47:36,491 [INFO] WiFi is working.
2025-08-22 20:47:52,509 [INFO] WiFi is working.
2025-08-22 20:48:08,531 [INFO] WiFi is working.
2025-08-22 20:48:24,564 [INFO] WiFi is working.
2025-08-22 20:48:40,585 [INFO] WiFi is working.
2025-08-22 20:48:56,622 [INFO] WiFi is working.
2025-08-22 20:49:12,647 [INFO] WiFi is working.
2025-08-22 20:49:28,682 [INFO] WiFi is working.
2025-08-22 20:49:44,705 [INFO] WiFi is working.
2025-08-22 20:50:00,729 [INFO] WiFi is working.
2025-08-22 20:50:16,764 [INFO] WiFi is working.
2025-08-22 20:50:32,787 [INFO] WiFi is working.
2025-08-22 20:50:48,825 [INFO] WiFi is working.
2025-08-22 20:51:04,849 [INFO] WiFi is working.
2025-08-22 20:51:20,867 [INFO] WiFi is working.
2025-08-22 20:51:36,886 [INFO] WiFi is working.
2025-08-22 20:51:52,914 [INFO] WiFi is working.
2025-08-22 20:52:08,938 [INFO] WiFi is working.
2025-08-22 20:52:24,962 [INFO] WiFi is working.
2025-08-22 20:52:40,983 [INFO] WiFi is working.
2025-08-22 20:52:57,006 [INFO] WiFi is working.
2025-08-22 20:53:13,029 [INFO] WiFi is working.
2025-08-22 20:53:29,051 [INFO] WiFi is working.
2025-08-22 20:53:45,073 [INFO] WiFi is working.
2025-08-22 20:54:01,096 [INFO] WiFi is working.
2025-08-22 20:54:17,128 [INFO] WiFi is working.
2025-08-22 20:54:33,162 [INFO] WiFi is working.
2025-08-22 20:54:49,184 [INFO] WiFi is working.
2025-08-22 20:55:05,210 [INFO] WiFi is working.
2025-08-22 20:55:21,233 [INFO] WiFi is working.
2025-08-22 20:55:37,261 [INFO] WiFi is working.
2025-08-22 20:55:53,284 [INFO] WiFi is working.
2025-08-22 20:56:09,309 [INFO] WiFi is working.
2025-08-22 20:56:25,343 [INFO] WiFi is working.
2025-08-22 20:56:41,367 [INFO] WiFi is working.
2025-08-22 20:56:57,393 [INFO] WiFi is working.
2025-08-22 20:57:13,415 [INFO] WiFi is working.
2025-08-22 20:57:29,441 [INFO] WiFi is working.
2025-08-22 20:57:45,476 [INFO] WiFi is working.
2025-08-22 20:58:01,499 [INFO] WiFi is working.
2025-08-22 20:58:17,524 [INFO] WiFi is working.
2025-08-22 20:58:33,547 [INFO] WiFi is working.
2025-08-22 20:58:49,571 [INFO] WiFi is working.
2025-08-22 20:59:05,609 [INFO] WiFi is working.
2025-08-22 20:59:21,630 [INFO] WiFi is working.
2025-08-22 20:59:37,653 [INFO] WiFi is working.
2025-08-22 20:59:53,674 [INFO] WiFi is working.
2025-08-22 21:00:09,697 [INFO] WiFi is working.
2025-08-22 21:00:25,723 [INFO] WiFi is working.
2025-08-22 21:00:41,747 [INFO] WiFi is working.
2025-08-22 21:00:57,774 [INFO] WiFi is working.
2025-08-22 21:01:13,807 [INFO] WiFi is working.
2025-08-22 21:01:29,839 [INFO] WiFi is working.
2025-08-22 21:01:45,862 [INFO] WiFi is working.
2025-08-22 21:02:01,885 [INFO] WiFi is working.
2025-08-22 21:02:17,904 [INFO] WiFi is working.
2025-08-22 21:02:33,939 [INFO] WiFi is working.
2025-08-22 21:02:49,963 [INFO] WiFi is working.
2025-08-22 21:03:05,989 [INFO] WiFi is working.
2025-08-22 21:03:22,012 [INFO] WiFi is working.
2025-08-22 21:03:38,039 [INFO] WiFi is working.
2025-08-22 21:03:54,071 [INFO] WiFi is working.
2025-08-22 21:04:10,106 [INFO] WiFi is working.
2025-08-22 21:04:26,138 [INFO] WiFi is working.
2025-08-22 21:04:42,173 [INFO] WiFi is working.
2025-08-22 21:04:58,204 [INFO] WiFi is working.
2025-08-22 21:05:14,225 [INFO] WiFi is working.
2025-08-22 21:05:30,248 [INFO] WiFi is working.
2025-08-22 21:05:46,272 [INFO] WiFi is working.
2025-08-22 21:06:02,291 [INFO] WiFi is working.
2025-08-22 21:06:18,320 [INFO] WiFi is working.
2025-08-22 21:06:34,334 [INFO] WiFi is working.
2025-08-22 21:06:50,354 [INFO] WiFi is working.
2025-08-22 21:07:06,386 [INFO] WiFi is working.
2025-08-22 21:07:22,408 [INFO] WiFi is working.
2025-08-22 21:07:38,437 [INFO] WiFi is working.
2025-08-22 21:07:54,468 [INFO] WiFi is working.
2025-08-22 21:08:10,503 [INFO] WiFi is working.
2025-08-22 21:08:26,519 [INFO] WiFi is working.
2025-08-22 21:08:42,553 [INFO] WiFi is working.
2025-08-22 21:08:58,585 [INFO] WiFi is working.
2025-08-22 21:09:14,604 [INFO] WiFi is working.
2025-08-22 21:09:30,623 [INFO] WiFi is working.
2025-08-22 21:09:46,661 [INFO] WiFi is working.
2025-08-22 21:10:02,679 [INFO] WiFi is working.
2025-08-22 21:10:18,700 [INFO] WiFi is working.
2025-08-22 21:10:34,723 [INFO] WiFi is working.
2025-08-22 21:10:50,750 [INFO] WiFi is working.
2025-08-22 21:11:06,780 [INFO] WiFi is working.
2025-08-22 21:11:22,802 [INFO] WiFi is working.
2025-08-22 21:11:38,833 [INFO] WiFi is working.
2025-08-22 21:11:54,857 [INFO] WiFi is working.
2025-08-22 21:12:10,882 [INFO] WiFi is working.
2025-08-22 21:12:26,909 [INFO] WiFi is working.
2025-08-22 21:12:42,927 [INFO] WiFi is working.
2025-08-22 21:12:58,950 [INFO] WiFi is working.
2025-08-22 21:13:14,983 [INFO] WiFi is working.
2025-08-22 21:13:31,000 [INFO] WiFi is working.
2025-08-22 21:13:47,021 [INFO] WiFi is working.
2025-08-22 21:14:03,042 [INFO] WiFi is working.
2025-08-22 21:14:19,063 [INFO] WiFi is working.
2025-08-22 21:14:35,088 [INFO] WiFi is working.
2025-08-22 21:14:51,115 [INFO] WiFi is working.
2025-08-22 21:15:07,148 [INFO] WiFi is working.
2025-08-22 21:15:23,181 [INFO] WiFi is working.
2025-08-22 21:15:39,198 [INFO] WiFi is working.
2025-08-22 21:15:55,229 [INFO] WiFi is working.
2025-08-22 21:16:11,264 [INFO] WiFi is working.
2025-08-22 21:16:27,284 [INFO] WiFi is working.
2025-08-22 21:16:43,301 [INFO] WiFi is working.
2025-08-22 21:16:59,320 [INFO] WiFi is working.
2025-08-22 21:17:15,341 [INFO] WiFi is working.
2025-08-22 21:17:31,367 [INFO] WiFi is working.
2025-08-22 21:17:47,396 [INFO] WiFi is working.
2025-08-22 21:18:03,429 [INFO] WiFi is working.
2025-08-22 21:18:19,447 [INFO] WiFi is working.
2025-08-22 21:18:35,463 [INFO] WiFi is working.
2025-08-22 21:18:51,480 [INFO] WiFi is working.
2025-08-22 21:19:07,504 [INFO] WiFi is working.
2025-08-22 21:19:23,527 [INFO] WiFi is working.
2025-08-22 21:19:39,561 [INFO] WiFi is working.
2025-08-22 21:19:55,577 [INFO] WiFi is working.
2025-08-22 21:20:11,614 [INFO] WiFi is working.
2025-08-22 21:20:27,659 [INFO] WiFi is working.
2025-08-22 21:20:43,695 [INFO] WiFi is working.
2025-08-22 21:20:59,712 [INFO] WiFi is working.
2025-08-22 21:21:15,743 [INFO] WiFi is working.
2025-08-22 21:21:31,765 [INFO] WiFi is working.
2025-08-22 21:21:47,794 [INFO] WiFi is working.
2025-08-22 21:22:03,817 [INFO] WiFi is working.
2025-08-22 21:22:19,842 [INFO] WiFi is working.
2025-08-22 21:22:35,874 [INFO] WiFi is working.
2025-08-22 21:22:51,909 [INFO] WiFi is working.
2025-08-22 21:23:07,927 [INFO] WiFi is working.
2025-08-22 21:23:23,947 [INFO] WiFi is working.
2025-08-22 21:23:39,975 [INFO] WiFi is working.
2025-08-22 21:23:55,992 [INFO] WiFi is working.
2025-08-22 21:24:12,017 [INFO] WiFi is working.
2025-08-22 21:24:28,037 [INFO] WiFi is working.
2025-08-22 21:24:44,057 [INFO] WiFi is working.
2025-08-22 21:25:00,092 [INFO] WiFi is working.
2025-08-22 21:25:16,112 [INFO] WiFi is working.
2025-08-22 21:25:32,140 [INFO] WiFi is working.
2025-08-22 21:25:48,155 [INFO] WiFi is working.
2025-08-22 21:26:04,175 [INFO] WiFi is working.
2025-08-22 21:26:20,206 [INFO] WiFi is working.
2025-08-22 21:26:36,241 [INFO] WiFi is working.
2025-08-22 21:26:52,273 [INFO] WiFi is working.
2025-08-22 21:27:08,291 [INFO] WiFi is working.
2025-08-22 21:27:24,307 [INFO] WiFi is working.
2025-08-22 21:27:40,339 [INFO] WiFi is working.
2025-08-22 21:27:56,359 [INFO] WiFi is working.
2025-08-22 21:28:12,377 [INFO] WiFi is working.
2025-08-22 21:28:28,398 [INFO] WiFi is working.
2025-08-22 21:28:44,415 [INFO] WiFi is working.
2025-08-22 21:29:00,439 [INFO] WiFi is working.
2025-08-22 21:29:16,467 [INFO] WiFi is working.
2025-08-22 21:29:32,490 [INFO] WiFi is working.
2025-08-22 21:29:48,511 [INFO] WiFi is working.
2025-08-22 21:30:04,534 [INFO] WiFi is working.
2025-08-22 21:30:20,571 [INFO] WiFi is working.
2025-08-22 21:30:36,594 [INFO] WiFi is working.
2025-08-22 21:30:52,617 [INFO] WiFi is working.
2025-08-22 21:31:08,654 [INFO] WiFi is working.
2025-08-22 21:31:34,672 [WARNING] WiFi down!
2025-08-22 21:31:34,673 [INFO] Enabling SIM800L mobile connection...
2025-08-22 21:31:50,704 [INFO] WiFi is working.
2025-08-22 21:31:50,704 [INFO] Disabling SIM800L mobile connection...
2025-08-22 21:31:50,764 [ERROR] Failed to stop PPP: Command '['sudo', 'poff']' returned non-zero exit status 1.
2025-08-22 21:32:06,786 [INFO] WiFi is working.
2025-08-22 21:32:22,820 [INFO] WiFi is working.
2025-08-22 21:32:38,844 [INFO] WiFi is working.
2025-08-22 21:32:54,866 [INFO] WiFi is working.
2025-08-22 21:33:10,903 [INFO] WiFi is working.
2025-08-22 21:33:27,021 [INFO] WiFi is working.
2025-08-22 21:33:43,108 [INFO] WiFi is working.
2025-08-22 21:33:59,177 [INFO] WiFi is working.
2025-08-22 21:34:15,297 [INFO] WiFi is working.
2025-08-22 21:34:31,434 [INFO] WiFi is working.
2025-08-22 21:34:47,564 [INFO] WiFi is working.
2025-08-22 21:35:03,587 [INFO] WiFi is working.
2025-08-22 21:35:19,619 [INFO] WiFi is working.
2025-08-22 21:35:35,652 [INFO] WiFi is working.
2025-08-22 21:35:51,674 [INFO] WiFi is working.
2025-08-22 21:36:07,701 [INFO] WiFi is working.
2025-08-22 21:36:23,723 [INFO] WiFi is working.
2025-08-22 21:36:39,747 [INFO] WiFi is working.
2025-08-22 21:36:55,769 [INFO] WiFi is working.
2025-08-22 21:37:11,801 [INFO] WiFi is working.
2025-08-22 21:37:27,833 [INFO] WiFi is working.
2025-08-22 21:37:43,867 [INFO] WiFi is working.
2025-08-22 21:37:59,900 [INFO] WiFi is working.
2025-08-22 21:38:15,933 [INFO] WiFi is working.
2025-08-22 21:38:31,966 [INFO] WiFi is working.
2025-08-22 21:38:47,991 [INFO] WiFi is working.
2025-08-22 21:39:04,019 [INFO] WiFi is working.
2025-08-22 21:39:20,060 [INFO] WiFi is working.
2025-08-22 21:39:36,093 [INFO] WiFi is working.
2025-08-22 21:39:52,121 [INFO] WiFi is working.
2025-08-22 21:40:08,150 [INFO] WiFi is working.
2025-08-22 21:40:24,177 [INFO] WiFi is working.
2025-08-22 21:40:40,207 [INFO] WiFi is working.
2025-08-22 21:40:56,230 [INFO] WiFi is working.
2025-08-22 21:41:12,252 [INFO] WiFi is working.
2025-08-22 21:41:28,276 [INFO] WiFi is working.
2025-08-22 21:41:44,299 [INFO] WiFi is working.
2025-08-22 21:42:00,323 [INFO] WiFi is working.
2025-08-22 21:42:16,346 [INFO] WiFi is working.
2025-08-22 21:42:32,369 [INFO] WiFi is working.
2025-08-22 21:42:48,397 [INFO] WiFi is working.
2025-08-22 21:43:14,414 [INFO] WiFi is working.
2025-08-22 21:43:30,436 [INFO] WiFi is working.
2025-08-22 21:43:46,458 [INFO] WiFi is working.
2025-08-22 21:44:02,480 [INFO] WiFi is working.
2025-08-22 21:44:18,504 [INFO] WiFi is working.
2025-08-22 21:44:34,527 [INFO] WiFi is working.
2025-08-22 21:44:50,549 [INFO] WiFi is working.
2025-08-22 21:45:06,571 [INFO] WiFi is working.
2025-08-22 21:45:32,596 [WARNING] WiFi down!
2025-08-22 21:45:32,597 [INFO] Enabling SIM800L mobile connection...
2025-08-22 21:45:48,621 [INFO] WiFi is working.
2025-08-22 21:45:48,621 [INFO] Disabling SIM800L mobile connection...
2025-08-22 21:45:48,680 [ERROR] Failed to stop PPP: Command '['sudo', 'poff']' returned non-zero exit status 1.
2025-08-22 21:46:04,703 [INFO] WiFi is working.
2025-08-22 21:46:20,725 [INFO] WiFi is working.
2025-08-22 21:46:36,748 [INFO] WiFi is working.
2025-08-22 21:46:52,770 [INFO] WiFi is working.
2025-08-22 21:47:08,792 [INFO] WiFi is working.
2025-08-22 21:47:24,814 [INFO] WiFi is working.
2025-08-22 21:47:40,837 [INFO] WiFi is working.
2025-08-22 21:47:56,860 [INFO] WiFi is working.
2025-08-22 21:48:22,894 [INFO] WiFi is working.
2025-08-22 21:48:38,916 [INFO] WiFi is working.
2025-08-22 21:48:54,938 [INFO] WiFi is working.
2025-08-22 21:49:10,961 [INFO] WiFi is working.
2025-08-22 21:49:26,984 [INFO] WiFi is working.
2025-08-22 21:49:43,007 [INFO] WiFi is working.
2025-08-22 21:49:59,029 [INFO] WiFi is working.
2025-08-22 21:50:15,059 [INFO] WiFi is working.
2025-08-22 21:50:31,080 [INFO] WiFi is working.
2025-08-22 21:50:47,113 [INFO] WiFi is working.
2025-08-22 21:51:03,135 [INFO] WiFi is working.
2025-08-22 21:51:19,158 [INFO] WiFi is working.
2025-08-22 21:51:35,180 [INFO] WiFi is working.
2025-08-22 21:51:51,202 [INFO] WiFi is working.
2025-08-22 21:52:07,230 [INFO] WiFi is working.
2025-08-22 21:52:23,253 [INFO] WiFi is working.
2025-08-22 21:52:39,281 [INFO] WiFi is working.
2025-08-22 21:52:55,304 [INFO] WiFi is working.
2025-08-22 21:53:11,326 [INFO] WiFi is working.
2025-08-22 21:53:27,353 [INFO] WiFi is working.
2025-08-22 21:53:43,375 [INFO] WiFi is working.
2025-08-22 21:53:59,406 [INFO] WiFi is working.
2025-08-22 21:54:15,437 [INFO] WiFi is working.
2025-08-22 21:54:31,459 [INFO] WiFi is working.
2025-08-22 21:54:47,486 [INFO] WiFi is working.
2025-08-22 21:55:03,508 [INFO] WiFi is working.
2025-08-22 21:55:29,518 [INFO] WiFi is working.
2025-08-22 21:55:45,540 [INFO] WiFi is working.
2025-08-22 21:56:01,563 [INFO] WiFi is working.
2025-08-22 21:56:17,586 [INFO] WiFi is working.
2025-08-22 21:56:33,608 [INFO] WiFi is working.
2025-08-22 21:56:49,631 [INFO] WiFi is working.
2025-08-22 21:57:05,653 [INFO] WiFi is working.
2025-08-22 21:57:21,675 [INFO] WiFi is working.
2025-08-22 21:57:37,697 [INFO] WiFi is working.
2025-08-22 21:57:53,720 [INFO] WiFi is working.
2025-08-22 21:58:09,744 [INFO] WiFi is working.
2025-08-22 21:58:25,767 [INFO] WiFi is working.
2025-08-22 21:58:41,789 [INFO] WiFi is working.
2025-08-22 21:58:57,812 [INFO] WiFi is working.
2025-08-22 21:59:13,836 [INFO] WiFi is working.
2025-08-22 21:59:29,861 [INFO] WiFi is working.
2025-08-22 21:59:45,883 [INFO] WiFi is working.
2025-08-22 22:00:01,905 [INFO] WiFi is working.
2025-08-22 22:00:17,928 [INFO] WiFi is working.
2025-08-22 22:00:33,951 [INFO] WiFi is working.
2025-08-22 22:00:49,976 [INFO] WiFi is working.
2025-08-22 22:01:06,010 [INFO] WiFi is working.
2025-08-22 22:01:32,046 [INFO] WiFi is working.
2025-08-22 22:01:48,068 [INFO] WiFi is working.
2025-08-22 22:02:04,099 [INFO] WiFi is working.
2025-08-22 22:02:20,122 [INFO] WiFi is working.
2025-08-22 22:02:36,142 [INFO] WiFi is working.
2025-08-22 22:02:52,166 [INFO] WiFi is working.
2025-08-22 22:03:08,187 [INFO] WiFi is working.
2025-08-22 22:03:34,222 [INFO] WiFi is working.
2025-08-22 22:03:50,245 [INFO] WiFi is working.
2025-08-22 22:04:06,281 [INFO] WiFi is working.
2025-08-22 22:04:22,303 [INFO] WiFi is working.
2025-08-22 22:04:38,326 [INFO] WiFi is working.
2025-08-22 22:04:54,347 [INFO] WiFi is working.
2025-08-22 22:05:10,370 [INFO] WiFi is working.
2025-08-22 22:05:26,398 [INFO] WiFi is working.
2025-08-22 22:05:42,421 [INFO] WiFi is working.
2025-08-22 22:05:58,445 [INFO] WiFi is working.
2025-08-22 22:06:14,468 [INFO] WiFi is working.
2025-08-22 22:06:30,493 [INFO] WiFi is working.
2025-08-22 22:06:46,515 [INFO] WiFi is working.
2025-08-22 22:07:03,524 [INFO] WiFi is working.
2025-08-22 22:07:19,546 [INFO] WiFi is working.
2025-08-22 22:07:35,568 [INFO] WiFi is working.
2025-08-22 22:07:51,590 [INFO] WiFi is working.
2025-08-22 22:08:07,613 [INFO] WiFi is working.
2025-08-22 22:08:23,636 [INFO] WiFi is working.
2025-08-22 22:08:39,664 [INFO] WiFi is working.
2025-08-22 22:08:55,699 [INFO] WiFi is working.
2025-08-22 22:09:11,747 [INFO] WiFi is working.
2025-08-22 22:09:27,775 [INFO] WiFi is working.
2025-08-22 22:09:43,809 [INFO] WiFi is working.
2025-08-22 22:09:59,830 [INFO] WiFi is working.
2025-08-22 22:10:15,852 [INFO] WiFi is working.
2025-08-22 22:10:31,875 [INFO] WiFi is working.
2025-08-22 22:10:47,953 [INFO] WiFi is working.
2025-08-22 22:11:03,976 [INFO] WiFi is working.
2025-08-22 22:11:20,002 [INFO] WiFi is working.
2025-08-22 22:11:36,024 [INFO] WiFi is working.
2025-08-22 22:11:52,051 [INFO] WiFi is working.
2025-08-22 22:12:08,073 [INFO] WiFi is working.
2025-08-22 22:12:24,095 [INFO] WiFi is working.
2025-08-22 22:12:40,117 [INFO] WiFi is working.
2025-08-22 22:12:56,138 [INFO] WiFi is working.
2025-08-22 22:13:12,160 [INFO] WiFi is working.
2025-08-22 22:13:38,190 [INFO] WiFi is working.
2025-08-22 22:13:54,212 [INFO] WiFi is working.
2025-08-22 22:14:10,235 [INFO] WiFi is working.
2025-08-22 22:14:26,274 [INFO] WiFi is working.
2025-08-22 22:14:42,297 [INFO] WiFi is working.
2025-08-22 22:14:58,319 [INFO] WiFi is working.
2025-08-22 22:15:14,343 [INFO] WiFi is working.
2025-08-22 22:15:30,365 [INFO] WiFi is working.
2025-08-22 22:15:46,387 [INFO] WiFi is working.
2025-08-22 22:16:02,410 [INFO] WiFi is working.
2025-08-22 22:16:18,436 [INFO] WiFi is working.
2025-08-22 22:16:34,458 [INFO] WiFi is working.
2025-08-22 22:16:50,481 [INFO] WiFi is working.
2025-08-22 22:17:06,503 [INFO] WiFi is working.
2025-08-22 22:17:22,526 [INFO] WiFi is working.
2025-08-22 22:17:38,549 [INFO] WiFi is working.
2025-08-22 22:17:54,589 [INFO] WiFi is working.
2025-08-22 22:18:10,611 [INFO] WiFi is working.
2025-08-22 22:18:26,635 [INFO] WiFi is working.
2025-08-22 22:18:42,657 [INFO] WiFi is working.
2025-08-22 22:18:58,680 [INFO] WiFi is working.
2025-08-22 22:19:14,702 [INFO] WiFi is working.
2025-08-22 22:19:30,725 [INFO] WiFi is working.
2025-08-22 22:19:46,748 [INFO] WiFi is working.
2025-08-22 22:20:02,771 [INFO] WiFi is working.
2025-08-22 22:20:18,793 [INFO] WiFi is working.
2025-08-22 22:20:34,815 [INFO] WiFi is working.
2025-08-22 22:20:50,838 [INFO] WiFi is working.
2025-08-22 22:21:06,860 [INFO] WiFi is working.
2025-08-22 22:21:22,882 [INFO] WiFi is working.
2025-08-22 22:21:38,905 [INFO] WiFi is working.
2025-08-22 22:21:54,928 [INFO] WiFi is working.
2025-08-22 22:22:10,954 [INFO] WiFi is working.
2025-08-22 22:22:26,977 [INFO] WiFi is working.
2025-08-22 22:22:42,998 [INFO] WiFi is working.
2025-08-22 22:22:59,020 [INFO] WiFi is working.
2025-08-22 22:23:15,043 [INFO] WiFi is working.
2025-08-22 22:23:31,065 [INFO] WiFi is working.
2025-08-22 22:23:47,088 [INFO] WiFi is working.
2025-08-22 22:24:03,111 [INFO] WiFi is working.
2025-08-22 22:24:19,149 [INFO] WiFi is working.
2025-08-22 22:24:35,170 [INFO] WiFi is working.
2025-08-22 22:24:51,193 [INFO] WiFi is working.
2025-08-22 22:25:07,215 [INFO] WiFi is working.
2025-08-22 22:25:24,224 [INFO] WiFi is working.
2025-08-22 22:25:40,247 [INFO] WiFi is working.
2025-08-22 22:25:56,281 [INFO] WiFi is working.
2025-08-22 22:26:12,299 [INFO] WiFi is working.
2025-08-22 22:26:28,320 [INFO] WiFi is working.
2025-08-22 22:26:44,340 [INFO] WiFi is working.
2025-08-22 22:27:00,363 [INFO] WiFi is working.
2025-08-22 22:27:16,385 [INFO] WiFi is working.
2025-08-22 22:27:32,408 [INFO] WiFi is working.
2025-08-22 22:27:48,446 [INFO] WiFi is working.
2025-08-22 22:28:04,479 [INFO] WiFi is working.
2025-08-22 22:28:20,522 [INFO] WiFi is working.
2025-08-22 22:28:36,571 [INFO] WiFi is working.
2025-08-22 22:28:52,593 [INFO] WiFi is working.
2025-08-22 22:29:08,616 [INFO] WiFi is working.
2025-08-22 22:29:24,645 [INFO] WiFi is working.
2025-08-22 22:29:40,678 [INFO] WiFi is working.
2025-08-22 22:29:56,700 [INFO] WiFi is working.
2025-08-22 22:30:12,723 [INFO] WiFi is working.
2025-08-22 22:30:28,744 [INFO] WiFi is working.
2025-08-22 22:30:44,766 [INFO] WiFi is working.
2025-08-22 22:31:00,793 [INFO] WiFi is working.
2025-08-22 22:31:16,811 [INFO] WiFi is working.
2025-08-22 22:31:32,844 [INFO] WiFi is working.
2025-08-22 22:31:48,877 [INFO] WiFi is working.
2025-08-22 22:32:04,909 [INFO] WiFi is working.
2025-08-22 22:32:20,944 [INFO] WiFi is working.
2025-08-22 22:32:36,976 [INFO] WiFi is working.
2025-08-22 22:32:52,998 [INFO] WiFi is working.
2025-08-22 22:33:09,026 [INFO] WiFi is working.
2025-08-22 22:33:25,049 [INFO] WiFi is working.
2025-08-22 22:33:41,076 [INFO] WiFi is working.
2025-08-22 22:33:57,099 [INFO] WiFi is working.
2025-08-22 22:34:13,124 [INFO] WiFi is working.
2025-08-22 22:34:29,159 [INFO] WiFi is working.
2025-08-22 22:34:45,192 [INFO] WiFi is working.
2025-08-22 22:35:01,214 [INFO] WiFi is working.
2025-08-22 22:35:17,237 [INFO] WiFi is working.
2025-08-22 22:35:33,260 [INFO] WiFi is working.
2025-08-22 22:35:49,287 [INFO] WiFi is working.
2025-08-22 22:36:05,309 [INFO] WiFi is working.
2025-08-22 22:36:21,332 [INFO] WiFi is working.
2025-08-22 22:36:37,352 [INFO] WiFi is working.
2025-08-22 22:36:53,375 [INFO] WiFi is working.
2025-08-22 22:37:09,409 [INFO] WiFi is working.
2025-08-22 22:37:25,707 [INFO] WiFi is working.
2025-08-22 22:37:41,729 [INFO] WiFi is working.
2025-08-22 22:37:57,763 [INFO] WiFi is working.
2025-08-22 22:38:13,790 [INFO] WiFi is working.
2025-08-22 22:38:29,813 [INFO] WiFi is working.
2025-08-22 22:38:45,835 [INFO] WiFi is working.
2025-08-22 22:39:01,853 [INFO] WiFi is working.
2025-08-22 22:39:17,875 [INFO] WiFi is working.
2025-08-22 22:39:33,896 [INFO] WiFi is working.
2025-08-22 22:39:49,920 [INFO] WiFi is working.
2025-08-22 22:40:05,942 [INFO] WiFi is working.
2025-08-22 22:40:21,964 [INFO] WiFi is working.
2025-08-22 22:40:37,991 [INFO] WiFi is working.
2025-08-22 22:40:54,014 [INFO] WiFi is working.
2025-08-22 22:41:10,036 [INFO] WiFi is working.
2025-08-22 22:41:26,073 [INFO] WiFi is working.
2025-08-22 22:41:42,096 [INFO] WiFi is working.
2025-08-22 22:41:58,119 [INFO] WiFi is working.
2025-08-22 22:42:14,141 [INFO] WiFi is working.
2025-08-22 22:42:30,172 [INFO] WiFi is working.
2025-08-22 22:42:46,207 [INFO] WiFi is working.
2025-08-22 22:43:02,240 [INFO] WiFi is working.
2025-08-22 22:43:18,259 [INFO] WiFi is working.
2025-08-22 22:43:34,282 [INFO] WiFi is working.
2025-08-22 22:43:50,306 [INFO] WiFi is working.
2025-08-22 22:44:06,339 [INFO] WiFi is working.
2025-08-22 22:44:28,575 [INFO] WiFi is working.
2025-08-22 22:44:44,604 [INFO] WiFi is working.
2025-08-22 22:45:00,647 [INFO] WiFi is working.
2025-08-24 20:56:49,351 [INFO] WiFi is working.
2025-08-24 20:57:05,378 [INFO] WiFi is working.
2025-08-24 20:57:21,400 [INFO] WiFi is working.
2025-08-24 20:57:37,423 [INFO] WiFi is working.
2025-08-24 20:57:53,454 [INFO] WiFi is working.
2025-08-24 20:58:09,473 [INFO] WiFi is working.
2025-08-24 20:58:25,494 [INFO] WiFi is working.
2025-08-24 20:58:41,524 [INFO] WiFi is working.
2025-08-24 20:58:57,548 [INFO] WiFi is working.
2025-08-24 20:59:13,597 [INFO] WiFi is working.
2025-08-24 20:59:29,622 [INFO] WiFi is working.
2025-08-24 20:59:45,646 [INFO] WiFi is working.
2025-08-24 21:00:01,669 [INFO] WiFi is working.
2025-08-24 21:00:17,691 [INFO] WiFi is working.
2025-08-24 21:00:33,744 [INFO] WiFi is working.
2025-08-24 21:00:49,767 [INFO] WiFi is working.
2025-08-24 21:01:05,790 [INFO] WiFi is working.
2025-08-24 21:01:21,816 [INFO] WiFi is working.
2025-08-24 21:01:37,848 [INFO] WiFi is working.
2025-08-24 21:01:53,893 [INFO] WiFi is working.
2025-08-24 21:02:09,911 [INFO] WiFi is working.
2025-08-24 21:02:25,958 [INFO] WiFi is working.
2025-08-24 21:02:41,980 [INFO] WiFi is working.
2025-08-24 21:02:58,010 [INFO] WiFi is working.
2025-08-24 21:03:14,030 [INFO] WiFi is working.
2025-08-24 21:03:30,063 [INFO] WiFi is working.
2025-08-24 21:03:46,102 [INFO] WiFi is working.
2025-08-24 21:04:02,127 [INFO] WiFi is working.
2025-08-24 21:04:18,150 [INFO] WiFi is working.
2025-08-24 21:04:34,180 [INFO] WiFi is working.
2025-08-24 21:04:50,203 [INFO] WiFi is working.
2025-08-24 21:05:06,230 [INFO] WiFi is working.
2025-08-24 21:05:22,252 [INFO] WiFi is working.
2025-08-24 21:05:38,276 [INFO] WiFi is working.
2025-08-24 21:05:54,299 [INFO] WiFi is working.
2025-08-24 21:06:10,330 [INFO] WiFi is working.
2025-08-24 21:06:26,354 [INFO] WiFi is working.
2025-08-24 21:06:42,390 [INFO] WiFi is working.
2025-08-24 21:06:58,413 [INFO] WiFi is working.
2025-08-24 21:07:14,446 [INFO] WiFi is working.
2025-08-24 21:07:30,469 [INFO] WiFi is working.
2025-08-24 21:07:46,497 [INFO] WiFi is working.
2025-08-24 21:08:02,529 [INFO] WiFi is working.
2025-08-24 21:08:18,563 [INFO] WiFi is working.
2025-08-24 21:08:34,586 [INFO] WiFi is working.
2025-08-24 21:08:50,614 [INFO] WiFi is working.
2025-08-24 21:09:06,637 [INFO] WiFi is working.
2025-08-24 21:09:22,664 [INFO] WiFi is working.
2025-08-24 21:09:38,687 [INFO] WiFi is working.
2025-08-24 21:09:54,714 [INFO] WiFi is working.
2025-08-24 21:10:10,744 [INFO] WiFi is working.
2025-08-24 21:10:26,768 [INFO] WiFi is working.
2025-08-24 21:10:43,778 [INFO] WiFi is working.
2025-08-24 21:10:59,800 [INFO] WiFi is working.
2025-08-24 21:11:15,828 [INFO] WiFi is working.
2025-08-24 21:11:31,852 [INFO] WiFi is working.
2025-08-24 21:11:47,879 [INFO] WiFi is working.
2025-08-24 21:12:03,902 [INFO] WiFi is working.
2025-08-24 21:12:19,926 [INFO] WiFi is working.
2025-08-24 21:12:35,950 [INFO] WiFi is working.
2025-08-24 21:12:51,982 [INFO] WiFi is working.
2025-08-24 21:13:08,005 [INFO] WiFi is working.
2025-08-24 21:13:24,029 [INFO] WiFi is working.
2025-08-24 21:13:40,052 [INFO] WiFi is working.
2025-08-24 21:13:56,081 [INFO] WiFi is working.
2025-08-24 21:14:12,104 [INFO] WiFi is working.
2025-08-24 21:14:28,181 [INFO] WiFi is working.
2025-08-24 21:14:44,203 [INFO] WiFi is working.
2025-08-24 21:15:00,226 [INFO] WiFi is working.
2025-08-24 21:15:16,249 [INFO] WiFi is working.
2025-08-24 21:15:32,273 [INFO] WiFi is working.
2025-08-24 21:15:48,295 [INFO] WiFi is working.
2025-08-24 21:16:04,323 [INFO] WiFi is working.
2025-08-24 21:16:20,345 [INFO] WiFi is working.
2025-08-24 21:16:36,368 [INFO] WiFi is working.
2025-08-24 21:16:52,392 [INFO] WiFi is working.
2025-08-24 21:17:08,415 [INFO] WiFi is working.
2025-08-24 21:17:24,438 [INFO] WiFi is working.
2025-08-24 21:17:40,460 [INFO] WiFi is working.
2025-08-24 21:17:56,484 [INFO] WiFi is working.
2025-08-24 21:18:12,507 [INFO] WiFi is working.
2025-08-24 21:18:28,532 [INFO] WiFi is working.
2025-08-24 21:18:44,557 [INFO] WiFi is working.
2025-08-24 21:19:00,581 [INFO] WiFi is working.
2025-08-24 21:19:16,606 [INFO] WiFi is working.
2025-08-24 21:19:32,629 [INFO] WiFi is working.
2025-08-24 21:19:48,653 [INFO] WiFi is working.
2025-08-24 21:20:04,675 [INFO] WiFi is working.
2025-08-24 21:20:20,696 [INFO] WiFi is working.
2025-08-24 21:20:36,728 [INFO] WiFi is working.
2025-08-24 21:20:52,751 [INFO] WiFi is working.
2025-08-24 21:21:08,774 [INFO] WiFi is working.
2025-08-24 21:21:24,799 [INFO] WiFi is working.
2025-08-24 21:21:40,823 [INFO] WiFi is working.
2025-08-24 21:21:56,845 [INFO] WiFi is working.
2025-08-24 21:22:12,869 [INFO] WiFi is working.
2025-08-24 21:22:28,895 [INFO] WiFi is working.
2025-08-24 21:22:44,919 [INFO] WiFi is working.
2025-08-24 21:23:00,942 [INFO] WiFi is working.
2025-08-24 21:23:16,967 [INFO] WiFi is working.
2025-08-24 21:23:32,990 [INFO] WiFi is working.
2025-08-24 21:23:49,018 [INFO] WiFi is working.
2025-08-24 21:24:05,042 [INFO] WiFi is working.
2025-08-24 21:24:21,067 [INFO] WiFi is working.
2025-08-24 21:24:37,089 [INFO] WiFi is working.
2025-08-24 21:24:53,112 [INFO] WiFi is working.
2025-08-24 21:25:09,135 [INFO] WiFi is working.
2025-08-24 21:25:25,158 [INFO] WiFi is working.
2025-08-24 21:25:41,181 [INFO] WiFi is working.
2025-08-24 21:25:57,204 [INFO] WiFi is working.
2025-08-24 21:26:13,227 [INFO] WiFi is working.
2025-08-24 21:26:29,249 [INFO] WiFi is working.
2025-08-24 21:26:45,278 [INFO] WiFi is working.
2025-08-24 21:27:01,305 [INFO] WiFi is working.
2025-08-24 21:27:17,336 [INFO] WiFi is working.
2025-08-24 21:27:33,360 [INFO] WiFi is working.
2025-08-24 21:27:49,383 [INFO] WiFi is working.
2025-08-24 21:28:05,420 [INFO] WiFi is working.
2025-08-24 21:28:21,442 [INFO] WiFi is working.
2025-08-24 21:28:37,465 [INFO] WiFi is working.
2025-08-24 21:28:53,494 [INFO] WiFi is working.
2025-08-24 21:29:09,531 [INFO] WiFi is working.
2025-08-24 21:29:25,559 [INFO] WiFi is working.
2025-08-24 21:29:41,581 [INFO] WiFi is working.
2025-08-24 21:29:57,605 [INFO] WiFi is working.
2025-08-24 21:30:13,633 [INFO] WiFi is working.
2025-08-24 21:30:29,655 [INFO] WiFi is working.
2025-08-24 21:30:45,678 [INFO] WiFi is working.
2025-08-24 21:31:01,702 [INFO] WiFi is working.
2025-08-24 21:31:17,725 [INFO] WiFi is working.
2025-08-24 21:31:33,760 [INFO] WiFi is working.
2025-08-24 21:31:49,785 [INFO] WiFi is working.
2025-08-24 21:32:05,807 [INFO] WiFi is working.
2025-08-24 21:32:21,831 [INFO] WiFi is working.
2025-08-24 21:32:37,854 [INFO] WiFi is working.
2025-08-24 21:32:53,881 [INFO] WiFi is working.
2025-08-24 21:33:09,905 [INFO] WiFi is working.
2025-08-24 21:33:25,929 [INFO] WiFi is working.
2025-08-24 21:33:41,954 [INFO] WiFi is working.
2025-08-24 21:33:57,976 [INFO] WiFi is working.
2025-08-24 21:34:14,018 [INFO] WiFi is working.
2025-08-24 21:34:30,045 [INFO] WiFi is working.
2025-08-24 21:34:46,077 [INFO] WiFi is working.
2025-08-24 21:35:02,109 [INFO] WiFi is working.
2025-08-24 21:35:18,132 [INFO] WiFi is working.
2025-08-24 21:35:34,169 [INFO] WiFi is working.
2025-08-24 21:35:50,194 [INFO] WiFi is working.
2025-08-24 21:36:06,217 [INFO] WiFi is working.
2025-08-24 21:36:22,243 [INFO] WiFi is working.
2025-08-24 21:36:38,277 [INFO] WiFi is working.
2025-08-24 21:36:54,296 [INFO] WiFi is working.
2025-08-24 21:37:10,321 [INFO] WiFi is working.
2025-08-24 21:37:26,341 [INFO] WiFi is working.
2025-08-24 21:37:42,364 [INFO] WiFi is working.
2025-08-24 21:37:58,391 [INFO] WiFi is working.
2025-08-24 21:38:14,427 [INFO] WiFi is working.
2025-08-24 21:38:30,458 [INFO] WiFi is working.
2025-08-24 21:38:46,492 [INFO] WiFi is working.
2025-08-24 21:39:02,511 [INFO] WiFi is working.
2025-08-24 21:39:18,541 [INFO] WiFi is working.
2025-08-24 21:39:34,561 [INFO] WiFi is working.
2025-08-24 21:40:00,595 [INFO] WiFi is working.
2025-08-24 21:40:16,618 [INFO] WiFi is working.
2025-08-24 21:40:32,642 [INFO] WiFi is working.
2025-08-24 21:40:48,665 [INFO] WiFi is working.
2025-08-24 21:41:04,689 [INFO] WiFi is working.
2025-08-24 21:41:20,712 [INFO] WiFi is working.
2025-08-24 21:41:36,737 [INFO] WiFi is working.
2025-08-24 21:41:52,773 [INFO] WiFi is working.
2025-08-24 21:42:08,806 [INFO] WiFi is working.
2025-08-24 21:42:24,827 [INFO] WiFi is working.
2025-08-24 21:42:40,855 [INFO] WiFi is working.
2025-08-24 21:42:56,882 [INFO] WiFi is working.
2025-08-24 21:43:12,904 [INFO] WiFi is working.
2025-08-24 21:43:28,928 [INFO] WiFi is working.
2025-08-24 21:43:44,956 [INFO] WiFi is working.
2025-08-24 21:44:00,991 [INFO] WiFi is working.
2025-08-24 21:44:17,010 [INFO] WiFi is working.
2025-08-24 21:44:33,033 [INFO] WiFi is working.
2025-08-24 21:44:49,053 [INFO] WiFi is working.
2025-08-24 21:45:05,087 [INFO] WiFi is working.
2025-08-24 21:45:21,122 [INFO] WiFi is working.
2025-08-24 21:45:37,149 [INFO] WiFi is working.
2025-08-24 21:45:53,175 [INFO] WiFi is working.
2025-08-24 21:46:09,199 [INFO] WiFi is working.
2025-08-24 21:46:25,221 [INFO] WiFi is working.
2025-08-24 21:46:41,248 [INFO] WiFi is working.
2025-08-24 21:46:57,266 [INFO] WiFi is working.
2025-08-24 21:47:13,306 [INFO] WiFi is working.
2025-08-24 21:47:29,327 [INFO] WiFi is working.
2025-08-24 21:47:45,352 [INFO] WiFi is working.
2025-08-24 21:48:01,376 [INFO] WiFi is working.
2025-08-24 21:48:17,405 [INFO] WiFi is working.
2025-08-24 21:48:33,435 [INFO] WiFi is working.
2025-08-24 21:48:49,466 [INFO] WiFi is working.
2025-08-24 21:49:05,494 [INFO] WiFi is working.
2025-08-24 21:49:21,516 [INFO] WiFi is working.
2025-08-24 21:49:37,548 [INFO] WiFi is working.
2025-08-24 21:49:53,573 [INFO] WiFi is working.
2025-08-24 21:50:09,598 [INFO] WiFi is working.
2025-08-24 21:50:25,635 [INFO] WiFi is working.
2025-08-24 21:50:41,662 [INFO] WiFi is working.
2025-08-24 21:50:57,685 [INFO] WiFi is working.
2025-08-24 21:51:13,722 [INFO] WiFi is working.
2025-08-24 21:51:29,752 [INFO] WiFi is working.
2025-08-24 21:51:45,783 [INFO] WiFi is working.
2025-08-24 21:52:01,807 [INFO] WiFi is working.
2025-08-24 21:52:17,832 [INFO] WiFi is working.
2025-08-24 21:52:33,868 [INFO] WiFi is working.
2025-08-24 21:52:49,900 [INFO] WiFi is working.
2025-08-24 21:53:05,937 [INFO] WiFi is working.
2025-08-24 21:53:21,965 [INFO] WiFi is working.
2025-08-24 21:53:37,999 [INFO] WiFi is working.
2025-08-24 21:53:54,036 [INFO] WiFi is working.
2025-08-24 21:54:10,059 [INFO] WiFi is working.
2025-08-24 21:54:26,082 [INFO] WiFi is working.
2025-08-24 21:54:42,108 [INFO] WiFi is working.
2025-08-24 21:54:58,133 [INFO] WiFi is working.
2025-08-24 21:55:14,202 [INFO] WiFi is working.
2025-08-24 21:55:30,233 [INFO] WiFi is working.
2025-08-24 21:55:46,268 [INFO] WiFi is working.
2025-08-24 21:56:12,307 [INFO] WiFi is working.
2025-08-24 21:56:28,331 [INFO] WiFi is working.
2025-08-24 21:56:45,340 [INFO] WiFi is working.
2025-08-24 21:57:01,364 [INFO] WiFi is working.
2025-08-24 21:57:17,386 [INFO] WiFi is working.
2025-08-24 21:57:33,414 [INFO] WiFi is working.
2025-08-24 21:57:49,447 [INFO] WiFi is working.
2025-08-24 21:58:05,470 [INFO] WiFi is working.
2025-08-24 21:58:21,495 [INFO] WiFi is working.
2025-08-24 21:58:37,518 [INFO] WiFi is working.
2025-08-24 21:58:53,546 [INFO] WiFi is working.
2025-08-24 21:59:09,582 [INFO] WiFi is working.
2025-08-24 21:59:25,605 [INFO] WiFi is working.
2025-08-24 21:59:41,629 [INFO] WiFi is working.
2025-08-24 21:59:57,658 [INFO] WiFi is working.
2025-08-24 22:00:13,680 [INFO] WiFi is working.
2025-08-24 22:00:29,703 [INFO] WiFi is working.
2025-08-24 22:00:45,729 [INFO] WiFi is working.
2025-08-24 22:01:01,774 [INFO] WiFi is working.
2025-08-24 22:01:17,814 [INFO] WiFi is working.
2025-08-24 22:01:33,843 [INFO] WiFi is working.
2025-08-24 22:01:49,865 [INFO] WiFi is working.
2025-08-24 22:02:05,892 [INFO] WiFi is working.
2025-08-24 22:02:21,911 [INFO] WiFi is working.
2025-08-24 22:02:37,933 [INFO] WiFi is working.
2025-08-24 22:02:53,983 [INFO] WiFi is working.
2025-08-24 22:03:10,005 [INFO] WiFi is working.
2025-08-24 22:03:26,028 [INFO] WiFi is working.
2025-08-24 22:03:42,047 [INFO] WiFi is working.
2025-08-24 22:03:58,077 [INFO] WiFi is working.
2025-08-24 22:04:14,116 [INFO] WiFi is working.
2025-08-24 22:04:30,147 [INFO] WiFi is working.
2025-08-24 22:04:46,181 [INFO] WiFi is working.
2025-08-24 22:05:02,205 [INFO] WiFi is working.
2025-08-24 22:05:18,243 [INFO] WiFi is working.
2025-08-24 22:05:34,266 [INFO] WiFi is working.
2025-08-24 22:05:50,288 [INFO] WiFi is working.
2025-08-24 22:06:06,325 [INFO] WiFi is working.
2025-08-24 22:06:22,348 [INFO] WiFi is working.
2025-08-24 22:06:38,373 [INFO] WiFi is working.
2025-08-24 22:06:54,407 [INFO] WiFi is working.
2025-08-24 22:07:10,442 [INFO] WiFi is working.
2025-08-24 22:07:26,475 [INFO] WiFi is working.
2025-08-24 22:07:42,506 [INFO] WiFi is working.
2025-08-24 22:07:58,542 [INFO] WiFi is working.
2025-08-24 22:08:14,566 [INFO] WiFi is working.
2025-08-24 22:08:30,593 [INFO] WiFi is working.
2025-08-24 22:08:46,616 [INFO] WiFi is working.
2025-08-24 22:09:02,638 [INFO] WiFi is working.
2025-08-24 22:09:18,663 [INFO] WiFi is working.
2025-08-24 22:09:34,697 [INFO] WiFi is working.
2025-08-24 22:09:50,720 [INFO] WiFi is working.
2025-08-24 22:10:06,742 [INFO] WiFi is working.
2025-08-24 22:10:22,768 [INFO] WiFi is working.
2025-08-24 22:10:38,808 [INFO] WiFi is working.
2025-08-24 22:10:54,831 [INFO] WiFi is working.
2025-08-24 22:11:10,854 [INFO] WiFi is working.
2025-08-24 22:11:26,877 [INFO] WiFi is working.
2025-08-24 22:11:42,909 [INFO] WiFi is working.
2025-08-24 22:11:58,944 [INFO] WiFi is working.
2025-08-24 22:12:14,977 [INFO] WiFi is working.
2025-08-24 22:12:31,003 [INFO] WiFi is working.
2025-08-24 22:12:47,024 [INFO] WiFi is working.
2025-08-24 22:13:03,046 [INFO] WiFi is working.
2025-08-24 22:13:19,068 [INFO] WiFi is working.
2025-08-24 22:13:35,102 [INFO] WiFi is working.
2025-08-24 22:13:51,141 [INFO] WiFi is working.
2025-08-24 22:14:07,163 [INFO] WiFi is working.
2025-08-24 22:14:23,185 [INFO] WiFi is working.
2025-08-24 22:14:39,207 [INFO] WiFi is working.
2025-08-24 22:14:55,230 [INFO] WiFi is working.
2025-08-24 22:15:11,253 [INFO] WiFi is working.
2025-08-24 22:15:27,275 [INFO] WiFi is working.
2025-08-24 22:15:43,301 [INFO] WiFi is working.
2025-08-24 22:15:59,324 [INFO] WiFi is working.
2025-08-24 22:16:15,350 [INFO] WiFi is working.
2025-08-24 22:16:31,383 [INFO] WiFi is working.
2025-08-24 22:16:47,416 [INFO] WiFi is working.
2025-08-24 22:17:03,450 [INFO] WiFi is working.
2025-08-24 22:17:19,483 [INFO] WiFi is working.
2025-08-24 22:17:35,521 [INFO] WiFi is working.
2025-08-24 22:17:51,544 [INFO] WiFi is working.
2025-08-24 22:18:07,566 [INFO] WiFi is working.
2025-08-24 22:18:23,599 [INFO] WiFi is working.
2025-08-24 22:18:39,624 [INFO] WiFi is working.
2025-08-24 22:18:55,647 [INFO] WiFi is working.
2025-08-24 22:19:11,670 [INFO] WiFi is working.
2025-08-24 22:19:27,698 [INFO] WiFi is working.
2025-08-24 22:19:43,731 [INFO] WiFi is working.
2025-08-24 22:19:59,753 [INFO] WiFi is working.
2025-08-24 22:20:15,776 [INFO] WiFi is working.
2025-08-24 22:20:31,815 [INFO] WiFi is working.
2025-08-24 22:20:47,838 [INFO] WiFi is working.
2025-08-24 22:21:03,862 [INFO] WiFi is working.
2025-08-24 22:21:19,887 [INFO] WiFi is working.
2025-08-24 22:21:35,910 [INFO] WiFi is working.
2025-08-24 22:21:51,933 [INFO] WiFi is working.
2025-08-24 22:22:07,963 [INFO] WiFi is working.
2025-08-24 22:22:23,994 [INFO] WiFi is working.
2025-08-24 22:22:40,030 [INFO] WiFi is working.
2025-08-24 22:22:56,055 [INFO] WiFi is working.
2025-08-24 22:23:12,079 [INFO] WiFi is working.
2025-08-24 22:23:28,102 [INFO] WiFi is working.
2025-08-24 22:23:44,133 [INFO] WiFi is working.
2025-08-24 22:24:00,162 [INFO] WiFi is working.
2025-08-24 22:24:16,195 [INFO] WiFi is working.
2025-08-24 22:24:32,226 [INFO] WiFi is working.
2025-08-24 22:24:48,263 [INFO] WiFi is working.
2025-08-24 22:25:04,300 [INFO] WiFi is working.
2025-08-24 22:25:20,323 [INFO] WiFi is working.
2025-08-24 22:25:36,346 [INFO] WiFi is working.
2025-08-24 22:25:52,376 [INFO] WiFi is working.
2025-08-24 22:26:08,398 [INFO] WiFi is working.
2025-08-24 22:26:24,422 [INFO] WiFi is working.
2025-08-24 22:26:40,459 [INFO] WiFi is working.
2025-08-24 22:26:56,483 [INFO] WiFi is working.
2025-08-24 22:27:12,505 [INFO] WiFi is working.
2025-08-24 22:27:28,529 [INFO] WiFi is working.
2025-08-24 22:27:44,560 [INFO] WiFi is working.
2025-08-24 22:28:00,593 [INFO] WiFi is working.
2025-08-24 22:28:16,615 [INFO] WiFi is working.
2025-08-24 22:28:32,642 [INFO] WiFi is working.
2025-08-24 22:28:48,665 [INFO] WiFi is working.
2025-08-24 22:29:04,701 [INFO] WiFi is working.
2025-08-24 22:29:20,724 [INFO] WiFi is working.
2025-08-24 22:29:36,747 [INFO] WiFi is working.
2025-08-24 22:29:52,778 [INFO] WiFi is working.
2025-08-24 22:30:08,818 [INFO] WiFi is working.
2025-08-24 22:30:24,840 [INFO] WiFi is working.
2025-08-24 22:30:40,874 [INFO] WiFi is working.
2025-08-24 22:30:56,895 [INFO] WiFi is working.
2025-08-24 22:31:12,918 [INFO] WiFi is working.
2025-08-24 22:31:28,942 [INFO] WiFi is working.
2025-08-24 22:31:44,964 [INFO] WiFi is working.
2025-08-24 22:32:00,988 [INFO] WiFi is working.
2025-08-24 22:32:17,010 [INFO] WiFi is working.
2025-08-24 22:32:33,035 [INFO] WiFi is working.
2025-08-24 22:32:49,058 [INFO] WiFi is working.
2025-08-24 22:33:05,080 [INFO] WiFi is working.
2025-08-24 22:33:21,103 [INFO] WiFi is working.
2025-08-24 22:33:37,124 [INFO] WiFi is working.
2025-08-24 22:33:53,147 [INFO] WiFi is working.
2025-08-24 22:34:09,171 [INFO] WiFi is working.
2025-08-24 22:34:25,196 [INFO] WiFi is working.
2025-08-24 22:34:41,218 [INFO] WiFi is working.
2025-08-24 22:34:57,244 [INFO] WiFi is working.
2025-08-24 22:35:13,266 [INFO] WiFi is working.
2025-08-24 22:35:29,289 [INFO] WiFi is working.
2025-08-24 22:35:45,316 [INFO] WiFi is working.
2025-08-24 22:36:11,347 [INFO] WiFi is working.
2025-08-24 22:36:27,370 [INFO] WiFi is working.
2025-08-24 22:36:43,393 [INFO] WiFi is working.
2025-08-24 22:36:59,416 [INFO] WiFi is working.
2025-08-24 22:37:15,476 [INFO] WiFi is working.
2025-08-24 22:37:31,509 [INFO] WiFi is working.
2025-08-24 22:37:47,531 [INFO] WiFi is working.
2025-08-24 22:38:03,553 [INFO] WiFi is working.
2025-08-24 22:38:20,563 [INFO] WiFi is working.
2025-08-24 22:38:36,586 [INFO] WiFi is working.
2025-08-24 22:38:52,609 [INFO] WiFi is working.
2025-08-24 22:39:08,632 [INFO] WiFi is working.
2025-08-24 22:39:24,651 [INFO] WiFi is working.
2025-08-24 22:39:40,686 [INFO] WiFi is working.
2025-08-24 22:39:56,709 [INFO] WiFi is working.
2025-08-24 22:40:12,732 [INFO] WiFi is working.
2025-08-24 22:40:28,754 [INFO] WiFi is working.
2025-08-24 22:40:44,780 [INFO] WiFi is working.
2025-08-24 22:41:00,802 [INFO] WiFi is working.
2025-08-24 22:41:16,825 [INFO] WiFi is working.
2025-08-24 22:41:32,845 [INFO] WiFi is working.
2025-08-24 22:41:48,868 [INFO] WiFi is working.
2025-08-24 22:42:04,890 [INFO] WiFi is working.
2025-08-24 22:42:20,912 [INFO] WiFi is working.
2025-08-24 22:42:36,935 [INFO] WiFi is working.
2025-08-24 22:42:52,959 [INFO] WiFi is working.
2025-08-24 22:43:08,982 [INFO] WiFi is working.
2025-08-24 22:43:25,005 [INFO] WiFi is working.
2025-08-24 22:43:41,028 [INFO] WiFi is working.
2025-08-24 22:43:57,052 [INFO] WiFi is working.
2025-08-24 22:44:13,075 [INFO] WiFi is working.
2025-08-24 22:44:29,098 [INFO] WiFi is working.
2025-08-24 22:44:45,129 [INFO] WiFi is working.
2025-08-24 22:45:01,152 [INFO] WiFi is working.
2025-08-24 22:45:17,173 [INFO] WiFi is working.
2025-08-24 22:45:33,196 [INFO] WiFi is working.
2025-08-24 22:45:49,219 [INFO] WiFi is working.
2025-08-24 22:46:05,241 [INFO] WiFi is working.
2025-08-24 22:46:21,265 [INFO] WiFi is working.
2025-08-24 22:46:37,287 [INFO] WiFi is working.
2025-08-24 22:46:53,326 [INFO] WiFi is working.
2025-08-24 22:47:09,349 [INFO] WiFi is working.
2025-08-24 22:47:25,371 [INFO] WiFi is working.
2025-08-24 22:47:41,394 [INFO] WiFi is working.
2025-08-24 22:47:57,418 [INFO] WiFi is working.
2025-08-24 22:48:13,441 [INFO] WiFi is working.
2025-08-24 22:48:29,464 [INFO] WiFi is working.
2025-08-24 22:48:45,488 [INFO] WiFi is working.
2025-08-24 22:49:01,512 [INFO] WiFi is working.
2025-08-24 22:49:17,535 [INFO] WiFi is working.
2025-08-24 22:49:33,557 [INFO] WiFi is working.
2025-08-24 22:49:49,586 [INFO] WiFi is working.
2025-08-24 22:50:05,609 [INFO] WiFi is working.
2025-08-24 22:50:21,632 [INFO] WiFi is working.
2025-08-24 22:50:37,655 [INFO] WiFi is working.
2025-08-24 22:50:53,678 [INFO] WiFi is working.
2025-08-24 22:51:09,698 [INFO] WiFi is working.
2025-08-24 22:51:25,720 [INFO] WiFi is working.
2025-08-24 22:51:41,745 [INFO] WiFi is working.
2025-08-24 22:51:57,769 [INFO] WiFi is working.
2025-08-24 22:52:13,791 [INFO] WiFi is working.
2025-08-24 22:52:29,814 [INFO] WiFi is working.
2025-08-24 22:52:46,824 [INFO] WiFi is working.
2025-08-24 22:53:02,847 [INFO] WiFi is working.
2025-08-24 22:53:18,871 [INFO] WiFi is working.
2025-08-24 22:53:34,896 [INFO] WiFi is working.
2025-08-24 22:53:50,919 [INFO] WiFi is working.
2025-08-24 22:54:06,941 [INFO] WiFi is working.
2025-08-24 22:54:22,965 [INFO] WiFi is working.
2025-08-24 22:54:38,989 [INFO] WiFi is working.
2025-08-24 22:54:55,011 [INFO] WiFi is working.
2025-08-24 22:55:11,034 [INFO] WiFi is working.
2025-08-24 22:55:27,057 [INFO] WiFi is working.
2025-08-24 22:55:43,098 [INFO] WiFi is working.
2025-08-24 22:55:59,121 [INFO] WiFi is working.
2025-08-24 22:56:15,143 [INFO] WiFi is working.
2025-08-24 22:56:31,167 [INFO] WiFi is working.
2025-08-24 22:56:47,187 [INFO] WiFi is working.
2025-08-24 22:57:03,210 [INFO] WiFi is working.
2025-08-24 22:57:19,233 [INFO] WiFi is working.
2025-08-24 22:57:35,255 [INFO] WiFi is working.
2025-08-24 22:57:51,278 [INFO] WiFi is working.
2025-08-24 22:58:07,300 [INFO] WiFi is working.
2025-08-24 22:58:23,324 [INFO] WiFi is working.
2025-08-24 22:58:39,349 [INFO] WiFi is working.
2025-08-24 22:58:55,372 [INFO] WiFi is working.
2025-08-24 22:59:11,395 [INFO] WiFi is working.
2025-08-24 22:59:27,418 [INFO] WiFi is working.
2025-08-24 22:59:43,441 [INFO] WiFi is working.
2025-08-24 22:59:59,465 [INFO] WiFi is working.
2025-08-24 23:00:15,487 [INFO] WiFi is working.
2025-08-24 23:00:31,511 [INFO] WiFi is working.
2025-08-24 23:00:47,533 [INFO] WiFi is working.
2025-08-24 23:01:03,556 [INFO] WiFi is working.
2025-08-24 23:01:19,578 [INFO] WiFi is working.
2025-08-24 23:01:35,602 [INFO] WiFi is working.
2025-08-24 23:01:51,624 [INFO] WiFi is working.
2025-08-24 23:02:07,646 [INFO] WiFi is working.
2025-08-24 23:02:23,669 [INFO] WiFi is working.
2025-08-24 23:02:39,692 [INFO] WiFi is working.
2025-08-24 23:02:55,716 [INFO] WiFi is working.
2025-08-24 23:03:11,739 [INFO] WiFi is working.
2025-08-24 23:03:27,765 [INFO] WiFi is working.
2025-08-24 23:03:43,786 [INFO] WiFi is working.
2025-08-24 23:03:59,808 [INFO] WiFi is working.
2025-08-24 23:04:15,830 [INFO] WiFi is working.
2025-08-24 23:04:31,867 [INFO] WiFi is working.
2025-08-24 23:04:57,907 [INFO] WiFi is working.
2025-08-24 23:05:13,929 [INFO] WiFi is working.
2025-08-24 23:05:29,955 [INFO] WiFi is working.
2025-08-24 23:05:45,990 [INFO] WiFi is working.
2025-08-24 23:06:02,012 [INFO] WiFi is working.
2025-08-24 23:06:18,035 [INFO] WiFi is working.
2025-08-24 23:06:34,062 [INFO] WiFi is working.
2025-08-24 23:06:50,086 [INFO] WiFi is working.
2025-08-24 23:07:06,108 [INFO] WiFi is working.
2025-08-24 23:07:22,130 [INFO] WiFi is working.
2025-08-24 23:07:38,155 [INFO] WiFi is working.
2025-08-24 23:07:54,178 [INFO] WiFi is working.
2025-08-24 23:08:10,200 [INFO] WiFi is working.
2025-08-24 23:08:26,223 [INFO] WiFi is working.
2025-08-24 23:08:42,253 [INFO] WiFi is working.
2025-08-24 23:08:58,276 [INFO] WiFi is working.
2025-08-24 23:09:14,298 [INFO] WiFi is working.
2025-08-24 23:09:30,321 [INFO] WiFi is working.
2025-08-24 23:09:46,357 [INFO] WiFi is working.
2025-08-24 23:10:02,380 [INFO] WiFi is working.
2025-08-24 23:10:18,402 [INFO] WiFi is working.
2025-08-24 23:10:34,425 [INFO] WiFi is working.
2025-08-24 23:10:50,448 [INFO] WiFi is working.
2025-08-24 23:11:06,473 [INFO] WiFi is working.
2025-08-24 23:11:22,495 [INFO] WiFi is working.
2025-08-24 23:11:38,517 [INFO] WiFi is working.
2025-08-24 23:11:54,545 [INFO] WiFi is working.
2025-08-24 23:12:10,568 [INFO] WiFi is working.
2025-08-24 23:12:26,591 [INFO] WiFi is working.
2025-08-24 23:12:42,613 [INFO] WiFi is working.
2025-08-24 23:12:58,636 [INFO] WiFi is working.
2025-08-24 23:13:14,678 [INFO] WiFi is working.
2025-08-24 23:13:30,701 [INFO] WiFi is working.
2025-08-24 23:13:46,725 [INFO] WiFi is working.
2025-08-24 23:14:02,747 [INFO] WiFi is working.
2025-08-24 23:14:18,770 [INFO] WiFi is working.
2025-08-24 23:14:34,802 [INFO] WiFi is working.
2025-08-24 23:14:50,826 [INFO] WiFi is working.
2025-08-24 23:15:06,848 [INFO] WiFi is working.
2025-08-24 23:15:22,871 [INFO] WiFi is working.
2025-08-24 23:15:38,895 [INFO] WiFi is working.
2025-08-24 23:15:54,914 [INFO] WiFi is working.
2025-08-24 23:16:10,938 [INFO] WiFi is working.
2025-08-24 23:16:26,965 [INFO] WiFi is working.
2025-08-24 23:16:42,988 [INFO] WiFi is working.
2025-08-24 23:16:59,011 [INFO] WiFi is working.
2025-08-24 23:17:15,038 [INFO] WiFi is working.
2025-08-24 23:17:31,063 [INFO] WiFi is working.
2025-08-24 23:17:47,085 [INFO] WiFi is working.
2025-08-24 23:18:03,110 [INFO] WiFi is working.
2025-08-24 23:18:19,137 [INFO] WiFi is working.
2025-08-24 23:18:35,161 [INFO] WiFi is working.
2025-08-24 23:18:51,183 [INFO] WiFi is working.
2025-08-24 23:19:07,210 [INFO] WiFi is working.
2025-08-24 23:19:23,234 [INFO] WiFi is working.
2025-08-24 23:19:39,257 [INFO] WiFi is working.
2025-08-24 23:19:55,282 [INFO] WiFi is working.
2025-08-24 23:20:11,304 [INFO] WiFi is working.
2025-08-24 23:20:27,323 [INFO] WiFi is working.
2025-08-24 23:20:43,348 [INFO] WiFi is working.
2025-08-24 23:20:59,371 [INFO] WiFi is working.
2025-08-24 23:21:15,395 [INFO] WiFi is working.
2025-08-24 23:21:31,418 [INFO] WiFi is working.
2025-08-24 23:21:47,441 [INFO] WiFi is working.
2025-08-24 23:22:03,468 [INFO] WiFi is working.
2025-08-24 23:22:19,490 [INFO] WiFi is working.
2025-08-24 23:22:35,513 [INFO] WiFi is working.
2025-08-24 23:22:51,540 [INFO] WiFi is working.
2025-08-24 23:23:07,563 [INFO] WiFi is working.
2025-08-24 23:23:23,586 [INFO] WiFi is working.
2025-08-24 23:23:39,608 [INFO] WiFi is working.
2025-08-24 23:23:55,632 [INFO] WiFi is working.
2025-08-24 23:24:11,654 [INFO] WiFi is working.
2025-08-24 23:24:27,681 [INFO] WiFi is working.
2025-08-24 23:24:43,703 [INFO] WiFi is working.
2025-08-24 23:24:59,725 [INFO] WiFi is working.
2025-08-24 23:25:15,751 [INFO] WiFi is working.
2025-08-24 23:25:31,775 [INFO] WiFi is working.
2025-08-24 23:25:47,797 [INFO] WiFi is working.
2025-08-24 23:26:03,820 [INFO] WiFi is working.
2025-08-24 23:26:19,844 [INFO] WiFi is working.
2025-08-24 23:26:35,866 [INFO] WiFi is working.
2025-08-24 23:26:51,889 [INFO] WiFi is working.
2025-08-24 23:27:07,912 [INFO] WiFi is working.
2025-08-24 23:27:23,935 [INFO] WiFi is working.
2025-08-24 23:27:39,954 [INFO] WiFi is working.
2025-08-24 23:27:55,977 [INFO] WiFi is working.
2025-08-24 23:28:11,999 [INFO] WiFi is working.
2025-08-24 23:28:28,017 [INFO] WiFi is working.
2025-08-24 23:28:44,040 [INFO] WiFi is working.
2025-08-24 23:29:00,061 [INFO] WiFi is working.
2025-08-24 23:29:16,084 [INFO] WiFi is working.
2025-08-24 23:29:32,107 [INFO] WiFi is working.
2025-08-24 23:29:48,130 [INFO] WiFi is working.
2025-08-24 23:30:04,152 [INFO] WiFi is working.
2025-08-24 23:30:20,184 [INFO] WiFi is working.
2025-08-24 23:30:36,207 [INFO] WiFi is working.
2025-08-24 23:30:52,229 [INFO] WiFi is working.
2025-08-24 23:31:08,257 [INFO] WiFi is working.
2025-08-24 23:31:24,283 [INFO] WiFi is working.
2025-08-24 23:31:40,305 [INFO] WiFi is working.
2025-08-24 23:31:56,330 [INFO] WiFi is working.
2025-08-24 23:32:12,348 [INFO] WiFi is working.
2025-08-24 23:32:28,371 [INFO] WiFi is working.
2025-08-24 23:32:44,396 [INFO] WiFi is working.
2025-08-24 23:33:00,420 [INFO] WiFi is working.
2025-08-24 23:33:16,443 [INFO] WiFi is working.
2025-08-24 23:33:32,468 [INFO] WiFi is working.
2025-08-24 23:33:48,489 [INFO] WiFi is working.
2025-08-24 23:34:04,517 [INFO] WiFi is working.
2025-08-24 23:34:20,541 [INFO] WiFi is working.
2025-08-24 23:34:36,567 [INFO] WiFi is working.
2025-08-24 23:34:52,589 [INFO] WiFi is working.
2025-08-24 23:35:08,613 [INFO] WiFi is working.
2025-08-24 23:35:24,635 [INFO] WiFi is working.
2025-08-24 23:35:40,658 [INFO] WiFi is working.
2025-08-24 23:35:56,681 [INFO] WiFi is working.
2025-08-24 23:36:12,706 [INFO] WiFi is working.
2025-08-24 23:36:28,728 [INFO] WiFi is working.
2025-08-24 23:36:44,766 [INFO] WiFi is working.
2025-08-24 23:37:00,807 [INFO] WiFi is working.
2025-08-24 23:37:16,830 [INFO] WiFi is working.
2025-08-24 23:37:32,853 [INFO] WiFi is working.
2025-08-24 23:37:48,875 [INFO] WiFi is working.
2025-08-24 23:38:04,905 [INFO] WiFi is working.
2025-08-24 23:38:20,928 [INFO] WiFi is working.
2025-08-24 23:38:36,950 [INFO] WiFi is working.
2025-08-24 23:38:52,988 [INFO] WiFi is working.
2025-08-24 23:39:09,012 [INFO] WiFi is working.
2025-08-24 23:39:25,040 [INFO] WiFi is working.
2025-08-24 23:39:41,072 [INFO] WiFi is working.
2025-08-24 23:39:57,095 [INFO] WiFi is working.
2025-08-24 23:40:13,119 [INFO] WiFi is working.
2025-08-24 23:40:29,141 [INFO] WiFi is working.
2025-08-24 23:40:45,164 [INFO] WiFi is working.
2025-08-24 23:41:01,186 [INFO] WiFi is working.
2025-08-24 23:41:17,208 [INFO] WiFi is working.
2025-08-24 23:41:33,231 [INFO] WiFi is working.
2025-08-24 23:41:49,254 [INFO] WiFi is working.
2025-08-24 23:42:05,277 [INFO] WiFi is working.
2025-08-24 23:42:21,300 [INFO] WiFi is working.
2025-08-24 23:42:37,326 [INFO] WiFi is working.
2025-08-24 23:42:53,348 [INFO] WiFi is working.
2025-08-24 23:43:09,379 [INFO] WiFi is working.
2025-08-24 23:43:25,401 [INFO] WiFi is working.
2025-08-24 23:43:41,424 [INFO] WiFi is working.
2025-08-24 23:43:57,444 [INFO] WiFi is working.
2025-08-24 23:44:13,467 [INFO] WiFi is working.
2025-08-24 23:44:29,490 [INFO] WiFi is working.
2025-08-24 23:44:45,513 [INFO] WiFi is working.
2025-08-24 23:45:01,536 [INFO] WiFi is working.
2025-08-24 23:45:17,559 [INFO] WiFi is working.
2025-08-24 23:45:33,580 [INFO] WiFi is working.
2025-08-24 23:45:49,604 [INFO] WiFi is working.
2025-08-24 23:46:05,627 [INFO] WiFi is working.
2025-08-24 23:46:21,650 [INFO] WiFi is working.
2025-08-24 23:46:37,672 [INFO] WiFi is working.
2025-08-24 23:46:53,694 [INFO] WiFi is working.
2025-08-24 23:47:09,718 [INFO] WiFi is working.
2025-08-24 23:47:25,739 [INFO] WiFi is working.
2025-08-24 23:47:41,762 [INFO] WiFi is working.
2025-08-24 23:47:57,785 [INFO] WiFi is working.
2025-08-24 23:48:13,808 [INFO] WiFi is working.
2025-08-24 23:48:29,832 [INFO] WiFi is working.
2025-08-24 23:48:45,855 [INFO] WiFi is working.
2025-08-24 23:49:01,877 [INFO] WiFi is working.
2025-08-24 23:49:17,901 [INFO] WiFi is working.
2025-08-24 23:49:33,923 [INFO] WiFi is working.
2025-08-24 23:49:50,932 [INFO] WiFi is working.
2025-08-24 23:50:06,955 [INFO] WiFi is working.
2025-08-24 23:50:22,988 [INFO] WiFi is working.
2025-08-24 23:50:39,012 [INFO] WiFi is working.
2025-08-24 23:50:55,037 [INFO] WiFi is working.
2025-08-24 23:51:11,060 [INFO] WiFi is working.
2025-08-24 23:51:27,082 [INFO] WiFi is working.
2025-08-24 23:51:43,104 [INFO] WiFi is working.
2025-08-24 23:51:59,127 [INFO] WiFi is working.
2025-08-24 23:52:15,161 [INFO] WiFi is working.
2025-08-24 23:52:31,184 [INFO] WiFi is working.
2025-08-24 23:52:47,207 [INFO] WiFi is working.
2025-08-24 23:53:03,230 [INFO] WiFi is working.
2025-08-24 23:53:19,252 [INFO] WiFi is working.
2025-08-24 23:53:35,275 [INFO] WiFi is working.
2025-08-24 23:53:51,298 [INFO] WiFi is working.
2025-08-24 23:54:07,320 [INFO] WiFi is working.
2025-08-24 23:54:23,342 [INFO] WiFi is working.
2025-08-24 23:54:39,364 [INFO] WiFi is working.
2025-08-24 23:54:55,388 [INFO] WiFi is working.
2025-08-24 23:55:11,411 [INFO] WiFi is working.
2025-08-24 23:55:27,435 [INFO] WiFi is working.
2025-08-24 23:55:43,458 [INFO] WiFi is working.
2025-08-24 23:55:59,481 [INFO] WiFi is working.
2025-08-24 23:56:15,503 [INFO] WiFi is working.
2025-08-24 23:56:31,526 [INFO] WiFi is working.
2025-08-24 23:56:47,545 [INFO] WiFi is working.
2025-08-24 23:57:03,568 [INFO] WiFi is working.
2025-08-24 23:57:19,591 [INFO] WiFi is working.
2025-08-24 23:57:35,615 [INFO] WiFi is working.
2025-08-24 23:57:51,638 [INFO] WiFi is working.
2025-08-24 23:58:07,662 [INFO] WiFi is working.
2025-08-24 23:58:23,685 [INFO] WiFi is working.
2025-08-24 23:58:39,708 [INFO] WiFi is working.
2025-08-24 23:58:55,732 [INFO] WiFi is working.
2025-08-24 23:59:11,758 [INFO] WiFi is working.
2025-08-24 23:59:27,782 [INFO] WiFi is working.
2025-08-24 23:59:43,806 [INFO] WiFi is working.
2025-08-24 23:59:59,828 [INFO] WiFi is working.
2025-08-25 00:00:25,843 [INFO] WiFi is working.
2025-08-25 00:00:41,866 [INFO] WiFi is working.
2025-08-25 00:00:57,888 [INFO] WiFi is working.
2025-08-25 00:01:13,911 [INFO] WiFi is working.
2025-08-25 00:01:29,933 [INFO] WiFi is working.
2025-08-25 00:01:45,981 [INFO] WiFi is working.
2025-08-25 00:02:02,000 [INFO] WiFi is working.
2025-08-25 00:02:18,022 [INFO] WiFi is working.
2025-08-25 00:02:34,046 [INFO] WiFi is working.
2025-08-25 00:02:50,070 [INFO] WiFi is working.
2025-08-25 00:03:06,092 [INFO] WiFi is working.
2025-08-25 00:03:22,126 [INFO] WiFi is working.
2025-08-25 00:03:38,149 [INFO] WiFi is working.
2025-08-25 00:03:54,172 [INFO] WiFi is working.
2025-08-25 00:04:10,193 [INFO] WiFi is working.
2025-08-25 00:04:26,216 [INFO] WiFi is working.
2025-08-25 00:04:42,239 [INFO] WiFi is working.
2025-08-25 00:04:58,262 [INFO] WiFi is working.
2025-08-25 00:05:14,284 [INFO] WiFi is working.
2025-08-25 00:05:30,306 [INFO] WiFi is working.
2025-08-25 00:05:46,328 [INFO] WiFi is working.
2025-08-25 00:06:02,350 [INFO] WiFi is working.
2025-08-25 00:06:18,380 [INFO] WiFi is working.
2025-08-25 00:06:34,402 [INFO] WiFi is working.
2025-08-25 00:06:50,425 [INFO] WiFi is working.
2025-08-25 00:07:06,448 [INFO] WiFi is working.
2025-08-25 00:07:22,470 [INFO] WiFi is working.
2025-08-25 00:07:38,493 [INFO] WiFi is working.
2025-08-25 00:07:54,516 [INFO] WiFi is working.
2025-08-25 00:08:10,539 [INFO] WiFi is working.
2025-08-25 00:08:26,563 [INFO] WiFi is working.
2025-08-25 00:08:42,583 [INFO] WiFi is working.
2025-08-25 00:08:58,606 [INFO] WiFi is working.
2025-08-25 00:09:14,629 [INFO] WiFi is working.
2025-08-25 00:09:30,651 [INFO] WiFi is working.
2025-08-25 00:09:46,675 [INFO] WiFi is working.
2025-08-25 00:10:02,703 [INFO] WiFi is working.
2025-08-25 00:10:18,724 [INFO] WiFi is working.
2025-08-25 00:10:34,746 [INFO] WiFi is working.
2025-08-25 00:10:50,772 [INFO] WiFi is working.
2025-08-25 00:11:06,796 [INFO] WiFi is working.
2025-08-25 00:11:22,819 [INFO] WiFi is working.
2025-08-25 00:11:38,850 [INFO] WiFi is working.
2025-08-25 00:11:54,873 [INFO] WiFi is working.
2025-08-25 00:12:10,895 [INFO] WiFi is working.
2025-08-25 00:12:26,918 [INFO] WiFi is working.
2025-08-25 00:12:42,941 [INFO] WiFi is working.
2025-08-25 00:12:58,963 [INFO] WiFi is working.
2025-08-25 00:13:14,986 [INFO] WiFi is working.
2025-08-25 00:13:31,008 [INFO] WiFi is working.
2025-08-25 00:13:47,032 [INFO] WiFi is working.
2025-08-25 00:14:03,055 [INFO] WiFi is working.
2025-08-25 00:14:19,078 [INFO] WiFi is working.
2025-08-25 00:14:35,120 [INFO] WiFi is working.
2025-08-25 00:14:51,143 [INFO] WiFi is working.
2025-08-25 00:15:07,166 [INFO] WiFi is working.
2025-08-25 00:15:24,175 [INFO] WiFi is working.
2025-08-25 00:15:40,198 [INFO] WiFi is working.
2025-08-25 00:15:56,220 [INFO] WiFi is working.
2025-08-25 00:16:12,243 [INFO] WiFi is working.
2025-08-25 00:16:28,266 [INFO] WiFi is working.
2025-08-25 00:16:44,288 [INFO] WiFi is working.
2025-08-25 00:17:00,308 [INFO] WiFi is working.
2025-08-25 00:17:16,330 [INFO] WiFi is working.
2025-08-25 00:17:32,353 [INFO] WiFi is working.
2025-08-25 00:17:48,377 [INFO] WiFi is working.
2025-08-25 00:18:04,399 [INFO] WiFi is working.
2025-08-25 00:18:20,422 [INFO] WiFi is working.
2025-08-25 00:18:36,445 [INFO] WiFi is working.
2025-08-25 00:18:52,468 [INFO] WiFi is working.
2025-08-25 00:19:08,490 [INFO] WiFi is working.
2025-08-25 00:19:24,530 [INFO] WiFi is working.
2025-08-25 00:19:40,552 [INFO] WiFi is working.
2025-08-25 00:19:56,585 [INFO] WiFi is working.
2025-08-25 00:20:12,605 [INFO] WiFi is working.
2025-08-25 00:20:28,627 [INFO] WiFi is working.
2025-08-25 00:20:44,655 [INFO] WiFi is working.
2025-08-25 00:21:00,678 [INFO] WiFi is working.
2025-08-25 00:21:16,700 [INFO] WiFi is working.
2025-08-25 00:21:32,721 [INFO] WiFi is working.
2025-08-25 00:21:48,743 [INFO] WiFi is working.
2025-08-25 00:22:04,765 [INFO] WiFi is working.
2025-08-25 00:22:20,787 [INFO] WiFi is working.
2025-08-25 00:22:36,811 [INFO] WiFi is working.
2025-08-25 00:22:52,833 [INFO] WiFi is working.
2025-08-25 00:23:08,855 [INFO] WiFi is working.
2025-08-25 00:23:24,879 [INFO] WiFi is working.
2025-08-25 00:23:40,901 [INFO] WiFi is working.
2025-08-25 00:24:06,931 [INFO] WiFi is working.
2025-08-25 00:24:22,960 [INFO] WiFi is working.
2025-08-25 00:24:38,983 [INFO] WiFi is working.
2025-08-25 00:24:55,005 [INFO] WiFi is working.
2025-08-25 00:25:11,029 [INFO] WiFi is working.
2025-08-25 00:25:27,052 [INFO] WiFi is working.
2025-08-25 00:25:43,075 [INFO] WiFi is working.
2025-08-25 00:25:59,098 [INFO] WiFi is working.
2025-08-25 00:26:15,119 [INFO] WiFi is working.
2025-08-25 00:26:31,142 [INFO] WiFi is working.
2025-08-25 00:26:47,165 [INFO] WiFi is working.
2025-08-25 00:27:03,188 [INFO] WiFi is working.
2025-08-25 00:27:19,211 [INFO] WiFi is working.
2025-08-25 00:27:35,259 [INFO] WiFi is working.
2025-08-25 00:27:51,282 [INFO] WiFi is working.
2025-08-25 00:28:07,304 [INFO] WiFi is working.
2025-08-25 00:28:23,327 [INFO] WiFi is working.
2025-08-25 00:28:39,350 [INFO] WiFi is working.
2025-08-25 00:28:55,389 [INFO] WiFi is working.
2025-08-25 00:29:11,412 [INFO] WiFi is working.
2025-08-25 00:29:27,435 [INFO] WiFi is working.
2025-08-25 00:29:43,457 [INFO] WiFi is working.
2025-08-25 00:29:59,480 [INFO] WiFi is working.
2025-08-25 00:30:15,507 [INFO] WiFi is working.
2025-08-25 00:30:31,533 [INFO] WiFi is working.
2025-08-25 00:30:47,555 [INFO] WiFi is working.
2025-08-25 00:31:13,587 [INFO] WiFi is working.
2025-08-25 00:31:29,611 [INFO] WiFi is working.
2025-08-25 00:31:45,650 [INFO] WiFi is working.
2025-08-25 00:32:01,673 [INFO] WiFi is working.
2025-08-25 00:32:17,696 [INFO] WiFi is working.
2025-08-25 00:32:33,717 [INFO] WiFi is working.
2025-08-25 00:32:49,739 [INFO] WiFi is working.
2025-08-25 00:33:05,763 [INFO] WiFi is working.
2025-08-25 00:33:21,795 [INFO] WiFi is working.
2025-08-25 00:33:37,816 [INFO] WiFi is working.
2025-08-25 00:33:53,842 [INFO] WiFi is working.
2025-08-25 00:34:09,864 [INFO] WiFi is working.
2025-08-25 00:34:25,887 [INFO] WiFi is working.
2025-08-25 00:34:41,909 [INFO] WiFi is working.
2025-08-25 00:34:57,931 [INFO] WiFi is working.
2025-08-25 00:35:13,954 [INFO] WiFi is working.
2025-08-25 00:35:29,977 [INFO] WiFi is working.
2025-08-25 00:35:46,000 [INFO] WiFi is working.
2025-08-25 00:36:02,023 [INFO] WiFi is working.
2025-08-25 00:36:18,045 [INFO] WiFi is working.
2025-08-25 00:36:34,069 [INFO] WiFi is working.
2025-08-25 00:36:50,092 [INFO] WiFi is working.
2025-08-25 00:37:06,114 [INFO] WiFi is working.
2025-08-25 00:37:22,133 [INFO] WiFi is working.
2025-08-25 00:37:48,147 [INFO] WiFi is working.
2025-08-25 00:38:04,169 [INFO] WiFi is working.
2025-08-25 00:38:20,192 [INFO] WiFi is working.
2025-08-25 00:38:36,214 [INFO] WiFi is working.
2025-08-25 00:38:52,237 [INFO] WiFi is working.
2025-08-25 00:39:08,260 [INFO] WiFi is working.
2025-08-25 00:39:24,283 [INFO] WiFi is working.
2025-08-25 00:39:40,325 [INFO] WiFi is working.
2025-08-25 00:39:56,348 [INFO] WiFi is working.
2025-08-25 00:40:12,371 [INFO] WiFi is working.
2025-08-25 00:40:28,393 [INFO] WiFi is working.
2025-08-25 00:40:44,416 [INFO] WiFi is working.
2025-08-25 00:41:00,438 [INFO] WiFi is working.
2025-08-25 00:41:16,461 [INFO] WiFi is working.
2025-08-25 00:41:32,485 [INFO] WiFi is working.
2025-08-25 00:41:48,508 [INFO] WiFi is working.
2025-08-25 00:42:04,530 [INFO] WiFi is working.
2025-08-25 00:42:20,552 [INFO] WiFi is working.
2025-08-25 00:42:36,575 [INFO] WiFi is working.
2025-08-25 00:42:52,599 [INFO] WiFi is working.
2025-08-25 00:43:08,621 [INFO] WiFi is working.
2025-08-25 00:43:24,644 [INFO] WiFi is working.
2025-08-25 00:43:40,667 [INFO] WiFi is working.
2025-08-25 00:43:56,690 [INFO] WiFi is working.
2025-08-25 00:44:12,713 [INFO] WiFi is working.
2025-08-25 00:44:28,735 [INFO] WiFi is working.
2025-08-25 00:44:44,758 [INFO] WiFi is working.
2025-08-25 00:45:00,780 [INFO] WiFi is working.
2025-08-25 00:45:16,803 [INFO] WiFi is working.
2025-08-25 00:45:32,825 [INFO] WiFi is working.
2025-08-25 00:45:48,847 [INFO] WiFi is working.
2025-08-25 00:46:04,870 [INFO] WiFi is working.
2025-08-25 00:46:20,890 [INFO] WiFi is working.
2025-08-25 00:46:36,927 [INFO] WiFi is working.
2025-08-25 00:46:52,949 [INFO] WiFi is working.
2025-08-25 00:47:08,973 [INFO] WiFi is working.
2025-08-25 00:47:34,995 [INFO] WiFi is working.
2025-08-25 00:47:51,018 [INFO] WiFi is working.
2025-08-25 00:48:07,041 [INFO] WiFi is working.
2025-08-25 00:48:23,065 [INFO] WiFi is working.
2025-08-25 00:48:39,088 [INFO] WiFi is working.
2025-08-25 00:48:55,110 [INFO] WiFi is working.
2025-08-25 00:49:11,132 [INFO] WiFi is working.
2025-08-25 00:49:27,156 [INFO] WiFi is working.
2025-08-25 00:49:43,180 [INFO] WiFi is working.
2025-08-25 00:49:59,203 [INFO] WiFi is working.
2025-08-25 00:50:15,226 [INFO] WiFi is working.
2025-08-25 00:50:31,248 [INFO] WiFi is working.
2025-08-25 00:50:47,271 [INFO] WiFi is working.
2025-08-25 00:51:03,293 [INFO] WiFi is working.
2025-08-25 00:51:19,315 [INFO] WiFi is working.
2025-08-25 00:51:35,337 [INFO] WiFi is working.
2025-08-25 00:51:51,361 [INFO] WiFi is working.
2025-08-25 00:52:07,383 [INFO] WiFi is working.
2025-08-25 00:52:23,407 [INFO] WiFi is working.
2025-08-25 00:52:39,427 [INFO] WiFi is working.
2025-08-25 00:52:55,450 [INFO] WiFi is working.
2025-08-25 00:53:11,472 [INFO] WiFi is working.
2025-08-25 00:53:27,504 [INFO] WiFi is working.
2025-08-25 00:53:43,528 [INFO] WiFi is working.
2025-08-25 00:53:59,551 [INFO] WiFi is working.
2025-08-25 00:54:15,587 [INFO] WiFi is working.
2025-08-25 00:54:31,609 [INFO] WiFi is working.
2025-08-25 00:54:47,634 [INFO] WiFi is working.
2025-08-25 00:55:03,656 [INFO] WiFi is working.
2025-08-25 00:55:19,678 [INFO] WiFi is working.
2025-08-25 00:55:35,710 [INFO] WiFi is working.
2025-08-25 00:55:51,735 [INFO] WiFi is working.
2025-08-25 00:56:07,758 [INFO] WiFi is working.
2025-08-25 00:56:23,782 [INFO] WiFi is working.
2025-08-25 00:56:39,804 [INFO] WiFi is working.
2025-08-25 00:56:55,834 [INFO] WiFi is working.
2025-08-25 00:57:11,858 [INFO] WiFi is working.
2025-08-25 00:57:37,875 [INFO] WiFi is working.
2025-08-25 00:57:53,898 [INFO] WiFi is working.
2025-08-25 00:58:09,919 [INFO] WiFi is working.
2025-08-25 00:58:25,945 [INFO] WiFi is working.
2025-08-25 00:58:41,979 [INFO] WiFi is working.
2025-08-25 00:59:07,987 [INFO] WiFi is working.
2025-08-25 00:59:24,009 [INFO] WiFi is working.
2025-08-25 00:59:40,031 [INFO] WiFi is working.
2025-08-25 00:59:56,055 [INFO] WiFi is working.
2025-08-25 01:00:12,078 [INFO] WiFi is working.
2025-08-25 01:00:28,101 [INFO] WiFi is working.
2025-08-25 01:00:44,125 [INFO] WiFi is working.
2025-08-25 01:01:00,148 [INFO] WiFi is working.
2025-08-25 01:01:16,171 [INFO] WiFi is working.
2025-08-25 01:01:32,194 [INFO] WiFi is working.
2025-08-25 01:01:48,220 [INFO] WiFi is working.
2025-08-25 01:02:04,243 [INFO] WiFi is working.
2025-08-25 01:02:20,268 [INFO] WiFi is working.
2025-08-25 01:02:36,291 [INFO] WiFi is working.
2025-08-25 01:02:52,313 [INFO] WiFi is working.
2025-08-25 01:03:08,339 [INFO] WiFi is working.
2025-08-25 01:03:24,364 [INFO] WiFi is working.
2025-08-25 01:03:40,387 [INFO] WiFi is working.
2025-08-25 01:04:06,419 [INFO] WiFi is working.
2025-08-25 01:04:22,443 [INFO] WiFi is working.
2025-08-25 01:04:38,466 [INFO] WiFi is working.
2025-08-25 01:04:54,493 [INFO] WiFi is working.
2025-08-25 01:05:10,517 [INFO] WiFi is working.
2025-08-25 01:05:26,541 [INFO] WiFi is working.
2025-08-25 01:05:42,566 [INFO] WiFi is working.
2025-08-25 01:05:58,588 [INFO] WiFi is working.
2025-08-25 01:06:14,611 [INFO] WiFi is working.
2025-08-25 01:06:30,636 [INFO] WiFi is working.
2025-08-25 01:06:46,677 [INFO] WiFi is working.
2025-08-25 01:07:12,691 [INFO] WiFi is working.
2025-08-25 01:07:28,718 [INFO] WiFi is working.
2025-08-25 01:07:44,742 [INFO] WiFi is working.
2025-08-25 01:08:00,763 [INFO] WiFi is working.
2025-08-25 01:08:16,785 [INFO] WiFi is working.
2025-08-25 01:08:32,808 [INFO] WiFi is working.
2025-08-25 01:08:48,831 [INFO] WiFi is working.
2025-08-25 01:09:04,854 [INFO] WiFi is working.
2025-08-25 01:09:20,874 [INFO] WiFi is working.
2025-08-25 01:09:36,913 [INFO] WiFi is working.
2025-08-25 01:09:52,935 [INFO] WiFi is working.
2025-08-25 01:10:08,962 [INFO] WiFi is working.
2025-08-25 01:10:25,971 [INFO] WiFi is working.
2025-08-25 01:10:41,994 [INFO] WiFi is working.
2025-08-25 01:10:58,021 [INFO] WiFi is working.
2025-08-25 01:11:14,044 [INFO] WiFi is working.
2025-08-25 01:11:30,066 [INFO] WiFi is working.
2025-08-25 01:11:46,093 [INFO] WiFi is working.
2025-08-25 01:12:02,115 [INFO] WiFi is working.
2025-08-25 01:12:18,138 [INFO] WiFi is working.
2025-08-25 01:12:34,161 [INFO] WiFi is working.
2025-08-25 01:12:50,184 [INFO] WiFi is working.
2025-08-25 01:13:06,206 [INFO] WiFi is working.
2025-08-25 01:13:22,229 [INFO] WiFi is working.
2025-08-25 01:13:38,254 [INFO] WiFi is working.
2025-08-25 01:13:54,277 [INFO] WiFi is working.
2025-08-25 01:14:10,299 [INFO] WiFi is working.
2025-08-25 01:14:26,322 [INFO] WiFi is working.
2025-08-25 01:14:42,344 [INFO] WiFi is working.
2025-08-25 01:14:58,368 [INFO] WiFi is working.
2025-08-25 01:15:14,392 [INFO] WiFi is working.
2025-08-25 01:15:30,424 [INFO] WiFi is working.
2025-08-25 01:15:46,447 [INFO] WiFi is working.
2025-08-25 01:16:02,470 [INFO] WiFi is working.
2025-08-25 01:16:18,492 [INFO] WiFi is working.
2025-08-25 01:16:34,517 [INFO] WiFi is working.
2025-08-25 01:16:50,540 [INFO] WiFi is working.
2025-08-25 01:17:06,563 [INFO] WiFi is working.
2025-08-25 01:17:22,585 [INFO] WiFi is working.
2025-08-25 01:17:38,609 [INFO] WiFi is working.
2025-08-25 01:17:54,645 [INFO] WiFi is working.
2025-08-25 01:18:10,668 [INFO] WiFi is working.
2025-08-25 01:18:27,677 [INFO] WiFi is working.
2025-08-25 01:18:43,699 [INFO] WiFi is working.
2025-08-25 01:18:59,722 [INFO] WiFi is working.
2025-08-25 01:19:15,742 [INFO] WiFi is working.
2025-08-25 01:19:31,765 [INFO] WiFi is working.
2025-08-25 01:19:47,787 [INFO] WiFi is working.
2025-08-25 01:20:03,810 [INFO] WiFi is working.
2025-08-25 01:20:19,833 [INFO] WiFi is working.
2025-08-25 01:20:35,883 [INFO] WiFi is working.
2025-08-25 01:20:51,905 [INFO] WiFi is working.
2025-08-25 01:21:07,928 [INFO] WiFi is working.
2025-08-25 01:21:23,951 [INFO] WiFi is working.
2025-08-25 01:21:39,974 [INFO] WiFi is working.
2025-08-25 01:21:56,010 [INFO] WiFi is working.
2025-08-25 01:22:12,034 [INFO] WiFi is working.
2025-08-25 01:22:28,055 [INFO] WiFi is working.
2025-08-25 01:22:44,078 [INFO] WiFi is working.
2025-08-25 01:23:00,101 [INFO] WiFi is working.
2025-08-25 01:23:16,129 [INFO] WiFi is working.
2025-08-25 01:23:32,152 [INFO] WiFi is working.
2025-08-25 01:23:48,175 [INFO] WiFi is working.
2025-08-25 01:24:04,198 [INFO] WiFi is working.
2025-08-25 01:24:20,222 [INFO] WiFi is working.
2025-08-25 01:24:36,246 [INFO] WiFi is working.
2025-08-25 01:24:52,269 [INFO] WiFi is working.
2025-08-25 01:25:08,292 [INFO] WiFi is working.
2025-08-25 01:25:24,315 [INFO] WiFi is working.
2025-08-25 01:25:40,340 [INFO] WiFi is working.
2025-08-25 01:25:57,349 [INFO] WiFi is working.
2025-08-25 01:26:13,372 [INFO] WiFi is working.
2025-08-25 01:26:29,395 [INFO] WiFi is working.
2025-08-25 01:26:45,418 [INFO] WiFi is working.
2025-08-25 01:27:01,440 [INFO] WiFi is working.
2025-08-25 01:27:17,473 [INFO] WiFi is working.
2025-08-25 01:27:33,497 [INFO] WiFi is working.
2025-08-25 01:27:49,521 [INFO] WiFi is working.
2025-08-25 01:28:05,544 [INFO] WiFi is working.
2025-08-25 01:28:21,568 [INFO] WiFi is working.
2025-08-25 01:28:37,591 [INFO] WiFi is working.
2025-08-25 01:28:53,615 [INFO] WiFi is working.
2025-08-25 01:29:09,638 [INFO] WiFi is working.
2025-08-25 01:29:25,661 [INFO] WiFi is working.
2025-08-25 01:29:41,685 [INFO] WiFi is working.
2025-08-25 01:29:57,720 [INFO] WiFi is working.
2025-08-25 01:30:13,743 [INFO] WiFi is working.
2025-08-25 01:30:29,766 [INFO] WiFi is working.
2025-08-25 01:30:45,788 [INFO] WiFi is working.
2025-08-25 01:31:01,812 [INFO] WiFi is working.
2025-08-25 01:31:27,827 [INFO] WiFi is working.
2025-08-25 01:31:43,860 [INFO] WiFi is working.
2025-08-25 01:31:59,883 [INFO] WiFi is working.
2025-08-25 01:32:15,907 [INFO] WiFi is working.
2025-08-25 01:32:31,930 [INFO] WiFi is working.
2025-08-25 01:32:47,954 [INFO] WiFi is working.
2025-08-25 01:33:03,976 [INFO] WiFi is working.
2025-08-25 01:33:20,001 [INFO] WiFi is working.
2025-08-25 01:33:36,039 [INFO] WiFi is working.
2025-08-25 01:33:52,062 [INFO] WiFi is working.
2025-08-25 01:34:08,085 [INFO] WiFi is working.
2025-08-25 01:34:24,130 [INFO] WiFi is working.
2025-08-25 01:34:40,153 [INFO] WiFi is working.
2025-08-25 01:34:56,185 [INFO] WiFi is working.
2025-08-25 01:35:12,207 [INFO] WiFi is working.
2025-08-25 01:35:28,228 [INFO] WiFi is working.
2025-08-25 01:35:44,250 [INFO] WiFi is working.
2025-08-25 01:36:00,272 [INFO] WiFi is working.
2025-08-25 01:36:16,309 [INFO] WiFi is working.
2025-08-25 01:36:32,331 [INFO] WiFi is working.
2025-08-25 01:36:48,353 [INFO] WiFi is working.
2025-08-25 01:37:04,376 [INFO] WiFi is working.
2025-08-25 01:37:20,398 [INFO] WiFi is working.
2025-08-25 01:37:36,421 [INFO] WiFi is working.
2025-08-25 01:37:52,444 [INFO] WiFi is working.
2025-08-25 01:38:08,466 [INFO] WiFi is working.
2025-08-25 01:38:24,489 [INFO] WiFi is working.
2025-08-25 01:38:40,512 [INFO] WiFi is working.
2025-08-25 01:38:56,535 [INFO] WiFi is working.
2025-08-25 01:39:12,558 [INFO] WiFi is working.
2025-08-25 01:39:28,580 [INFO] WiFi is working.
2025-08-25 01:39:44,602 [INFO] WiFi is working.
2025-08-25 01:40:00,631 [INFO] WiFi is working.
2025-08-25 01:40:16,654 [INFO] WiFi is working.
2025-08-25 01:40:32,675 [INFO] WiFi is working.
2025-08-25 01:40:48,698 [INFO] WiFi is working.
2025-08-25 01:41:04,721 [INFO] WiFi is working.
2025-08-25 01:41:20,744 [INFO] WiFi is working.
2025-08-25 01:41:36,766 [INFO] WiFi is working.
2025-08-25 01:41:52,790 [INFO] WiFi is working.
2025-08-25 01:42:08,812 [INFO] WiFi is working.
2025-08-25 01:42:24,843 [INFO] WiFi is working.
2025-08-25 01:42:40,866 [INFO] WiFi is working.
2025-08-25 01:42:56,885 [INFO] WiFi is working.
2025-08-25 01:43:12,908 [INFO] WiFi is working.
2025-08-25 01:43:28,927 [INFO] WiFi is working.
2025-08-25 01:43:44,950 [INFO] WiFi is working.
2025-08-25 01:44:00,969 [INFO] WiFi is working.
2025-08-25 01:44:16,993 [INFO] WiFi is working.
2025-08-25 01:44:33,017 [INFO] WiFi is working.
2025-08-25 01:44:49,039 [INFO] WiFi is working.
2025-08-25 01:45:05,061 [INFO] WiFi is working.
2025-08-25 01:45:21,083 [INFO] WiFi is working.
2025-08-25 01:45:37,114 [INFO] WiFi is working.
2025-08-25 01:45:53,137 [INFO] WiFi is working.
2025-08-25 01:46:09,161 [INFO] WiFi is working.
2025-08-25 01:46:25,184 [INFO] WiFi is working.
2025-08-25 01:46:41,208 [INFO] WiFi is working.
2025-08-25 01:46:57,229 [INFO] WiFi is working.
2025-08-25 01:47:13,248 [INFO] WiFi is working.
2025-08-25 01:47:29,270 [INFO] WiFi is working.
2025-08-25 01:47:45,292 [INFO] WiFi is working.
2025-08-25 01:48:01,315 [INFO] WiFi is working.
2025-08-25 01:48:17,339 [INFO] WiFi is working.
2025-08-25 01:48:33,362 [INFO] WiFi is working.
2025-08-25 01:48:49,385 [INFO] WiFi is working.
2025-08-25 01:49:05,408 [INFO] WiFi is working.
2025-08-25 01:49:21,431 [INFO] WiFi is working.
2025-08-25 01:49:37,453 [INFO] WiFi is working.
2025-08-25 01:49:53,477 [INFO] WiFi is working.
2025-08-25 01:50:09,500 [INFO] WiFi is working.
2025-08-25 01:50:25,523 [INFO] WiFi is working.
2025-08-25 01:50:41,546 [INFO] WiFi is working.
2025-08-25 01:50:57,570 [INFO] WiFi is working.
2025-08-25 01:51:13,592 [INFO] WiFi is working.
2025-08-25 01:51:29,615 [INFO] WiFi is working.
2025-08-25 01:51:45,637 [INFO] WiFi is working.
2025-08-25 01:52:01,665 [INFO] WiFi is working.
2025-08-25 01:52:17,687 [INFO] WiFi is working.
2025-08-25 01:52:33,723 [INFO] WiFi is working.
2025-08-25 01:52:49,745 [INFO] WiFi is working.
2025-08-25 01:53:05,768 [INFO] WiFi is working.
2025-08-25 01:53:24,600 [INFO] WiFi is working.
2025-08-25 01:53:40,625 [INFO] WiFi is working.
2025-08-25 16:44:25,104 [INFO] WiFi is working.
2025-08-25 16:44:41,126 [INFO] WiFi is working.
2025-08-25 16:44:57,149 [INFO] WiFi is working.
2025-08-25 16:45:13,172 [INFO] WiFi is working.
2025-08-25 16:45:29,196 [INFO] WiFi is working.
2025-08-25 16:45:45,247 [INFO] WiFi is working.
2025-08-25 16:46:01,263 [INFO] WiFi is working.
2025-08-25 16:46:17,284 [INFO] WiFi is working.
2025-08-25 16:46:33,301 [INFO] WiFi is working.
2025-08-25 16:46:49,316 [INFO] WiFi is working.
2025-08-25 16:47:05,355 [INFO] WiFi is working.
2025-08-25 16:47:21,374 [INFO] WiFi is working.
2025-08-25 16:47:37,389 [INFO] WiFi is working.
2025-08-25 16:47:53,403 [INFO] WiFi is working.
2025-08-25 16:48:09,421 [INFO] WiFi is working.
2025-08-25 16:48:25,446 [INFO] WiFi is working.
2025-08-25 16:48:41,475 [INFO] WiFi is working.
2025-08-25 16:48:57,495 [INFO] WiFi is working.
2025-08-25 16:49:13,514 [INFO] WiFi is working.
2025-08-25 16:49:29,539 [INFO] WiFi is working.
2025-08-25 16:49:45,572 [INFO] WiFi is working.
2025-08-25 16:50:01,590 [INFO] WiFi is working.
2025-08-25 16:50:17,621 [INFO] WiFi is working.
2025-08-25 16:50:33,654 [INFO] WiFi is working.
2025-08-25 16:50:49,673 [INFO] WiFi is working.
2025-08-25 16:51:05,698 [INFO] WiFi is working.
2025-08-25 16:51:21,721 [INFO] WiFi is working.
2025-08-25 16:51:37,739 [INFO] WiFi is working.
2025-08-25 16:51:53,773 [INFO] WiFi is working.
2025-08-25 16:52:09,804 [INFO] WiFi is working.
2025-08-25 16:52:25,824 [INFO] WiFi is working.
2025-08-25 16:52:41,854 [INFO] WiFi is working.
2025-08-25 16:52:57,889 [INFO] WiFi is working.
2025-08-25 16:53:13,927 [INFO] WiFi is working.
2025-08-25 16:53:29,955 [INFO] WiFi is working.
2025-08-25 16:53:45,973 [INFO] WiFi is working.
2025-08-25 16:54:01,992 [INFO] WiFi is working.
2025-08-25 16:54:18,012 [INFO] WiFi is working.
2025-08-25 16:54:34,038 [INFO] WiFi is working.
2025-08-25 16:54:50,059 [INFO] WiFi is working.
2025-08-25 16:55:06,079 [INFO] WiFi is working.
2025-08-25 16:55:22,105 [INFO] WiFi is working.
2025-08-25 16:55:38,125 [INFO] WiFi is working.
2025-08-25 16:55:54,145 [INFO] WiFi is working.
2025-08-25 16:56:10,167 [INFO] WiFi is working.
2025-08-25 16:56:26,188 [INFO] WiFi is working.
2025-08-25 16:56:42,209 [INFO] WiFi is working.
2025-08-25 16:56:58,238 [INFO] WiFi is working.
2025-08-25 16:57:14,258 [INFO] WiFi is working.
2025-08-25 16:57:30,280 [INFO] WiFi is working.
2025-08-25 16:57:46,307 [INFO] WiFi is working.
2025-08-25 16:58:02,327 [INFO] WiFi is working.
2025-08-25 16:58:18,343 [INFO] WiFi is working.
2025-08-25 16:58:34,361 [INFO] WiFi is working.
2025-08-25 16:58:50,388 [INFO] WiFi is working.
2025-08-25 16:59:06,407 [INFO] WiFi is working.
2025-08-25 16:59:22,436 [INFO] WiFi is working.
2025-08-25 16:59:38,457 [INFO] WiFi is working.
2025-08-25 16:59:54,490 [INFO] WiFi is working.
2025-08-25 17:00:10,511 [INFO] WiFi is working.
2025-08-25 17:00:26,529 [INFO] WiFi is working.
2025-08-25 17:00:42,558 [INFO] WiFi is working.
2025-08-25 17:00:58,588 [INFO] WiFi is working.
2025-08-25 17:01:14,605 [INFO] WiFi is working.
2025-08-25 17:01:30,626 [INFO] WiFi is working.
2025-08-25 17:01:46,647 [INFO] WiFi is working.
2025-08-25 17:02:02,662 [INFO] WiFi is working.
2025-08-25 17:02:18,681 [INFO] WiFi is working.
2025-08-25 17:02:34,702 [INFO] WiFi is working.
2025-08-25 17:02:50,721 [INFO] WiFi is working.
2025-08-25 17:03:06,740 [INFO] WiFi is working.
2025-08-25 17:03:22,771 [INFO] WiFi is working.
2025-08-25 17:03:38,805 [INFO] WiFi is working.
2025-08-25 17:03:54,838 [INFO] WiFi is working.
2025-08-25 17:04:10,857 [INFO] WiFi is working.
2025-08-25 17:04:26,876 [INFO] WiFi is working.
2025-08-25 17:04:42,898 [INFO] WiFi is working.
2025-08-25 17:04:58,921 [INFO] WiFi is working.
2025-08-25 17:05:14,955 [INFO] WiFi is working.
2025-08-25 17:05:30,978 [INFO] WiFi is working.
2025-08-25 17:05:47,004 [INFO] WiFi is working.
2025-08-25 17:06:03,025 [INFO] WiFi is working.
2025-08-25 17:06:19,054 [INFO] WiFi is working.
2025-08-25 17:06:35,076 [INFO] WiFi is working.
2025-08-25 17:06:51,104 [INFO] WiFi is working.
2025-08-25 17:07:07,124 [INFO] WiFi is working.
2025-08-25 17:07:23,147 [INFO] WiFi is working.
2025-08-25 17:07:39,164 [INFO] WiFi is working.
2025-08-25 17:07:55,187 [INFO] WiFi is working.
2025-08-25 17:08:11,205 [INFO] WiFi is working.
2025-08-25 17:08:27,230 [INFO] WiFi is working.
2025-08-25 17:08:43,255 [INFO] WiFi is working.
2025-08-25 17:08:59,278 [INFO] WiFi is working.
2025-08-25 17:09:15,295 [INFO] WiFi is working.
2025-08-25 17:09:31,322 [INFO] WiFi is working.
2025-08-25 17:09:47,338 [INFO] WiFi is working.
2025-08-25 17:10:03,357 [INFO] WiFi is working.
2025-08-25 17:10:19,390 [INFO] WiFi is working.
2025-08-25 17:10:35,467 [INFO] WiFi is working.
2025-08-25 17:10:51,505 [INFO] WiFi is working.
2025-08-25 17:11:07,538 [INFO] WiFi is working.
2025-08-25 17:11:23,557 [INFO] WiFi is working.
2025-08-25 17:11:39,576 [INFO] WiFi is working.
2025-08-25 17:11:55,614 [INFO] WiFi is working.
2025-08-25 17:12:11,634 [INFO] WiFi is working.
2025-08-25 17:12:27,651 [INFO] WiFi is working.
2025-08-25 17:12:43,670 [INFO] WiFi is working.
2025-08-25 17:12:59,705 [INFO] WiFi is working.
2025-08-25 17:13:15,748 [INFO] WiFi is working.
2025-08-25 17:13:31,771 [INFO] WiFi is working.
2025-08-25 17:13:47,804 [INFO] WiFi is working.
2025-08-25 17:14:03,826 [INFO] WiFi is working.
2025-08-25 17:14:19,848 [INFO] WiFi is working.
2025-08-25 17:14:35,888 [INFO] WiFi is working.
2025-08-25 17:14:51,920 [INFO] WiFi is working.
2025-08-25 17:15:07,943 [INFO] WiFi is working.
2025-08-25 17:15:23,971 [INFO] WiFi is working.
2025-08-25 17:15:49,982 [INFO] WiFi is working.
2025-08-25 17:16:06,004 [INFO] WiFi is working.
2025-08-25 17:16:22,027 [INFO] WiFi is working.
2025-08-25 17:16:38,054 [INFO] WiFi is working.
2025-08-25 17:16:54,069 [INFO] WiFi is working.
2025-08-25 17:17:10,092 [INFO] WiFi is working.
2025-08-25 17:17:26,118 [INFO] WiFi is working.
2025-08-25 17:17:42,137 [INFO] WiFi is working.
2025-08-25 17:17:58,156 [INFO] WiFi is working.
2025-08-25 17:18:14,173 [INFO] WiFi is working.
2025-08-25 17:18:30,202 [INFO] WiFi is working.
2025-08-25 17:18:46,235 [INFO] WiFi is working.
2025-08-25 17:19:02,254 [INFO] WiFi is working.
2025-08-25 17:19:18,285 [INFO] WiFi is working.
2025-08-25 17:19:34,317 [INFO] WiFi is working.
2025-08-25 17:19:50,333 [INFO] WiFi is working.
2025-08-25 17:20:06,368 [INFO] WiFi is working.
2025-08-25 17:20:22,393 [INFO] WiFi is working.
2025-08-25 17:20:38,411 [INFO] WiFi is working.
2025-08-25 17:20:54,448 [INFO] WiFi is working.
2025-08-25 17:21:10,480 [INFO] WiFi is working.
2025-08-25 17:21:26,513 [INFO] WiFi is working.
2025-08-25 17:21:42,532 [INFO] WiFi is working.
2025-08-25 17:21:58,553 [INFO] WiFi is working.
2025-08-25 17:22:14,575 [INFO] WiFi is working.
2025-08-25 17:22:30,595 [INFO] WiFi is working.
2025-08-25 17:22:46,627 [INFO] WiFi is working.
2025-08-25 17:23:02,660 [INFO] WiFi is working.
2025-08-25 17:23:18,679 [INFO] WiFi is working.
2025-08-25 17:23:34,696 [INFO] WiFi is working.
2025-08-25 17:23:50,718 [INFO] WiFi is working.
2025-08-25 17:24:06,738 [INFO] WiFi is working.
2025-08-25 17:24:22,754 [INFO] WiFi is working.
2025-08-25 17:24:38,775 [INFO] WiFi is working.
2025-08-25 17:24:54,794 [INFO] WiFi is working.
2025-08-25 17:25:10,813 [INFO] WiFi is working.
2025-08-25 17:25:26,828 [INFO] WiFi is working.
2025-08-25 17:25:42,847 [INFO] WiFi is working.
2025-08-25 17:25:58,869 [INFO] WiFi is working.
2025-08-25 17:26:14,909 [INFO] WiFi is working.
2025-08-25 17:26:30,930 [INFO] WiFi is working.
2025-08-25 17:26:46,955 [INFO] WiFi is working.
2025-08-25 17:27:02,975 [INFO] WiFi is working.
2025-08-25 17:27:18,999 [INFO] WiFi is working.
2025-08-25 17:27:35,019 [INFO] WiFi is working.
2025-08-25 17:27:51,042 [INFO] WiFi is working.
2025-08-25 17:28:07,063 [INFO] WiFi is working.
2025-08-25 17:28:23,083 [INFO] WiFi is working.
2025-08-25 17:28:39,102 [INFO] WiFi is working.
2025-08-25 17:28:55,121 [INFO] WiFi is working.
2025-08-25 17:29:11,140 [INFO] WiFi is working.
2025-08-25 17:29:27,158 [INFO] WiFi is working.
2025-08-25 17:29:43,179 [INFO] WiFi is working.
2025-08-25 17:29:59,195 [INFO] WiFi is working.
2025-08-25 17:30:15,213 [INFO] WiFi is working.
2025-08-25 17:30:31,233 [INFO] WiFi is working.
2025-08-25 17:30:47,572 [INFO] WiFi is working.
2025-08-25 17:31:03,594 [INFO] WiFi is working.
2025-08-25 17:31:34,867 [INFO] WiFi is working.
2025-08-25 17:31:50,893 [INFO] WiFi is working.
2025-08-25 17:32:06,908 [INFO] WiFi is working.
2025-08-25 17:32:22,929 [INFO] WiFi is working.
2025-08-25 17:32:38,952 [INFO] WiFi is working.
2025-08-25 17:32:54,975 [INFO] WiFi is working.
2025-08-25 17:33:10,999 [INFO] WiFi is working.
2025-08-25 17:33:27,022 [INFO] WiFi is working.
2025-08-25 17:33:43,046 [INFO] WiFi is working.
2025-08-25 17:33:59,068 [INFO] WiFi is working.
2025-08-25 17:34:15,090 [INFO] WiFi is working.
2025-08-25 17:34:31,113 [INFO] WiFi is working.
2025-08-25 17:34:47,138 [INFO] WiFi is working.
2025-08-25 17:35:03,161 [INFO] WiFi is working.
2025-08-25 17:35:19,183 [INFO] WiFi is working.
2025-08-25 17:35:35,205 [INFO] WiFi is working.
2025-08-25 17:35:51,228 [INFO] WiFi is working.
2025-08-25 17:36:07,252 [INFO] WiFi is working.
2025-08-25 17:36:23,274 [INFO] WiFi is working.
2025-08-25 17:36:39,298 [INFO] WiFi is working.
2025-08-25 17:36:55,321 [INFO] WiFi is working.
2025-08-25 17:37:11,340 [INFO] WiFi is working.
2025-08-25 17:37:27,365 [INFO] WiFi is working.
2025-08-25 17:37:43,389 [INFO] WiFi is working.
2025-08-25 17:37:59,413 [INFO] WiFi is working.
2025-08-25 17:38:15,436 [INFO] WiFi is working.
2025-08-25 17:38:31,459 [INFO] WiFi is working.
2025-08-25 17:38:47,481 [INFO] WiFi is working.
2025-08-25 17:39:03,505 [INFO] WiFi is working.
2025-08-25 17:39:19,527 [INFO] WiFi is working.
2025-08-25 17:39:35,550 [INFO] WiFi is working.
2025-08-25 17:39:51,572 [INFO] WiFi is working.
2025-08-25 17:40:07,598 [INFO] WiFi is working.
2025-08-25 17:40:23,620 [INFO] WiFi is working.
2025-08-25 17:40:39,642 [INFO] WiFi is working.
2025-08-25 17:40:55,682 [INFO] WiFi is working.
2025-08-25 17:41:11,705 [INFO] WiFi is working.
2025-08-25 17:41:27,729 [INFO] WiFi is working.
2025-08-25 17:41:43,752 [INFO] WiFi is working.
2025-08-25 17:41:59,775 [INFO] WiFi is working.
2025-08-25 17:42:15,808 [INFO] WiFi is working.
2025-08-25 17:42:31,833 [INFO] WiFi is working.
2025-08-25 17:42:47,856 [INFO] WiFi is working.
2025-08-25 17:43:03,876 [INFO] WiFi is working.
2025-08-25 17:43:19,899 [INFO] WiFi is working.
2025-08-25 17:43:35,926 [INFO] WiFi is working.
2025-08-25 17:43:51,949 [INFO] WiFi is working.
2025-08-25 17:44:07,972 [INFO] WiFi is working.
2025-08-25 17:44:23,996 [INFO] WiFi is working.
2025-08-25 17:44:40,020 [INFO] WiFi is working.
2025-08-25 17:44:56,069 [INFO] WiFi is working.
2025-08-25 17:45:12,092 [INFO] WiFi is working.
2025-08-25 17:45:28,116 [INFO] WiFi is working.
2025-08-25 17:45:44,138 [INFO] WiFi is working.
2025-08-25 17:46:00,157 [INFO] WiFi is working.
2025-08-25 17:46:16,200 [INFO] WiFi is working.
2025-08-25 17:46:32,222 [INFO] WiFi is working.
2025-08-25 17:46:48,245 [INFO] WiFi is working.
2025-08-25 17:47:04,268 [INFO] WiFi is working.
2025-08-25 17:47:20,292 [INFO] WiFi is working.
2025-08-25 17:47:36,314 [INFO] WiFi is working.
2025-08-25 17:47:52,337 [INFO] WiFi is working.
2025-08-25 17:48:08,361 [INFO] WiFi is working.
2025-08-25 17:48:24,384 [INFO] WiFi is working.
2025-08-25 17:48:40,406 [INFO] WiFi is working.
2025-08-25 17:48:56,429 [INFO] WiFi is working.
2025-08-25 17:49:12,452 [INFO] WiFi is working.
2025-08-25 17:49:28,476 [INFO] WiFi is working.
2025-08-25 17:49:44,498 [INFO] WiFi is working.
2025-08-25 17:50:00,522 [INFO] WiFi is working.
2025-08-25 17:50:16,545 [INFO] WiFi is working.
2025-08-25 17:50:32,567 [INFO] WiFi is working.
2025-08-25 17:50:48,590 [INFO] WiFi is working.
2025-08-25 17:51:04,612 [INFO] WiFi is working.
2025-08-25 17:51:20,635 [INFO] WiFi is working.
2025-08-25 17:51:36,658 [INFO] WiFi is working.
2025-08-25 17:51:52,681 [INFO] WiFi is working.
2025-08-25 17:52:08,703 [INFO] WiFi is working.
2025-08-25 17:52:24,725 [INFO] WiFi is working.
2025-08-25 17:52:40,747 [INFO] WiFi is working.
2025-08-25 17:52:56,772 [INFO] WiFi is working.
2025-08-25 17:53:12,795 [INFO] WiFi is working.
2025-08-25 17:53:28,818 [INFO] WiFi is working.
2025-08-25 17:53:44,840 [INFO] WiFi is working.
2025-08-25 17:54:00,863 [INFO] WiFi is working.
2025-08-25 17:54:16,886 [INFO] WiFi is working.
2025-08-25 17:54:32,904 [INFO] WiFi is working.
2025-08-25 17:54:48,927 [INFO] WiFi is working.
2025-08-25 17:55:04,947 [INFO] WiFi is working.
2025-08-25 17:55:20,963 [INFO] WiFi is working.
2025-08-25 17:55:36,986 [INFO] WiFi is working.
2025-08-25 17:55:53,013 [INFO] WiFi is working.
2025-08-25 17:56:09,036 [INFO] WiFi is working.
2025-08-25 17:56:25,061 [INFO] WiFi is working.
2025-08-25 17:56:41,084 [INFO] WiFi is working.
2025-08-25 17:56:57,105 [INFO] WiFi is working.
2025-08-25 17:57:13,128 [INFO] WiFi is working.
2025-08-25 17:57:29,151 [INFO] WiFi is working.
2025-08-25 17:57:45,174 [INFO] WiFi is working.
2025-08-25 17:58:01,196 [INFO] WiFi is working.
2025-08-25 17:58:17,217 [INFO] WiFi is working.
2025-08-25 17:58:33,240 [INFO] WiFi is working.
2025-08-25 17:58:49,262 [INFO] WiFi is working.
2025-08-25 17:59:05,296 [INFO] WiFi is working.
2025-08-25 17:59:21,328 [INFO] WiFi is working.
2025-08-25 17:59:37,361 [INFO] WiFi is working.
2025-08-25 17:59:53,395 [INFO] WiFi is working.
2025-08-25 18:00:09,428 [INFO] WiFi is working.
2025-08-25 18:00:25,461 [INFO] WiFi is working.
2025-08-25 18:00:41,483 [INFO] WiFi is working.
2025-08-25 18:00:57,503 [INFO] WiFi is working.
2025-08-25 18:01:13,529 [INFO] WiFi is working.
2025-08-25 18:01:29,550 [INFO] WiFi is working.
2025-08-25 18:01:45,571 [INFO] WiFi is working.
2025-08-25 18:02:01,593 [INFO] WiFi is working.
2025-08-25 18:02:17,616 [INFO] WiFi is working.
2025-08-25 18:02:33,642 [INFO] WiFi is working.
2025-08-25 18:02:49,668 [INFO] WiFi is working.
2025-08-25 18:03:05,694 [INFO] WiFi is working.
2025-08-25 18:03:21,717 [INFO] WiFi is working.
2025-08-25 18:03:37,739 [INFO] WiFi is working.
2025-08-25 18:03:53,777 [INFO] WiFi is working.
2025-08-25 18:04:09,812 [INFO] WiFi is working.
2025-08-25 18:04:25,835 [INFO] WiFi is working.
2025-08-25 18:04:41,861 [INFO] WiFi is working.
2025-08-25 18:04:57,885 [INFO] WiFi is working.
2025-08-25 18:05:13,905 [INFO] WiFi is working.
2025-08-25 18:05:29,927 [INFO] WiFi is working.
2025-08-25 18:05:45,961 [INFO] WiFi is working.
2025-08-25 18:06:01,984 [INFO] WiFi is working.
2025-08-25 18:06:18,006 [INFO] WiFi is working.
2025-08-25 18:06:34,026 [INFO] WiFi is working.
2025-08-25 18:06:50,050 [INFO] WiFi is working.
2025-08-25 18:07:06,079 [INFO] WiFi is working.
2025-08-25 18:07:22,100 [INFO] WiFi is working.
2025-08-25 18:07:38,122 [INFO] WiFi is working.
2025-08-25 18:07:54,145 [INFO] WiFi is working.
2025-08-25 18:08:10,166 [INFO] WiFi is working.
2025-08-25 18:08:26,193 [INFO] WiFi is working.
2025-08-25 18:08:42,216 [INFO] WiFi is working.
2025-08-25 18:08:58,238 [INFO] WiFi is working.
2025-08-25 18:09:14,260 [INFO] WiFi is working.
2025-08-25 18:09:30,283 [INFO] WiFi is working.
2025-08-25 18:09:46,321 [INFO] WiFi is working.
2025-08-25 18:10:02,341 [INFO] WiFi is working.
2025-08-25 18:10:18,363 [INFO] WiFi is working.
2025-08-25 18:10:34,386 [INFO] WiFi is working.
2025-08-25 18:10:50,410 [INFO] WiFi is working.
2025-08-25 18:11:06,433 [INFO] WiFi is working.
2025-08-25 18:11:22,456 [INFO] WiFi is working.
2025-08-25 18:11:38,479 [INFO] WiFi is working.
2025-08-25 18:11:54,502 [INFO] WiFi is working.
2025-08-25 18:12:10,525 [INFO] WiFi is working.
2025-08-25 18:12:26,547 [INFO] WiFi is working.
2025-08-25 18:12:42,571 [INFO] WiFi is working.
2025-08-25 18:12:58,594 [INFO] WiFi is working.
2025-08-25 18:13:14,617 [INFO] WiFi is working.
2025-08-25 18:13:30,641 [INFO] WiFi is working.
2025-08-25 18:13:46,664 [INFO] WiFi is working.
2025-08-25 18:14:02,686 [INFO] WiFi is working.
2025-08-25 18:14:18,709 [INFO] WiFi is working.
2025-08-25 18:14:34,729 [INFO] WiFi is working.
2025-08-25 18:14:50,753 [INFO] WiFi is working.
2025-08-25 18:15:06,775 [INFO] WiFi is working.
2025-08-25 18:15:22,798 [INFO] WiFi is working.
2025-08-25 18:15:38,821 [INFO] WiFi is working.
2025-08-25 18:15:54,844 [INFO] WiFi is working.
2025-08-25 18:16:10,868 [INFO] WiFi is working.
2025-08-25 18:16:26,893 [INFO] WiFi is working.
2025-08-25 18:16:42,915 [INFO] WiFi is working.
2025-08-25 18:16:58,936 [INFO] WiFi is working.
2025-08-25 18:17:14,960 [INFO] WiFi is working.
2025-08-25 18:17:30,983 [INFO] WiFi is working.
2025-08-25 18:17:47,007 [INFO] WiFi is working.
2025-08-25 18:18:03,030 [INFO] WiFi is working.
2025-08-25 18:18:19,050 [INFO] WiFi is working.
2025-08-25 18:18:35,072 [INFO] WiFi is working.
2025-08-25 18:18:51,095 [INFO] WiFi is working.
2025-08-25 18:19:07,116 [INFO] WiFi is working.
2025-08-25 18:19:23,139 [INFO] WiFi is working.
2025-08-25 18:19:39,161 [INFO] WiFi is working.
2025-08-25 18:19:55,183 [INFO] WiFi is working.
2025-08-25 18:20:11,206 [INFO] WiFi is working.
2025-08-25 18:20:27,229 [INFO] WiFi is working.
2025-08-25 18:20:43,250 [INFO] WiFi is working.
2025-08-25 18:20:59,271 [INFO] WiFi is working.
2025-08-25 18:21:15,293 [INFO] WiFi is working.
2025-08-25 18:21:31,315 [INFO] WiFi is working.
2025-08-25 18:21:47,339 [INFO] WiFi is working.
2025-08-25 18:22:03,362 [INFO] WiFi is working.
2025-08-25 18:22:19,385 [INFO] WiFi is working.
2025-08-25 18:22:35,406 [INFO] WiFi is working.
2025-08-25 18:22:51,429 [INFO] WiFi is working.
2025-08-25 18:23:07,452 [INFO] WiFi is working.
2025-08-25 18:23:23,475 [INFO] WiFi is working.
2025-08-25 18:23:39,499 [INFO] WiFi is working.
2025-08-25 18:23:55,522 [INFO] WiFi is working.
2025-08-25 18:24:11,545 [INFO] WiFi is working.
2025-08-25 18:24:27,567 [INFO] WiFi is working.
2025-08-25 18:24:43,590 [INFO] WiFi is working.
2025-08-25 18:24:59,614 [INFO] WiFi is working.
2025-08-25 18:25:15,638 [INFO] WiFi is working.
2025-08-25 18:25:31,661 [INFO] WiFi is working.
2025-08-25 18:25:47,687 [INFO] WiFi is working.
2025-08-25 18:26:03,710 [INFO] WiFi is working.
2025-08-25 18:26:19,733 [INFO] WiFi is working.
2025-08-25 18:26:35,756 [INFO] WiFi is working.
2025-08-25 18:26:51,775 [INFO] WiFi is working.
2025-08-25 18:27:07,798 [INFO] WiFi is working.
2025-08-25 18:27:23,821 [INFO] WiFi is working.
2025-08-25 18:27:39,844 [INFO] WiFi is working.
2025-08-25 18:27:55,865 [INFO] WiFi is working.
2025-08-25 18:28:11,886 [INFO] WiFi is working.
2025-08-25 18:28:27,910 [INFO] WiFi is working.
2025-08-25 18:28:43,929 [INFO] WiFi is working.
2025-08-25 18:28:59,951 [INFO] WiFi is working.
2025-08-25 18:29:15,974 [INFO] WiFi is working.
2025-08-25 18:29:31,998 [INFO] WiFi is working.
2025-08-25 18:29:48,021 [INFO] WiFi is working.
2025-08-25 18:30:04,040 [INFO] WiFi is working.
2025-08-25 18:30:20,063 [INFO] WiFi is working.
2025-08-25 18:30:36,086 [INFO] WiFi is working.
2025-08-25 18:30:52,108 [INFO] WiFi is working.
2025-08-25 18:31:08,130 [INFO] WiFi is working.
2025-08-25 18:31:24,152 [INFO] WiFi is working.
2025-08-25 18:31:40,174 [INFO] WiFi is working.
2025-08-25 18:31:56,211 [INFO] WiFi is working.
2025-08-25 18:32:12,234 [INFO] WiFi is working.
2025-08-25 18:32:28,258 [INFO] WiFi is working.
2025-08-25 18:32:44,280 [INFO] WiFi is working.
2025-08-25 18:33:00,304 [INFO] WiFi is working.
2025-08-25 18:33:16,336 [INFO] WiFi is working.
2025-08-25 18:33:32,360 [INFO] WiFi is working.
2025-08-25 18:33:48,383 [INFO] WiFi is working.
2025-08-25 18:34:04,406 [INFO] WiFi is working.
2025-08-25 18:34:20,430 [INFO] WiFi is working.
2025-08-25 18:34:36,460 [INFO] WiFi is working.
2025-08-25 18:34:52,484 [INFO] WiFi is working.
2025-08-25 18:35:08,507 [INFO] WiFi is working.
2025-08-25 18:35:24,529 [INFO] WiFi is working.
2025-08-25 18:35:40,553 [INFO] WiFi is working.
2025-08-25 18:35:56,578 [INFO] WiFi is working.
2025-08-25 18:36:12,600 [INFO] WiFi is working.
2025-08-25 18:36:28,622 [INFO] WiFi is working.
2025-08-25 18:36:44,646 [INFO] WiFi is working.
2025-08-25 18:37:00,668 [INFO] WiFi is working.
2025-08-25 18:37:16,690 [INFO] WiFi is working.
2025-08-25 18:37:32,712 [INFO] WiFi is working.
2025-08-25 18:37:48,736 [INFO] WiFi is working.
2025-08-25 18:38:04,758 [INFO] WiFi is working.
2025-08-25 18:38:20,781 [INFO] WiFi is working.
2025-08-25 18:38:36,803 [INFO] WiFi is working.
2025-08-25 18:38:52,827 [INFO] WiFi is working.
2025-08-25 18:39:08,850 [INFO] WiFi is working.
2025-08-25 18:39:24,874 [INFO] WiFi is working.
2025-08-25 18:39:40,896 [INFO] WiFi is working.
2025-08-25 18:39:56,920 [INFO] WiFi is working.
2025-08-25 18:40:12,940 [INFO] WiFi is working.
2025-08-25 18:40:28,962 [INFO] WiFi is working.
2025-08-25 18:40:44,985 [INFO] WiFi is working.
2025-08-25 18:41:01,007 [INFO] WiFi is working.
2025-08-25 18:41:17,031 [INFO] WiFi is working.
2025-08-25 18:41:33,055 [INFO] WiFi is working.
2025-08-25 18:41:49,076 [INFO] WiFi is working.
2025-08-25 18:42:05,099 [INFO] WiFi is working.
2025-08-25 18:42:21,123 [INFO] WiFi is working.
2025-08-25 18:42:37,145 [INFO] WiFi is working.
2025-08-25 18:42:53,168 [INFO] WiFi is working.
2025-08-25 18:43:09,190 [INFO] WiFi is working.
2025-08-25 18:43:25,212 [INFO] WiFi is working.
2025-08-25 18:43:41,234 [INFO] WiFi is working.
2025-08-25 18:43:57,256 [INFO] WiFi is working.
2025-08-25 18:44:13,280 [INFO] WiFi is working.
2025-08-25 18:44:29,304 [INFO] WiFi is working.
2025-08-25 18:44:45,326 [INFO] WiFi is working.
2025-08-25 18:45:01,348 [INFO] WiFi is working.
2025-08-25 18:45:17,372 [INFO] WiFi is working.
2025-08-25 18:45:33,396 [INFO] WiFi is working.
2025-08-25 18:45:49,418 [INFO] WiFi is working.
2025-08-25 18:46:05,442 [INFO] WiFi is working.
2025-08-25 18:46:21,465 [INFO] WiFi is working.
2025-08-25 18:46:37,487 [INFO] WiFi is working.
2025-08-25 18:46:53,510 [INFO] WiFi is working.
2025-08-25 18:47:09,535 [INFO] WiFi is working.
2025-08-25 18:47:25,558 [INFO] WiFi is working.
2025-08-25 18:47:41,579 [INFO] WiFi is working.
2025-08-25 18:47:57,603 [INFO] WiFi is working.
2025-08-25 18:48:13,625 [INFO] WiFi is working.
2025-08-25 18:48:29,649 [INFO] WiFi is working.
2025-08-25 18:48:45,672 [INFO] WiFi is working.
2025-08-25 18:49:01,703 [INFO] WiFi is working.
2025-08-25 18:49:17,725 [INFO] WiFi is working.
2025-08-25 18:49:33,748 [INFO] WiFi is working.
2025-08-25 18:49:49,772 [INFO] WiFi is working.
2025-08-25 18:50:05,793 [INFO] WiFi is working.
2025-08-25 18:50:21,816 [INFO] WiFi is working.
2025-08-25 18:50:37,839 [INFO] WiFi is working.
2025-08-25 18:50:53,863 [INFO] WiFi is working.
2025-08-25 18:51:09,885 [INFO] WiFi is working.
2025-08-25 18:51:25,908 [INFO] WiFi is working.
2025-08-25 18:51:41,931 [INFO] WiFi is working.
2025-08-25 18:51:57,955 [INFO] WiFi is working.
2025-08-25 18:52:13,977 [INFO] WiFi is working.
2025-08-25 18:52:30,000 [INFO] WiFi is working.
2025-08-25 18:52:46,024 [INFO] WiFi is working.
2025-08-25 18:53:02,046 [INFO] WiFi is working.
2025-08-25 18:53:18,069 [INFO] WiFi is working.
2025-08-25 18:53:34,090 [INFO] WiFi is working.
2025-08-25 18:53:50,113 [INFO] WiFi is working.
2025-08-25 18:54:06,136 [INFO] WiFi is working.
2025-08-25 18:54:22,160 [INFO] WiFi is working.
2025-08-25 18:54:38,183 [INFO] WiFi is working.
2025-08-25 18:54:54,205 [INFO] WiFi is working.
2025-08-25 18:55:10,230 [INFO] WiFi is working.
2025-08-25 18:55:26,253 [INFO] WiFi is working.
2025-08-25 18:55:42,276 [INFO] WiFi is working.
2025-08-25 18:55:58,300 [INFO] WiFi is working.
2025-08-25 18:56:14,322 [INFO] WiFi is working.
2025-08-25 18:56:30,345 [INFO] WiFi is working.
2025-08-25 18:56:46,366 [INFO] WiFi is working.
2025-08-25 18:57:02,388 [INFO] WiFi is working.
2025-08-25 18:57:18,413 [INFO] WiFi is working.
2025-08-25 18:57:34,436 [INFO] WiFi is working.
2025-08-25 18:57:50,459 [INFO] WiFi is working.
2025-08-25 18:58:06,487 [INFO] WiFi is working.
2025-08-25 18:58:22,510 [INFO] WiFi is working.
2025-08-25 18:58:38,534 [INFO] WiFi is working.
2025-08-25 18:58:54,556 [INFO] WiFi is working.
2025-08-25 18:59:10,580 [INFO] WiFi is working.
2025-08-25 18:59:26,623 [INFO] WiFi is working.
2025-08-25 18:59:42,647 [INFO] WiFi is working.
2025-08-25 18:59:58,666 [INFO] WiFi is working.
2025-08-25 19:00:14,689 [INFO] WiFi is working.
2025-08-25 19:00:30,712 [INFO] WiFi is working.
2025-08-25 19:00:46,735 [INFO] WiFi is working.
2025-08-25 19:01:02,759 [INFO] WiFi is working.
2025-08-25 19:01:18,783 [INFO] WiFi is working.
2025-08-25 19:01:34,806 [INFO] WiFi is working.
2025-08-25 19:01:50,829 [INFO] WiFi is working.
2025-08-25 19:02:06,853 [INFO] WiFi is working.
2025-08-25 19:02:22,877 [INFO] WiFi is working.
2025-08-25 19:02:38,900 [INFO] WiFi is working.
2025-08-25 19:02:54,923 [INFO] WiFi is working.
2025-08-25 19:03:10,946 [INFO] WiFi is working.
2025-08-25 19:03:26,970 [INFO] WiFi is working.
2025-08-25 19:03:42,993 [INFO] WiFi is working.
2025-08-25 19:03:59,015 [INFO] WiFi is working.
2025-08-25 19:04:15,038 [INFO] WiFi is working.
2025-08-25 19:04:31,061 [INFO] WiFi is working.
2025-08-25 19:04:47,083 [INFO] WiFi is working.
2025-08-25 19:05:03,107 [INFO] WiFi is working.
2025-08-25 19:05:19,128 [INFO] WiFi is working.
2025-08-25 19:05:35,152 [INFO] WiFi is working.
2025-08-25 19:05:51,175 [INFO] WiFi is working.
2025-08-25 19:06:07,194 [INFO] WiFi is working.
2025-08-25 19:06:23,217 [INFO] WiFi is working.
2025-08-25 19:06:39,241 [INFO] WiFi is working.
2025-08-25 19:06:55,265 [INFO] WiFi is working.
2025-08-25 19:07:11,287 [INFO] WiFi is working.
2025-08-25 19:07:27,310 [INFO] WiFi is working.
2025-08-25 19:07:43,334 [INFO] WiFi is working.
2025-08-25 19:07:59,356 [INFO] WiFi is working.
2025-08-25 19:08:15,380 [INFO] WiFi is working.
2025-08-25 19:08:31,403 [INFO] WiFi is working.
2025-08-25 19:08:47,427 [INFO] WiFi is working.
2025-08-25 19:09:03,449 [INFO] WiFi is working.
2025-08-25 19:09:19,472 [INFO] WiFi is working.
2025-08-25 19:09:35,493 [INFO] WiFi is working.
2025-08-25 19:09:51,516 [INFO] WiFi is working.
2025-08-25 19:10:07,537 [INFO] WiFi is working.
2025-08-25 19:10:23,559 [INFO] WiFi is working.
2025-08-25 19:10:39,580 [INFO] WiFi is working.
2025-08-25 19:10:55,602 [INFO] WiFi is working.
2025-08-25 19:11:11,625 [INFO] WiFi is working.
2025-08-25 19:11:27,649 [INFO] WiFi is working.
2025-08-25 19:11:43,672 [INFO] WiFi is working.
2025-08-25 19:11:59,694 [INFO] WiFi is working.
2025-08-25 19:12:15,717 [INFO] WiFi is working.
2025-08-25 19:12:31,740 [INFO] WiFi is working.
2025-08-25 19:12:47,762 [INFO] WiFi is working.
2025-08-25 19:13:03,785 [INFO] WiFi is working.
2025-08-25 19:13:19,808 [INFO] WiFi is working.
2025-08-25 19:13:35,832 [INFO] WiFi is working.
2025-08-25 19:13:51,855 [INFO] WiFi is working.
2025-08-25 19:14:07,880 [INFO] WiFi is working.
2025-08-25 19:14:23,903 [INFO] WiFi is working.
2025-08-25 19:14:39,925 [INFO] WiFi is working.
2025-08-25 19:14:55,948 [INFO] WiFi is working.
2025-08-25 19:15:11,969 [INFO] WiFi is working.
2025-08-25 19:15:27,992 [INFO] WiFi is working.
2025-08-25 19:15:44,016 [INFO] WiFi is working.
2025-08-25 19:16:00,038 [INFO] WiFi is working.
2025-08-25 19:16:16,061 [INFO] WiFi is working.
2025-08-25 19:16:32,083 [INFO] WiFi is working.
2025-08-25 19:16:48,109 [INFO] WiFi is working.
2025-08-25 19:17:04,128 [INFO] WiFi is working.
2025-08-25 19:17:20,154 [INFO] WiFi is working.
2025-08-25 19:17:36,176 [INFO] WiFi is working.
2025-08-25 19:17:52,200 [INFO] WiFi is working.
2025-08-25 19:18:08,218 [INFO] WiFi is working.
2025-08-25 19:18:24,240 [INFO] WiFi is working.
2025-08-25 19:18:40,262 [INFO] WiFi is working.
2025-08-25 19:18:56,285 [INFO] WiFi is working.
2025-08-25 19:19:12,308 [INFO] WiFi is working.
2025-08-25 19:19:28,332 [INFO] WiFi is working.
2025-08-25 19:19:44,354 [INFO] WiFi is working.
2025-08-25 19:20:00,377 [INFO] WiFi is working.
2025-08-25 19:20:16,399 [INFO] WiFi is working.
2025-08-25 19:20:32,423 [INFO] WiFi is working.
2025-08-25 19:20:48,447 [INFO] WiFi is working.
2025-08-25 19:21:04,470 [INFO] WiFi is working.
2025-08-25 19:21:20,493 [INFO] WiFi is working.
2025-08-25 19:21:36,515 [INFO] WiFi is working.
2025-08-25 19:21:52,538 [INFO] WiFi is working.
2025-08-25 19:22:08,561 [INFO] WiFi is working.
2025-08-25 19:22:24,584 [INFO] WiFi is working.
2025-08-25 19:22:40,608 [INFO] WiFi is working.
2025-08-25 19:22:56,631 [INFO] WiFi is working.
2025-08-25 19:23:12,653 [INFO] WiFi is working.
2025-08-25 19:23:28,676 [INFO] WiFi is working.
2025-08-25 19:23:44,699 [INFO] WiFi is working.
2025-08-25 19:24:00,720 [INFO] WiFi is working.
2025-08-25 19:24:16,749 [INFO] WiFi is working.
2025-08-25 19:24:32,772 [INFO] WiFi is working.
2025-08-25 19:24:48,796 [INFO] WiFi is working.
2025-08-25 19:25:04,818 [INFO] WiFi is working.
2025-08-25 19:25:20,840 [INFO] WiFi is working.
2025-08-25 19:25:36,876 [INFO] WiFi is working.
2025-08-25 19:25:52,899 [INFO] WiFi is working.
2025-08-25 19:26:08,920 [INFO] WiFi is working.
2025-08-25 19:26:24,943 [INFO] WiFi is working.
2025-08-25 19:26:40,967 [INFO] WiFi is working.
2025-08-25 19:26:56,998 [INFO] WiFi is working.
2025-08-25 19:27:13,023 [INFO] WiFi is working.
2025-08-25 19:27:29,046 [INFO] WiFi is working.
2025-08-25 19:27:45,068 [INFO] WiFi is working.
2025-08-25 19:28:01,092 [INFO] WiFi is working.
2025-08-25 19:28:17,123 [INFO] WiFi is working.
2025-08-25 19:28:33,147 [INFO] WiFi is working.
2025-08-25 19:28:49,166 [INFO] WiFi is working.
2025-08-25 19:29:05,189 [INFO] WiFi is working.
2025-08-25 19:29:21,212 [INFO] WiFi is working.
2025-08-25 19:29:37,236 [INFO] WiFi is working.
2025-08-25 19:29:53,258 [INFO] WiFi is working.
2025-08-25 19:30:09,279 [INFO] WiFi is working.
2025-08-25 19:30:25,299 [INFO] WiFi is working.
2025-08-25 19:30:41,321 [INFO] WiFi is working.
2025-08-25 19:30:57,344 [INFO] WiFi is working.
2025-08-25 19:31:13,367 [INFO] WiFi is working.
2025-08-25 19:31:29,390 [INFO] WiFi is working.
2025-08-25 19:31:45,413 [INFO] WiFi is working.
2025-08-25 19:32:01,437 [INFO] WiFi is working.
2025-08-25 19:32:17,460 [INFO] WiFi is working.
2025-08-25 19:32:33,484 [INFO] WiFi is working.
2025-08-25 19:32:49,507 [INFO] WiFi is working.
2025-08-25 19:33:05,531 [INFO] WiFi is working.
2025-08-25 19:33:21,550 [INFO] WiFi is working.
2025-08-25 19:33:37,572 [INFO] WiFi is working.
2025-08-25 19:33:53,598 [INFO] WiFi is working.
2025-08-25 19:34:09,620 [INFO] WiFi is working.
2025-08-25 19:34:25,643 [INFO] WiFi is working.
2025-08-25 19:34:41,666 [INFO] WiFi is working.
2025-08-25 19:34:57,687 [INFO] WiFi is working.
2025-08-25 19:35:13,710 [INFO] WiFi is working.
2025-08-25 19:35:29,733 [INFO] WiFi is working.
2025-08-25 19:35:45,756 [INFO] WiFi is working.
2025-08-25 19:36:01,779 [INFO] WiFi is working.
2025-08-25 19:36:17,802 [INFO] WiFi is working.
2025-08-25 19:36:33,826 [INFO] WiFi is working.
2025-08-25 19:36:49,849 [INFO] WiFi is working.
2025-08-25 19:37:05,872 [INFO] WiFi is working.
2025-08-25 19:37:21,896 [INFO] WiFi is working.
2025-08-25 19:37:37,920 [INFO] WiFi is working.
2025-08-25 19:37:53,939 [INFO] WiFi is working.
2025-08-25 19:38:09,958 [INFO] WiFi is working.
2025-08-25 19:38:25,980 [INFO] WiFi is working.
2025-08-25 19:38:42,003 [INFO] WiFi is working.
2025-08-25 19:38:58,025 [INFO] WiFi is working.
2025-08-25 19:39:14,048 [INFO] WiFi is working.
2025-08-25 19:39:30,071 [INFO] WiFi is working.
2025-08-25 19:39:46,092 [INFO] WiFi is working.
2025-08-25 19:40:02,114 [INFO] WiFi is working.
2025-08-25 19:40:18,137 [INFO] WiFi is working.
2025-08-25 19:40:34,160 [INFO] WiFi is working.
2025-08-25 19:40:50,183 [INFO] WiFi is working.
2025-08-25 19:41:06,207 [INFO] WiFi is working.
2025-08-25 19:41:22,229 [INFO] WiFi is working.
2025-08-25 19:41:38,251 [INFO] WiFi is working.
2025-08-25 19:41:54,270 [INFO] WiFi is working.
2025-08-25 19:42:10,294 [INFO] WiFi is working.
2025-08-25 19:42:26,317 [INFO] WiFi is working.
2025-08-25 19:42:42,340 [INFO] WiFi is working.
2025-08-25 19:42:58,362 [INFO] WiFi is working.
2025-08-25 19:43:14,383 [INFO] WiFi is working.
2025-08-25 19:43:30,406 [INFO] WiFi is working.
2025-08-25 19:43:46,431 [INFO] WiFi is working.
2025-08-25 19:44:02,452 [INFO] WiFi is working.
2025-08-25 19:44:18,475 [INFO] WiFi is working.
2025-08-25 19:44:34,496 [INFO] WiFi is working.
2025-08-25 19:44:50,521 [INFO] WiFi is working.
2025-08-25 19:45:06,544 [INFO] WiFi is working.
2025-08-25 19:45:22,568 [INFO] WiFi is working.
2025-08-25 19:45:38,591 [INFO] WiFi is working.
2025-08-25 19:45:54,615 [INFO] WiFi is working.
2025-08-25 19:46:10,638 [INFO] WiFi is working.
2025-08-25 19:46:26,660 [INFO] WiFi is working.
2025-08-25 19:46:42,682 [INFO] WiFi is working.
2025-08-25 19:46:58,705 [INFO] WiFi is working.
2025-08-25 19:47:14,728 [INFO] WiFi is working.
2025-08-25 19:47:30,748 [INFO] WiFi is working.
2025-08-25 19:47:46,769 [INFO] WiFi is working.
2025-08-25 19:48:02,791 [INFO] WiFi is working.
2025-08-25 19:48:18,814 [INFO] WiFi is working.
2025-08-25 19:48:34,837 [INFO] WiFi is working.
2025-08-25 19:48:50,860 [INFO] WiFi is working.
2025-08-25 19:49:06,882 [INFO] WiFi is working.
2025-08-25 19:49:22,906 [INFO] WiFi is working.
2025-08-25 19:49:38,929 [INFO] WiFi is working.
2025-08-25 19:49:54,951 [INFO] WiFi is working.
2025-08-25 19:50:10,974 [INFO] WiFi is working.
2025-08-25 19:50:27,003 [INFO] WiFi is working.
2025-08-25 19:50:43,026 [INFO] WiFi is working.
2025-08-25 19:50:59,049 [INFO] WiFi is working.
2025-08-25 19:51:15,073 [INFO] WiFi is working.
2025-08-25 19:51:31,096 [INFO] WiFi is working.
2025-08-25 19:51:47,143 [INFO] WiFi is working.
2025-08-25 19:52:03,166 [INFO] WiFi is working.
2025-08-25 19:52:19,192 [INFO] WiFi is working.
2025-08-25 19:52:35,214 [INFO] WiFi is working.
2025-08-25 19:52:51,236 [INFO] WiFi is working.
2025-08-25 19:53:07,263 [INFO] WiFi is working.
2025-08-25 19:53:23,287 [INFO] WiFi is working.
2025-08-25 19:53:39,307 [INFO] WiFi is working.
2025-08-25 19:53:55,328 [INFO] WiFi is working.
2025-08-25 19:54:11,352 [INFO] WiFi is working.
2025-08-25 19:54:27,375 [INFO] WiFi is working.
2025-08-25 19:54:43,398 [INFO] WiFi is working.
2025-08-25 19:54:59,421 [INFO] WiFi is working.
2025-08-25 19:55:15,444 [INFO] WiFi is working.
2025-08-25 19:55:31,467 [INFO] WiFi is working.
2025-08-25 19:55:47,489 [INFO] WiFi is working.
2025-08-25 19:56:03,513 [INFO] WiFi is working.
2025-08-25 19:56:19,536 [INFO] WiFi is working.
2025-08-25 19:56:35,559 [INFO] WiFi is working.
2025-08-25 19:56:51,580 [INFO] WiFi is working.
2025-08-25 19:57:07,605 [INFO] WiFi is working.
2025-08-25 19:57:23,629 [INFO] WiFi is working.
2025-08-25 19:57:39,652 [INFO] WiFi is working.
2025-08-25 19:57:55,675 [INFO] WiFi is working.
2025-08-25 19:58:11,697 [INFO] WiFi is working.
2025-08-25 19:58:27,719 [INFO] WiFi is working.
2025-08-25 19:58:43,741 [INFO] WiFi is working.
2025-08-25 19:58:59,764 [INFO] WiFi is working.
2025-08-25 19:59:15,786 [INFO] WiFi is working.
2025-08-25 19:59:31,805 [INFO] WiFi is working.
2025-08-25 19:59:47,827 [INFO] WiFi is working.
2025-08-25 20:00:03,851 [INFO] WiFi is working.
2025-08-25 20:00:19,874 [INFO] WiFi is working.
2025-08-25 20:00:35,897 [INFO] WiFi is working.
2025-08-25 20:00:51,920 [INFO] WiFi is working.
2025-08-25 20:01:07,942 [INFO] WiFi is working.
2025-08-25 20:01:23,960 [INFO] WiFi is working.
2025-08-25 20:01:39,984 [INFO] WiFi is working.
2025-08-25 20:01:56,007 [INFO] WiFi is working.
2025-08-25 20:02:12,029 [INFO] WiFi is working.
2025-08-25 20:02:28,053 [INFO] WiFi is working.
2025-08-25 20:02:44,075 [INFO] WiFi is working.
2025-08-25 20:03:00,093 [INFO] WiFi is working.
2025-08-25 20:03:16,115 [INFO] WiFi is working.
2025-08-25 20:03:32,140 [INFO] WiFi is working.
2025-08-25 20:03:48,163 [INFO] WiFi is working.
2025-08-25 20:04:04,185 [INFO] WiFi is working.
2025-08-25 20:04:20,207 [INFO] WiFi is working.
2025-08-25 20:04:36,230 [INFO] WiFi is working.
2025-08-25 20:04:52,253 [INFO] WiFi is working.
2025-08-25 20:05:08,277 [INFO] WiFi is working.
2025-08-25 20:05:24,300 [INFO] WiFi is working.
2025-08-25 20:05:40,322 [INFO] WiFi is working.
2025-08-25 20:05:56,346 [INFO] WiFi is working.
2025-08-25 20:06:12,370 [INFO] WiFi is working.
2025-08-25 20:06:28,393 [INFO] WiFi is working.
2025-08-25 20:06:44,415 [INFO] WiFi is working.
2025-08-25 20:07:00,436 [INFO] WiFi is working.
2025-08-25 20:07:16,459 [INFO] WiFi is working.
2025-08-25 20:07:32,482 [INFO] WiFi is working.
2025-08-25 20:07:48,505 [INFO] WiFi is working.
2025-08-25 20:08:04,528 [INFO] WiFi is working.
2025-08-25 20:08:20,548 [INFO] WiFi is working.
2025-08-25 20:08:36,570 [INFO] WiFi is working.
2025-08-25 20:08:52,594 [INFO] WiFi is working.
2025-08-25 20:09:08,618 [INFO] WiFi is working.
2025-08-25 20:09:24,641 [INFO] WiFi is working.
2025-08-25 20:09:40,667 [INFO] WiFi is working.
2025-08-25 20:09:56,690 [INFO] WiFi is working.
2025-08-25 20:10:12,713 [INFO] WiFi is working.
2025-08-25 20:10:28,737 [INFO] WiFi is working.
2025-08-25 20:10:44,760 [INFO] WiFi is working.
2025-08-25 20:11:00,783 [INFO] WiFi is working.
2025-08-25 20:11:16,806 [INFO] WiFi is working.
2025-08-25 20:11:32,829 [INFO] WiFi is working.
2025-08-25 20:11:48,851 [INFO] WiFi is working.
2025-08-25 20:12:04,875 [INFO] WiFi is working.
2025-08-25 20:12:20,896 [INFO] WiFi is working.
2025-08-25 20:12:36,916 [INFO] WiFi is working.
2025-08-25 20:12:52,939 [INFO] WiFi is working.
2025-08-25 20:13:08,961 [INFO] WiFi is working.
2025-08-25 20:13:24,984 [INFO] WiFi is working.
2025-08-25 20:13:41,009 [INFO] WiFi is working.
2025-08-25 20:13:57,028 [INFO] WiFi is working.
2025-08-25 20:14:13,052 [INFO] WiFi is working.
2025-08-25 20:14:29,074 [INFO] WiFi is working.
2025-08-25 20:14:45,098 [INFO] WiFi is working.
2025-08-25 20:15:01,120 [INFO] WiFi is working.
2025-08-25 20:15:17,143 [INFO] WiFi is working.
2025-08-25 20:15:33,166 [INFO] WiFi is working.
2025-08-25 20:15:49,188 [INFO] WiFi is working.
2025-08-25 20:16:05,213 [INFO] WiFi is working.
2025-08-25 20:16:21,236 [INFO] WiFi is working.
2025-08-25 20:16:37,279 [INFO] WiFi is working.
2025-08-25 20:16:53,302 [INFO] WiFi is working.
2025-08-25 20:17:09,324 [INFO] WiFi is working.
2025-08-25 20:17:25,348 [INFO] WiFi is working.
2025-08-25 20:17:41,370 [INFO] WiFi is working.
2025-08-25 20:17:57,411 [INFO] WiFi is working.
2025-08-25 20:18:13,436 [INFO] WiFi is working.
2025-08-25 20:18:29,458 [INFO] WiFi is working.
2025-08-25 20:18:45,480 [INFO] WiFi is working.
2025-08-25 20:19:01,503 [INFO] WiFi is working.
2025-08-25 20:19:17,537 [INFO] WiFi is working.
2025-08-25 20:19:33,561 [INFO] WiFi is working.
2025-08-25 20:19:49,585 [INFO] WiFi is working.
2025-08-25 20:20:05,608 [INFO] WiFi is working.
2025-08-25 20:20:21,631 [INFO] WiFi is working.
2025-08-25 20:20:37,662 [INFO] WiFi is working.
2025-08-25 20:20:53,685 [INFO] WiFi is working.
2025-08-25 20:21:09,708 [INFO] WiFi is working.
2025-08-25 20:21:25,730 [INFO] WiFi is working.
2025-08-25 20:21:41,753 [INFO] WiFi is working.
2025-08-25 20:21:57,775 [INFO] WiFi is working.
2025-08-25 20:22:13,797 [INFO] WiFi is working.
2025-08-25 20:22:29,822 [INFO] WiFi is working.
2025-08-25 20:22:45,845 [INFO] WiFi is working.
2025-08-25 20:23:01,868 [INFO] WiFi is working.
2025-08-25 20:23:17,891 [INFO] WiFi is working.
2025-08-25 20:23:33,914 [INFO] WiFi is working.
2025-08-25 20:23:49,938 [INFO] WiFi is working.
2025-08-25 20:24:05,960 [INFO] WiFi is working.
2025-08-25 20:24:21,980 [INFO] WiFi is working.
2025-08-25 20:24:38,002 [INFO] WiFi is working.
2025-08-25 20:24:54,025 [INFO] WiFi is working.
2025-08-25 20:25:10,049 [INFO] WiFi is working.
2025-08-25 20:25:26,072 [INFO] WiFi is working.
2025-08-25 20:25:42,095 [INFO] WiFi is working.
2025-08-25 20:25:58,116 [INFO] WiFi is working.
2025-08-25 20:26:14,137 [INFO] WiFi is working.
2025-08-25 20:26:30,159 [INFO] WiFi is working.
2025-08-25 20:26:46,183 [INFO] WiFi is working.
2025-08-25 20:27:02,205 [INFO] WiFi is working.
2025-08-25 20:27:18,226 [INFO] WiFi is working.
2025-08-25 20:27:34,246 [INFO] WiFi is working.
2025-08-25 20:27:50,269 [INFO] WiFi is working.
2025-08-25 20:28:06,292 [INFO] WiFi is working.
2025-08-25 20:28:22,314 [INFO] WiFi is working.
2025-08-25 20:28:38,335 [INFO] WiFi is working.
2025-08-25 20:28:54,358 [INFO] WiFi is working.
2025-08-25 20:29:10,381 [INFO] WiFi is working.
2025-08-25 20:29:26,403 [INFO] WiFi is working.
2025-08-25 20:29:42,426 [INFO] WiFi is working.
2025-08-25 20:29:58,451 [INFO] WiFi is working.
2025-08-25 20:30:14,468 [INFO] WiFi is working.
2025-08-25 20:30:30,489 [INFO] WiFi is working.
2025-08-25 20:30:46,513 [INFO] WiFi is working.
2025-08-25 20:31:02,536 [INFO] WiFi is working.
2025-08-25 20:31:18,558 [INFO] WiFi is working.
2025-08-25 20:31:34,580 [INFO] WiFi is working.
2025-08-25 20:31:50,604 [INFO] WiFi is working.
2025-08-25 20:32:06,626 [INFO] WiFi is working.
2025-08-25 20:32:22,646 [INFO] WiFi is working.
2025-08-25 20:32:38,669 [INFO] WiFi is working.
2025-08-25 20:32:54,691 [INFO] WiFi is working.
2025-08-25 20:33:10,712 [INFO] WiFi is working.
2025-08-25 20:33:26,735 [INFO] WiFi is working.
2025-08-25 20:33:42,757 [INFO] WiFi is working.
2025-08-25 20:33:58,780 [INFO] WiFi is working.
2025-08-25 20:34:14,804 [INFO] WiFi is working.
2025-08-25 20:34:30,827 [INFO] WiFi is working.
2025-08-25 20:34:46,850 [INFO] WiFi is working.
2025-08-25 20:35:02,872 [INFO] WiFi is working.
2025-08-25 20:35:18,894 [INFO] WiFi is working.
2025-08-25 20:35:34,914 [INFO] WiFi is working.
2025-08-25 20:35:50,937 [INFO] WiFi is working.
2025-08-25 20:36:06,958 [INFO] WiFi is working.
2025-08-25 20:36:22,982 [INFO] WiFi is working.
2025-08-25 20:36:39,001 [INFO] WiFi is working.
2025-08-25 20:36:55,026 [INFO] WiFi is working.
2025-08-25 20:37:11,046 [INFO] WiFi is working.
2025-08-25 20:37:27,065 [INFO] WiFi is working.
2025-08-25 20:37:43,087 [INFO] WiFi is working.
2025-08-25 20:37:59,110 [INFO] WiFi is working.
2025-08-25 20:38:15,132 [INFO] WiFi is working.
2025-08-25 20:38:31,158 [INFO] WiFi is working.
2025-08-25 20:38:47,181 [INFO] WiFi is working.
2025-08-25 20:39:03,203 [INFO] WiFi is working.
2025-08-25 20:39:19,226 [INFO] WiFi is working.
2025-08-25 20:39:35,248 [INFO] WiFi is working.
2025-08-25 20:39:51,275 [INFO] WiFi is working.
2025-08-25 20:40:07,297 [INFO] WiFi is working.
2025-08-25 20:40:23,321 [INFO] WiFi is working.
2025-08-25 20:40:39,342 [INFO] WiFi is working.
2025-08-25 20:40:55,365 [INFO] WiFi is working.
2025-08-25 20:41:11,388 [INFO] WiFi is working.
2025-08-25 20:41:27,408 [INFO] WiFi is working.
2025-08-25 20:41:43,434 [INFO] WiFi is working.
2025-08-25 20:41:59,456 [INFO] WiFi is working.
2025-08-25 20:42:15,479 [INFO] WiFi is working.
2025-08-25 20:42:31,503 [INFO] WiFi is working.
2025-08-25 20:42:47,533 [INFO] WiFi is working.
2025-08-25 20:43:03,555 [INFO] WiFi is working.
2025-08-25 20:43:19,574 [INFO] WiFi is working.
2025-08-25 20:43:35,597 [INFO] WiFi is working.
2025-08-25 20:43:51,620 [INFO] WiFi is working.
2025-08-25 20:44:07,649 [INFO] WiFi is working.
2025-08-25 20:44:23,672 [INFO] WiFi is working.
2025-08-25 20:44:39,695 [INFO] WiFi is working.
2025-08-25 20:44:55,717 [INFO] WiFi is working.
2025-08-25 20:45:11,741 [INFO] WiFi is working.
2025-08-25 20:45:27,769 [INFO] WiFi is working.
2025-08-25 20:45:43,791 [INFO] WiFi is working.
2025-08-25 20:45:59,814 [INFO] WiFi is working.
2025-08-25 20:46:15,837 [INFO] WiFi is working.
2025-08-25 20:46:31,859 [INFO] WiFi is working.
2025-08-25 20:46:47,887 [INFO] WiFi is working.
2025-08-25 20:47:03,910 [INFO] WiFi is working.
2025-08-25 20:47:19,934 [INFO] WiFi is working.
2025-08-25 20:47:35,956 [INFO] WiFi is working.
2025-08-25 20:47:51,977 [INFO] WiFi is working.
2025-08-25 20:48:08,001 [INFO] WiFi is working.
2025-08-25 20:48:24,025 [INFO] WiFi is working.
2025-08-25 20:48:40,048 [INFO] WiFi is working.
2025-08-25 20:48:56,071 [INFO] WiFi is working.
2025-08-25 20:49:12,096 [INFO] WiFi is working.
2025-08-25 20:49:28,119 [INFO] WiFi is working.
2025-08-25 20:49:44,138 [INFO] WiFi is working.
2025-08-25 20:50:00,160 [INFO] WiFi is working.
2025-08-25 20:50:16,182 [INFO] WiFi is working.
2025-08-25 20:50:32,205 [INFO] WiFi is working.
2025-08-25 20:50:48,228 [INFO] WiFi is working.
2025-08-25 20:51:04,250 [INFO] WiFi is working.
2025-08-25 20:51:20,274 [INFO] WiFi is working.
2025-08-25 20:51:36,296 [INFO] WiFi is working.
2025-08-25 20:51:52,319 [INFO] WiFi is working.
2025-08-25 20:52:08,341 [INFO] WiFi is working.
2025-08-25 20:52:24,365 [INFO] WiFi is working.
2025-08-25 20:52:40,388 [INFO] WiFi is working.
2025-08-25 20:52:56,412 [INFO] WiFi is working.
2025-08-25 20:53:12,435 [INFO] WiFi is working.
2025-08-25 20:53:28,459 [INFO] WiFi is working.
2025-08-25 20:53:44,482 [INFO] WiFi is working.
2025-08-25 20:54:00,505 [INFO] WiFi is working.
2025-08-25 20:54:16,528 [INFO] WiFi is working.
2025-08-25 20:54:32,553 [INFO] WiFi is working.
2025-08-25 20:54:48,577 [INFO] WiFi is working.
2025-08-25 20:55:04,597 [INFO] WiFi is working.
2025-08-25 20:55:20,622 [INFO] WiFi is working.
2025-08-25 20:55:36,644 [INFO] WiFi is working.
2025-08-25 20:55:52,666 [INFO] WiFi is working.
2025-08-25 20:56:08,688 [INFO] WiFi is working.
2025-08-25 20:56:24,711 [INFO] WiFi is working.
2025-08-25 20:56:40,734 [INFO] WiFi is working.
2025-08-25 20:56:56,758 [INFO] WiFi is working.
2025-08-25 20:57:12,783 [INFO] WiFi is working.
2025-08-25 20:57:28,807 [INFO] WiFi is working.
2025-08-25 20:57:44,832 [INFO] WiFi is working.
2025-08-25 20:58:00,855 [INFO] WiFi is working.
2025-08-25 20:58:16,878 [INFO] WiFi is working.
2025-08-25 20:58:32,899 [INFO] WiFi is working.
2025-08-25 20:58:48,923 [INFO] WiFi is working.
2025-08-25 20:59:04,947 [INFO] WiFi is working.
2025-08-25 20:59:20,970 [INFO] WiFi is working.
2025-08-25 20:59:36,992 [INFO] WiFi is working.
2025-08-25 20:59:53,012 [INFO] WiFi is working.
2025-08-25 21:00:09,030 [INFO] WiFi is working.
2025-08-25 21:00:25,052 [INFO] WiFi is working.
2025-08-25 21:00:41,071 [INFO] WiFi is working.
2025-08-25 21:00:57,094 [INFO] WiFi is working.
2025-08-25 21:01:13,118 [INFO] WiFi is working.
2025-08-25 21:01:29,144 [INFO] WiFi is working.
2025-08-25 21:01:45,168 [INFO] WiFi is working.
2025-08-25 21:02:01,191 [INFO] WiFi is working.
2025-08-25 21:02:17,210 [INFO] WiFi is working.
2025-08-25 21:02:33,231 [INFO] WiFi is working.
2025-08-25 21:02:49,254 [INFO] WiFi is working.
2025-08-25 21:03:05,277 [INFO] WiFi is working.
2025-08-25 21:03:21,300 [INFO] WiFi is working.
2025-08-25 21:03:37,321 [INFO] WiFi is working.
2025-08-25 21:03:53,344 [INFO] WiFi is working.
2025-08-25 21:04:09,367 [INFO] WiFi is working.
2025-08-25 21:04:25,388 [INFO] WiFi is working.
2025-08-25 21:04:41,411 [INFO] WiFi is working.
2025-08-25 21:04:57,434 [INFO] WiFi is working.
2025-08-25 21:05:13,457 [INFO] WiFi is working.
2025-08-25 21:05:29,480 [INFO] WiFi is working.
2025-08-25 21:05:45,499 [INFO] WiFi is working.
2025-08-25 21:06:01,523 [INFO] WiFi is working.
2025-08-25 21:06:17,544 [INFO] WiFi is working.
2025-08-25 21:06:33,566 [INFO] WiFi is working.
2025-08-25 21:06:49,589 [INFO] WiFi is working.
2025-08-25 21:07:05,608 [INFO] WiFi is working.
2025-08-25 21:07:21,632 [INFO] WiFi is working.
2025-08-25 21:07:37,655 [INFO] WiFi is working.
2025-08-25 21:07:53,678 [INFO] WiFi is working.
2025-08-25 21:08:09,697 [INFO] WiFi is working.
2025-08-25 21:08:25,719 [INFO] WiFi is working.
2025-08-25 21:08:41,742 [INFO] WiFi is working.
2025-08-25 21:08:57,777 [INFO] WiFi is working.
2025-08-25 21:09:13,800 [INFO] WiFi is working.
2025-08-25 21:09:29,822 [INFO] WiFi is working.
2025-08-25 21:09:45,845 [INFO] WiFi is working.
2025-08-25 21:10:01,869 [INFO] WiFi is working.
2025-08-25 21:10:17,906 [INFO] WiFi is working.
2025-08-25 21:10:33,929 [INFO] WiFi is working.
2025-08-25 21:10:49,953 [INFO] WiFi is working.
2025-08-25 21:11:05,975 [INFO] WiFi is working.
2025-08-25 21:11:21,997 [INFO] WiFi is working.
2025-08-25 21:11:38,030 [INFO] WiFi is working.
2025-08-25 21:11:54,053 [INFO] WiFi is working.
2025-08-25 21:12:10,075 [INFO] WiFi is working.
2025-08-25 21:12:26,098 [INFO] WiFi is working.
2025-08-25 21:12:42,121 [INFO] WiFi is working.
2025-08-25 21:12:58,144 [INFO] WiFi is working.
2025-08-25 21:13:14,165 [INFO] WiFi is working.
2025-08-25 21:13:30,187 [INFO] WiFi is working.
2025-08-25 21:13:46,207 [INFO] WiFi is working.
2025-08-25 21:14:02,227 [INFO] WiFi is working.
2025-08-25 21:14:18,249 [INFO] WiFi is working.
2025-08-25 21:14:34,273 [INFO] WiFi is working.
2025-08-25 21:14:50,295 [INFO] WiFi is working.
2025-08-25 21:15:06,320 [INFO] WiFi is working.
2025-08-25 21:15:22,340 [INFO] WiFi is working.
2025-08-25 21:15:38,363 [INFO] WiFi is working.
2025-08-25 21:15:54,386 [INFO] WiFi is working.
2025-08-25 21:16:10,409 [INFO] WiFi is working.
2025-08-25 21:16:26,432 [INFO] WiFi is working.
2025-08-25 21:16:42,453 [INFO] WiFi is working.
2025-08-25 21:16:58,477 [INFO] WiFi is working.
2025-08-25 21:17:14,499 [INFO] WiFi is working.
2025-08-25 21:17:30,521 [INFO] WiFi is working.
2025-08-25 21:17:46,543 [INFO] WiFi is working.
2025-08-25 21:18:02,567 [INFO] WiFi is working.
2025-08-25 21:18:18,589 [INFO] WiFi is working.
2025-08-25 21:18:34,613 [INFO] WiFi is working.
2025-08-25 21:18:50,636 [INFO] WiFi is working.
2025-08-25 21:19:06,673 [INFO] WiFi is working.
2025-08-25 21:19:22,696 [INFO] WiFi is working.
2025-08-25 21:19:38,718 [INFO] WiFi is working.
2025-08-25 21:19:54,738 [INFO] WiFi is working.
2025-08-25 21:20:10,761 [INFO] WiFi is working.
2025-08-25 21:20:26,784 [INFO] WiFi is working.
2025-08-25 21:20:42,806 [INFO] WiFi is working.
2025-08-25 21:20:58,828 [INFO] WiFi is working.
2025-08-25 21:21:14,851 [INFO] WiFi is working.
2025-08-25 21:21:30,873 [INFO] WiFi is working.
2025-08-25 21:21:46,896 [INFO] WiFi is working.
2025-08-25 21:22:02,918 [INFO] WiFi is working.
2025-08-25 21:22:18,941 [INFO] WiFi is working.
2025-08-25 21:22:34,963 [INFO] WiFi is working.
2025-08-25 21:22:50,986 [INFO] WiFi is working.
2025-08-25 21:23:07,008 [INFO] WiFi is working.
2025-08-25 21:23:23,030 [INFO] WiFi is working.
2025-08-25 21:23:39,053 [INFO] WiFi is working.
2025-08-25 21:23:55,075 [INFO] WiFi is working.
2025-08-25 21:24:11,098 [INFO] WiFi is working.
2025-08-25 21:24:27,122 [INFO] WiFi is working.
2025-08-25 21:24:43,145 [INFO] WiFi is working.
2025-08-25 21:24:59,168 [INFO] WiFi is working.
2025-08-25 21:25:15,191 [INFO] WiFi is working.
2025-08-25 21:25:31,212 [INFO] WiFi is working.
2025-08-25 21:25:47,234 [INFO] WiFi is working.
2025-08-25 21:26:03,270 [INFO] WiFi is working.
2025-08-25 21:26:19,293 [INFO] WiFi is working.
2025-08-25 21:26:35,315 [INFO] WiFi is working.
2025-08-25 21:26:51,337 [INFO] WiFi is working.
2025-08-25 21:27:07,361 [INFO] WiFi is working.
2025-08-25 21:27:23,384 [INFO] WiFi is working.
2025-08-25 21:27:39,409 [INFO] WiFi is working.
2025-08-25 21:27:55,432 [INFO] WiFi is working.
2025-08-25 21:28:11,456 [INFO] WiFi is working.
2025-08-25 21:28:27,474 [INFO] WiFi is working.
2025-08-25 21:28:43,496 [INFO] WiFi is working.
2025-08-25 21:28:59,519 [INFO] WiFi is working.
2025-08-25 21:29:15,542 [INFO] WiFi is working.
2025-08-25 21:29:31,567 [INFO] WiFi is working.
2025-08-25 21:29:47,594 [INFO] WiFi is working.
2025-08-25 21:30:03,617 [INFO] WiFi is working.
2025-08-25 21:30:19,641 [INFO] WiFi is working.
2025-08-25 21:30:35,664 [INFO] WiFi is working.
2025-08-25 21:30:51,686 [INFO] WiFi is working.
2025-08-25 21:31:07,708 [INFO] WiFi is working.
2025-08-25 21:31:23,735 [INFO] WiFi is working.
2025-08-25 21:31:39,757 [INFO] WiFi is working.
2025-08-25 21:31:55,780 [INFO] WiFi is working.
2025-08-25 21:32:11,803 [INFO] WiFi is working.
2025-08-25 21:32:27,826 [INFO] WiFi is working.
2025-08-25 21:32:43,864 [INFO] WiFi is working.
2025-08-25 21:32:59,886 [INFO] WiFi is working.
2025-08-25 21:33:15,909 [INFO] WiFi is working.
2025-08-25 21:33:31,931 [INFO] WiFi is working.
2025-08-25 21:33:47,954 [INFO] WiFi is working.
2025-08-25 21:34:03,976 [INFO] WiFi is working.
2025-08-25 21:34:19,999 [INFO] WiFi is working.
2025-08-25 21:34:36,018 [INFO] WiFi is working.
2025-08-25 21:34:52,041 [INFO] WiFi is working.
2025-08-25 21:35:08,090 [INFO] WiFi is working.
2025-08-25 21:35:24,114 [INFO] WiFi is working.
2025-08-25 21:35:40,146 [INFO] WiFi is working.
2025-08-25 21:35:56,169 [INFO] WiFi is working.
2025-08-25 21:36:12,192 [INFO] WiFi is working.
2025-08-25 21:36:28,220 [INFO] WiFi is working.
2025-08-25 21:36:44,244 [INFO] WiFi is working.
2025-08-25 21:37:00,268 [INFO] WiFi is working.
2025-08-25 21:37:16,291 [INFO] WiFi is working.
2025-08-25 21:37:32,313 [INFO] WiFi is working.
2025-08-25 21:37:48,347 [INFO] WiFi is working.
2025-08-25 21:38:04,374 [INFO] WiFi is working.
2025-08-25 21:38:20,397 [INFO] WiFi is working.
2025-08-25 21:38:36,420 [INFO] WiFi is working.
2025-08-25 21:38:52,443 [INFO] WiFi is working.
2025-08-25 21:39:08,476 [INFO] WiFi is working.
2025-08-25 21:39:24,499 [INFO] WiFi is working.
2025-08-25 21:39:40,522 [INFO] WiFi is working.
2025-08-25 21:39:56,544 [INFO] WiFi is working.
2025-08-25 21:40:12,566 [INFO] WiFi is working.
2025-08-25 21:40:28,587 [INFO] WiFi is working.
2025-08-25 21:40:44,610 [INFO] WiFi is working.
2025-08-25 21:41:00,632 [INFO] WiFi is working.
2025-08-25 21:41:16,654 [INFO] WiFi is working.
2025-08-25 21:41:32,677 [INFO] WiFi is working.
2025-08-25 21:41:48,701 [INFO] WiFi is working.
2025-08-25 21:42:04,723 [INFO] WiFi is working.
2025-08-25 21:42:20,746 [INFO] WiFi is working.
2025-08-25 21:42:36,769 [INFO] WiFi is working.
2025-08-25 21:42:52,791 [INFO] WiFi is working.
2025-08-25 21:43:08,814 [INFO] WiFi is working.
2025-08-25 21:43:24,834 [INFO] WiFi is working.
2025-08-25 21:43:40,857 [INFO] WiFi is working.
2025-08-25 21:43:56,878 [INFO] WiFi is working.
2025-08-25 21:44:12,901 [INFO] WiFi is working.
2025-08-25 21:44:28,925 [INFO] WiFi is working.
2025-08-25 21:44:44,947 [INFO] WiFi is working.
2025-08-25 21:45:00,970 [INFO] WiFi is working.
2025-08-25 21:45:16,993 [INFO] WiFi is working.
2025-08-25 21:45:33,016 [INFO] WiFi is working.
2025-08-25 21:45:49,038 [INFO] WiFi is working.
2025-08-25 21:46:05,061 [INFO] WiFi is working.
2025-08-25 21:46:21,084 [INFO] WiFi is working.
2025-08-25 21:46:37,106 [INFO] WiFi is working.
2025-08-25 21:46:53,127 [INFO] WiFi is working.
2025-08-25 21:47:09,149 [INFO] WiFi is working.
2025-08-25 21:47:25,171 [INFO] WiFi is working.
2025-08-25 21:47:41,191 [INFO] WiFi is working.
2025-08-25 21:47:57,213 [INFO] WiFi is working.
2025-08-25 21:48:13,236 [INFO] WiFi is working.
2025-08-25 21:48:29,259 [INFO] WiFi is working.
2025-08-25 21:48:45,282 [INFO] WiFi is working.
2025-08-25 21:49:01,304 [INFO] WiFi is working.
2025-08-25 21:49:17,330 [INFO] WiFi is working.
2025-08-25 21:49:33,354 [INFO] WiFi is working.
2025-08-25 21:49:49,376 [INFO] WiFi is working.
2025-08-25 21:50:05,398 [INFO] WiFi is working.
2025-08-25 21:50:21,421 [INFO] WiFi is working.
2025-08-25 21:50:37,443 [INFO] WiFi is working.
2025-08-25 21:50:53,466 [INFO] WiFi is working.
2025-08-25 21:51:09,490 [INFO] WiFi is working.
2025-08-25 21:51:25,513 [INFO] WiFi is working.
2025-08-25 21:51:41,535 [INFO] WiFi is working.
2025-08-25 21:51:57,557 [INFO] WiFi is working.
2025-08-25 21:52:13,581 [INFO] WiFi is working.
2025-08-25 21:52:29,604 [INFO] WiFi is working.
2025-08-25 21:52:45,627 [INFO] WiFi is working.
2025-08-25 21:53:01,650 [INFO] WiFi is working.
2025-08-25 21:53:17,676 [INFO] WiFi is working.
2025-08-25 21:53:33,697 [INFO] WiFi is working.
2025-08-25 21:53:49,721 [INFO] WiFi is working.
2025-08-25 21:54:05,744 [INFO] WiFi is working.
2025-08-25 21:54:21,766 [INFO] WiFi is working.
2025-08-25 21:54:37,793 [INFO] WiFi is working.
2025-08-25 21:54:53,817 [INFO] WiFi is working.
2025-08-25 21:55:09,840 [INFO] WiFi is working.
2025-08-25 21:55:25,863 [INFO] WiFi is working.
2025-08-25 21:55:41,890 [INFO] WiFi is working.
2025-08-25 21:55:57,915 [INFO] WiFi is working.
2025-08-25 21:56:13,934 [INFO] WiFi is working.
2025-08-25 21:56:29,955 [INFO] WiFi is working.
2025-08-25 21:56:45,980 [INFO] WiFi is working.
2025-08-25 21:57:02,003 [INFO] WiFi is working.
2025-08-25 21:57:18,026 [INFO] WiFi is working.
2025-08-25 21:57:34,048 [INFO] WiFi is working.
2025-08-25 21:57:50,071 [INFO] WiFi is working.
2025-08-25 21:58:06,093 [INFO] WiFi is working.
2025-08-25 21:58:22,115 [INFO] WiFi is working.
2025-08-25 21:58:38,139 [INFO] WiFi is working.
2025-08-25 21:58:54,162 [INFO] WiFi is working.
2025-08-25 21:59:10,185 [INFO] WiFi is working.
2025-08-25 21:59:26,208 [INFO] WiFi is working.
2025-08-25 21:59:42,232 [INFO] WiFi is working.
2025-08-25 21:59:58,254 [INFO] WiFi is working.
2025-08-25 22:00:14,278 [INFO] WiFi is working.
2025-08-25 22:00:30,302 [INFO] WiFi is working.
2025-08-25 22:00:46,324 [INFO] WiFi is working.
2025-08-25 22:01:02,347 [INFO] WiFi is working.
2025-08-25 22:01:18,382 [INFO] WiFi is working.
2025-08-25 22:01:34,406 [INFO] WiFi is working.
2025-08-25 22:01:50,429 [INFO] WiFi is working.
2025-08-25 22:02:06,454 [INFO] WiFi is working.
2025-08-25 22:02:22,476 [INFO] WiFi is working.
2025-08-25 22:02:38,505 [INFO] WiFi is working.
2025-08-25 22:02:54,528 [INFO] WiFi is working.
2025-08-25 22:03:10,554 [INFO] WiFi is working.
2025-08-25 22:03:26,581 [INFO] WiFi is working.
2025-08-25 22:03:42,605 [INFO] WiFi is working.
2025-08-25 22:03:58,652 [INFO] WiFi is working.
2025-08-25 22:04:14,675 [INFO] WiFi is working.
2025-08-25 22:04:30,696 [INFO] WiFi is working.
2025-08-25 22:04:46,719 [INFO] WiFi is working.
2025-08-25 22:05:02,743 [INFO] WiFi is working.
2025-08-25 22:05:18,767 [INFO] WiFi is working.
2025-08-25 22:05:34,789 [INFO] WiFi is working.
2025-08-25 22:05:50,812 [INFO] WiFi is working.
2025-08-25 22:06:06,835 [INFO] WiFi is working.
2025-08-25 22:06:22,858 [INFO] WiFi is working.
2025-08-25 22:06:38,880 [INFO] WiFi is working.
2025-08-25 22:06:54,904 [INFO] WiFi is working.
2025-08-25 22:07:10,927 [INFO] WiFi is working.
2025-08-25 22:07:26,951 [INFO] WiFi is working.
2025-08-25 22:07:42,974 [INFO] WiFi is working.
2025-08-25 22:07:59,029 [INFO] WiFi is working.
2025-08-25 22:08:15,047 [INFO] WiFi is working.
2025-08-25 22:08:31,069 [INFO] WiFi is working.
2025-08-25 22:08:47,091 [INFO] WiFi is working.
2025-08-25 22:09:03,114 [INFO] WiFi is working.
2025-08-25 22:09:19,137 [INFO] WiFi is working.
2025-08-25 22:09:35,160 [INFO] WiFi is working.
2025-08-25 22:09:51,182 [INFO] WiFi is working.
2025-08-25 22:10:07,206 [INFO] WiFi is working.
2025-08-25 22:10:23,228 [INFO] WiFi is working.
2025-08-25 22:10:39,250 [INFO] WiFi is working.
2025-08-25 22:10:55,278 [INFO] WiFi is working.
2025-08-25 22:11:11,300 [INFO] WiFi is working.
2025-08-25 22:11:27,323 [INFO] WiFi is working.
2025-08-25 22:11:43,351 [INFO] WiFi is working.
2025-08-25 22:11:59,375 [INFO] WiFi is working.
2025-08-25 22:12:15,393 [INFO] WiFi is working.
2025-08-25 22:12:31,419 [INFO] WiFi is working.
2025-08-25 22:12:47,444 [INFO] WiFi is working.
2025-08-25 22:13:03,470 [INFO] WiFi is working.
2025-08-25 22:13:19,492 [INFO] WiFi is working.
2025-08-25 22:13:35,514 [INFO] WiFi is working.
2025-08-25 22:13:51,537 [INFO] WiFi is working.
2025-08-25 22:14:07,560 [INFO] WiFi is working.
2025-08-25 22:14:23,584 [INFO] WiFi is working.
2025-08-25 22:14:39,607 [INFO] WiFi is working.
2025-08-25 22:14:55,629 [INFO] WiFi is working.
2025-08-25 22:15:11,652 [INFO] WiFi is working.
2025-08-25 22:15:27,676 [INFO] WiFi is working.
2025-08-25 22:15:43,703 [INFO] WiFi is working.
2025-08-25 22:15:59,726 [INFO] WiFi is working.
2025-08-25 22:16:15,750 [INFO] WiFi is working.
2025-08-25 22:16:31,772 [INFO] WiFi is working.
2025-08-25 22:16:47,794 [INFO] WiFi is working.
2025-08-25 22:17:03,818 [INFO] WiFi is working.
2025-08-25 22:17:19,845 [INFO] WiFi is working.
2025-08-25 22:17:35,869 [INFO] WiFi is working.
2025-08-25 22:17:51,890 [INFO] WiFi is working.
2025-08-25 22:18:07,913 [INFO] WiFi is working.
2025-08-25 22:18:23,939 [INFO] WiFi is working.
2025-08-25 22:18:39,961 [INFO] WiFi is working.
2025-08-25 22:18:55,986 [INFO] WiFi is working.
2025-08-25 22:19:12,008 [INFO] WiFi is working.
2025-08-25 22:19:28,030 [INFO] WiFi is working.
2025-08-25 22:19:44,052 [INFO] WiFi is working.
2025-08-25 22:20:00,077 [INFO] WiFi is working.
2025-08-25 22:20:16,099 [INFO] WiFi is working.
2025-08-25 22:20:32,122 [INFO] WiFi is working.
2025-08-25 22:20:48,150 [INFO] WiFi is working.
2025-08-25 22:21:04,173 [INFO] WiFi is working.
2025-08-25 22:21:20,197 [INFO] WiFi is working.
2025-08-25 22:21:36,219 [INFO] WiFi is working.
2025-08-25 22:21:52,242 [INFO] WiFi is working.
2025-08-25 22:22:08,265 [INFO] WiFi is working.
2025-08-25 22:22:24,288 [INFO] WiFi is working.
2025-08-25 22:22:40,311 [INFO] WiFi is working.
2025-08-25 22:22:56,334 [INFO] WiFi is working.
2025-08-25 22:23:12,356 [INFO] WiFi is working.
2025-08-25 22:23:28,379 [INFO] WiFi is working.
2025-08-25 22:23:44,402 [INFO] WiFi is working.
2025-08-25 22:24:00,425 [INFO] WiFi is working.
2025-08-25 22:24:16,448 [INFO] WiFi is working.
2025-08-25 22:24:32,470 [INFO] WiFi is working.
2025-08-25 22:24:48,493 [INFO] WiFi is working.
2025-08-25 22:25:04,516 [INFO] WiFi is working.
2025-08-25 22:25:20,539 [INFO] WiFi is working.
2025-08-25 22:25:36,561 [INFO] WiFi is working.
2025-08-25 22:25:52,584 [INFO] WiFi is working.
2025-08-25 22:26:08,621 [INFO] WiFi is working.
2025-08-25 22:26:24,643 [INFO] WiFi is working.
2025-08-25 22:26:40,667 [INFO] WiFi is working.
2025-08-25 22:26:56,690 [INFO] WiFi is working.
2025-08-25 22:27:12,714 [INFO] WiFi is working.
2025-08-25 22:27:28,743 [INFO] WiFi is working.
2025-08-25 22:27:44,766 [INFO] WiFi is working.
2025-08-25 22:28:00,789 [INFO] WiFi is working.
2025-08-25 22:28:16,813 [INFO] WiFi is working.
2025-08-25 22:28:32,835 [INFO] WiFi is working.
2025-08-25 22:28:48,865 [INFO] WiFi is working.
2025-08-25 22:29:04,887 [INFO] WiFi is working.
2025-08-25 22:29:20,913 [INFO] WiFi is working.
2025-08-25 22:29:36,952 [INFO] WiFi is working.
2025-08-25 22:29:52,985 [INFO] WiFi is working.
2025-08-25 22:30:09,017 [INFO] WiFi is working.
2025-08-25 22:30:25,040 [INFO] WiFi is working.
2025-08-25 22:30:41,063 [INFO] WiFi is working.
2025-08-25 22:30:57,086 [INFO] WiFi is working.
2025-08-25 22:31:13,109 [INFO] WiFi is working.
2025-08-25 22:31:29,133 [INFO] WiFi is working.
2025-08-25 22:31:45,158 [INFO] WiFi is working.
2025-08-25 22:32:01,180 [INFO] WiFi is working.
2025-08-25 22:32:17,203 [INFO] WiFi is working.
2025-08-25 22:32:33,228 [INFO] WiFi is working.
2025-08-25 22:32:49,250 [INFO] WiFi is working.
2025-08-25 22:33:05,273 [INFO] WiFi is working.
2025-08-25 22:33:21,298 [INFO] WiFi is working.
2025-08-25 22:33:37,323 [INFO] WiFi is working.
2025-08-25 22:33:53,345 [INFO] WiFi is working.
2025-08-25 22:34:09,367 [INFO] WiFi is working.
2025-08-25 22:34:25,390 [INFO] WiFi is working.
2025-08-25 22:34:41,414 [INFO] WiFi is working.
2025-08-25 22:34:57,438 [INFO] WiFi is working.
2025-08-25 22:35:13,462 [INFO] WiFi is working.
2025-08-25 22:35:29,484 [INFO] WiFi is working.
2025-08-25 22:35:45,508 [INFO] WiFi is working.
2025-08-25 22:36:01,530 [INFO] WiFi is working.
2025-08-25 22:36:17,554 [INFO] WiFi is working.
2025-08-25 22:36:33,577 [INFO] WiFi is working.
2025-08-25 22:36:49,599 [INFO] WiFi is working.
2025-08-25 22:37:05,621 [INFO] WiFi is working.
2025-08-25 22:37:21,648 [INFO] WiFi is working.
2025-08-25 22:37:37,671 [INFO] WiFi is working.
2025-08-25 22:37:53,694 [INFO] WiFi is working.
2025-08-25 22:38:09,716 [INFO] WiFi is working.
2025-08-25 22:38:25,738 [INFO] WiFi is working.
2025-08-25 22:38:41,760 [INFO] WiFi is working.
2025-08-25 22:38:57,791 [INFO] WiFi is working.
2025-08-25 22:39:13,814 [INFO] WiFi is working.
2025-08-25 22:39:29,840 [INFO] WiFi is working.
2025-08-25 22:39:45,862 [INFO] WiFi is working.
2025-08-25 22:40:01,885 [INFO] WiFi is working.
2025-08-25 22:40:17,911 [INFO] WiFi is working.
2025-08-25 22:40:33,932 [INFO] WiFi is working.
2025-08-25 22:40:49,954 [INFO] WiFi is working.
2025-08-25 22:41:05,983 [INFO] WiFi is working.
2025-08-25 22:41:22,006 [INFO] WiFi is working.
2025-08-25 22:41:38,028 [INFO] WiFi is working.
2025-08-25 22:41:54,050 [INFO] WiFi is working.
2025-08-25 22:42:10,074 [INFO] WiFi is working.
2025-08-25 22:42:26,097 [INFO] WiFi is working.
2025-08-25 22:42:42,120 [INFO] WiFi is working.
2025-08-25 22:42:58,144 [INFO] WiFi is working.
2025-08-25 22:43:14,168 [INFO] WiFi is working.
2025-08-25 22:43:30,191 [INFO] WiFi is working.
2025-08-25 22:43:46,211 [INFO] WiFi is working.
2025-08-25 22:44:02,232 [INFO] WiFi is working.
2025-08-25 22:44:18,255 [INFO] WiFi is working.
2025-08-25 22:44:34,278 [INFO] WiFi is working.
2025-08-25 22:44:50,300 [INFO] WiFi is working.
2025-08-25 22:45:06,324 [INFO] WiFi is working.
2025-08-25 22:45:22,346 [INFO] WiFi is working.
2025-08-25 22:45:38,370 [INFO] WiFi is working.
2025-08-25 22:45:54,392 [INFO] WiFi is working.
2025-08-25 22:46:10,418 [INFO] WiFi is working.
2025-08-25 22:46:26,444 [INFO] WiFi is working.
2025-08-25 22:46:42,470 [INFO] WiFi is working.
2025-08-25 22:46:58,493 [INFO] WiFi is working.
2025-08-25 22:47:14,516 [INFO] WiFi is working.
2025-08-25 22:47:30,537 [INFO] WiFi is working.
2025-08-25 22:47:46,560 [INFO] WiFi is working.
2025-08-25 22:48:02,584 [INFO] WiFi is working.
2025-08-25 22:48:18,607 [INFO] WiFi is working.
2025-08-25 22:48:34,630 [INFO] WiFi is working.
2025-08-25 22:48:50,652 [INFO] WiFi is working.
2025-08-25 22:49:06,674 [INFO] WiFi is working.
2025-08-25 22:49:22,697 [INFO] WiFi is working.
2025-08-25 22:49:38,719 [INFO] WiFi is working.
2025-08-25 22:49:54,742 [INFO] WiFi is working.
2025-08-25 22:50:10,765 [INFO] WiFi is working.
2025-08-25 22:50:26,788 [INFO] WiFi is working.
2025-08-25 22:50:42,812 [INFO] WiFi is working.
2025-08-25 22:50:58,837 [INFO] WiFi is working.
2025-08-25 22:51:14,859 [INFO] WiFi is working.
2025-08-25 22:51:30,882 [INFO] WiFi is working.
2025-08-25 22:51:46,905 [INFO] WiFi is working.
2025-08-25 22:52:02,928 [INFO] WiFi is working.
2025-08-25 22:52:18,977 [INFO] WiFi is working.
2025-08-25 22:52:35,001 [INFO] WiFi is working.
2025-08-25 22:52:51,023 [INFO] WiFi is working.
2025-08-25 22:53:07,051 [INFO] WiFi is working.
2025-08-25 22:53:23,074 [INFO] WiFi is working.
2025-08-25 22:53:39,102 [INFO] WiFi is working.
2025-08-25 22:53:55,125 [INFO] WiFi is working.
2025-08-25 22:54:11,148 [INFO] WiFi is working.
2025-08-25 22:54:27,173 [INFO] WiFi is working.
2025-08-25 22:54:43,198 [INFO] WiFi is working.
2025-08-25 22:54:59,244 [INFO] WiFi is working.
2025-08-25 22:55:15,267 [INFO] WiFi is working.
2025-08-25 22:55:31,289 [INFO] WiFi is working.
2025-08-25 22:55:47,311 [INFO] WiFi is working.
2025-08-25 22:56:03,334 [INFO] WiFi is working.
2025-08-25 22:56:19,356 [INFO] WiFi is working.
2025-08-25 22:56:35,381 [INFO] WiFi is working.
2025-08-25 22:56:51,406 [INFO] WiFi is working.
2025-08-25 22:57:07,428 [INFO] WiFi is working.
2025-08-25 22:57:23,452 [INFO] WiFi is working.
2025-08-25 22:57:39,475 [INFO] WiFi is working.
2025-08-25 22:57:55,497 [INFO] WiFi is working.
2025-08-25 22:58:11,520 [INFO] WiFi is working.
2025-08-25 22:58:27,542 [INFO] WiFi is working.
2025-08-25 22:58:43,566 [INFO] WiFi is working.
2025-08-25 22:58:59,590 [INFO] WiFi is working.
2025-08-25 22:59:15,613 [INFO] WiFi is working.
2025-08-25 22:59:31,637 [INFO] WiFi is working.
2025-08-25 22:59:47,659 [INFO] WiFi is working.
2025-08-25 23:00:03,682 [INFO] WiFi is working.
2025-08-25 23:00:19,704 [INFO] WiFi is working.
2025-08-25 23:00:35,727 [INFO] WiFi is working.
2025-08-25 23:00:51,749 [INFO] WiFi is working.
2025-08-25 23:01:07,774 [INFO] WiFi is working.
2025-08-25 23:01:23,798 [INFO] WiFi is working.
2025-08-25 23:01:39,821 [INFO] WiFi is working.
2025-08-25 23:01:55,844 [INFO] WiFi is working.
2025-08-25 23:02:11,868 [INFO] WiFi is working.
2025-08-25 23:02:27,892 [INFO] WiFi is working.
2025-08-25 23:02:43,915 [INFO] WiFi is working.
2025-08-25 23:02:59,937 [INFO] WiFi is working.
2025-08-25 23:03:15,960 [INFO] WiFi is working.
2025-08-25 23:03:31,981 [INFO] WiFi is working.
2025-08-25 23:03:48,006 [INFO] WiFi is working.
2025-08-25 23:04:04,028 [INFO] WiFi is working.
2025-08-25 23:04:20,052 [INFO] WiFi is working.
2025-08-25 23:04:36,075 [INFO] WiFi is working.
2025-08-25 23:04:52,097 [INFO] WiFi is working.
2025-08-25 23:05:08,120 [INFO] WiFi is working.
2025-08-25 23:05:24,142 [INFO] WiFi is working.
2025-08-25 23:05:40,165 [INFO] WiFi is working.
2025-08-25 23:05:56,188 [INFO] WiFi is working.
2025-08-25 23:06:12,212 [INFO] WiFi is working.
2025-08-25 23:06:28,233 [INFO] WiFi is working.
2025-08-25 23:06:44,256 [INFO] WiFi is working.
2025-08-25 23:07:00,279 [INFO] WiFi is working.
2025-08-25 23:07:16,303 [INFO] WiFi is working.
2025-08-25 23:07:32,325 [INFO] WiFi is working.
2025-08-25 23:07:48,348 [INFO] WiFi is working.
2025-08-25 23:08:04,372 [INFO] WiFi is working.
2025-08-25 23:08:20,395 [INFO] WiFi is working.
2025-08-25 23:08:36,418 [INFO] WiFi is working.
2025-08-25 23:08:52,441 [INFO] WiFi is working.
2025-08-25 23:09:08,464 [INFO] WiFi is working.
2025-08-25 23:09:24,486 [INFO] WiFi is working.
2025-08-25 23:09:40,509 [INFO] WiFi is working.
2025-08-25 23:09:56,532 [INFO] WiFi is working.
2025-08-25 23:10:12,554 [INFO] WiFi is working.
2025-08-25 23:10:28,579 [INFO] WiFi is working.
2025-08-25 23:10:44,603 [INFO] WiFi is working.
2025-08-25 23:11:00,626 [INFO] WiFi is working.
2025-08-25 23:11:16,650 [INFO] WiFi is working.
2025-08-25 23:11:32,674 [INFO] WiFi is working.
2025-08-25 23:11:48,696 [INFO] WiFi is working.
2025-08-25 23:12:04,720 [INFO] WiFi is working.
2025-08-25 23:12:20,742 [INFO] WiFi is working.
2025-08-25 23:12:36,768 [INFO] WiFi is working.
2025-08-25 23:12:52,794 [INFO] WiFi is working.
2025-08-25 23:13:08,819 [INFO] WiFi is working.
2025-08-25 23:13:24,842 [INFO] WiFi is working.
2025-08-25 23:13:40,865 [INFO] WiFi is working.
2025-08-25 23:13:56,887 [INFO] WiFi is working.
2025-08-25 23:14:12,909 [INFO] WiFi is working.
2025-08-25 23:14:28,932 [INFO] WiFi is working.
2025-08-25 23:14:44,958 [INFO] WiFi is working.
2025-08-25 23:15:00,980 [INFO] WiFi is working.
2025-08-25 23:15:17,004 [INFO] WiFi is working.
2025-08-25 23:15:33,027 [INFO] WiFi is working.
2025-08-25 23:15:49,082 [INFO] WiFi is working.
2025-08-25 23:16:05,104 [INFO] WiFi is working.
2025-08-25 23:16:21,127 [INFO] WiFi is working.
2025-08-25 23:16:37,151 [INFO] WiFi is working.
2025-08-25 23:16:53,175 [INFO] WiFi is working.
2025-08-25 23:17:09,214 [INFO] WiFi is working.
2025-08-25 23:17:25,237 [INFO] WiFi is working.
2025-08-25 23:17:41,260 [INFO] WiFi is working.
2025-08-25 23:17:57,283 [INFO] WiFi is working.
2025-08-25 23:18:13,305 [INFO] WiFi is working.
2025-08-25 23:18:29,345 [INFO] WiFi is working.
2025-08-25 23:18:45,367 [INFO] WiFi is working.
2025-08-25 23:19:01,390 [INFO] WiFi is working.
2025-08-25 23:19:17,416 [INFO] WiFi is working.
2025-08-25 23:19:33,438 [INFO] WiFi is working.
2025-08-25 23:19:49,461 [INFO] WiFi is working.
2025-08-25 23:20:05,486 [INFO] WiFi is working.
2025-08-25 23:20:21,509 [INFO] WiFi is working.
2025-08-25 23:20:37,531 [INFO] WiFi is working.
2025-08-25 23:20:53,553 [INFO] WiFi is working.
2025-08-25 23:21:09,576 [INFO] WiFi is working.
2025-08-25 23:21:25,599 [INFO] WiFi is working.
2025-08-25 23:21:41,621 [INFO] WiFi is working.
2025-08-25 23:21:57,643 [INFO] WiFi is working.
2025-08-25 23:22:13,666 [INFO] WiFi is working.
2025-08-25 23:22:29,690 [INFO] WiFi is working.
2025-08-25 23:22:45,712 [INFO] WiFi is working.
2025-08-25 23:23:01,735 [INFO] WiFi is working.
2025-08-25 23:23:17,758 [INFO] WiFi is working.
2025-08-25 23:23:33,782 [INFO] WiFi is working.
2025-08-25 23:23:49,804 [INFO] WiFi is working.
2025-08-25 23:24:05,827 [INFO] WiFi is working.
2025-08-25 23:24:21,852 [INFO] WiFi is working.
2025-08-25 23:24:37,875 [INFO] WiFi is working.
2025-08-25 23:24:53,898 [INFO] WiFi is working.
2025-08-25 23:25:09,922 [INFO] WiFi is working.
2025-08-25 23:25:25,945 [INFO] WiFi is working.
2025-08-25 23:25:41,968 [INFO] WiFi is working.
2025-08-25 23:25:57,993 [INFO] WiFi is working.
2025-08-25 23:26:14,015 [INFO] WiFi is working.
2025-08-25 23:26:30,039 [INFO] WiFi is working.
2025-08-25 23:26:46,061 [INFO] WiFi is working.
2025-08-25 23:27:02,083 [INFO] WiFi is working.
2025-08-25 23:27:18,105 [INFO] WiFi is working.
2025-08-25 23:27:34,129 [INFO] WiFi is working.
2025-08-25 23:27:50,151 [INFO] WiFi is working.
2025-08-25 23:28:06,174 [INFO] WiFi is working.
2025-08-25 23:28:22,198 [INFO] WiFi is working.
2025-08-25 23:28:38,220 [INFO] WiFi is working.
2025-08-25 23:28:54,242 [INFO] WiFi is working.
2025-08-25 23:29:10,264 [INFO] WiFi is working.
2025-08-25 23:29:26,291 [INFO] WiFi is working.
2025-08-25 23:29:42,317 [INFO] WiFi is working.
2025-08-25 23:29:58,341 [INFO] WiFi is working.
2025-08-25 23:30:14,362 [INFO] WiFi is working.
2025-08-25 23:30:30,385 [INFO] WiFi is working.
2025-08-25 23:30:46,408 [INFO] WiFi is working.
2025-08-25 23:31:02,430 [INFO] WiFi is working.
2025-08-25 23:31:18,452 [INFO] WiFi is working.
2025-08-25 23:31:34,476 [INFO] WiFi is working.
2025-08-25 23:31:50,499 [INFO] WiFi is working.
2025-08-25 23:32:06,522 [INFO] WiFi is working.
2025-08-25 23:32:22,546 [INFO] WiFi is working.
2025-08-25 23:32:38,569 [INFO] WiFi is working.
2025-08-25 23:32:54,594 [INFO] WiFi is working.
2025-08-25 23:33:10,617 [INFO] WiFi is working.
2025-08-25 23:33:26,641 [INFO] WiFi is working.
2025-08-25 23:33:42,664 [INFO] WiFi is working.
2025-08-25 23:33:58,686 [INFO] WiFi is working.
2025-08-25 23:34:14,709 [INFO] WiFi is working.
2025-08-25 23:34:30,735 [INFO] WiFi is working.
2025-08-25 23:34:46,757 [INFO] WiFi is working.
2025-08-25 23:35:02,779 [INFO] WiFi is working.
2025-08-25 23:35:18,801 [INFO] WiFi is working.
2025-08-25 23:35:34,825 [INFO] WiFi is working.
2025-08-25 23:35:50,848 [INFO] WiFi is working.
2025-08-25 23:36:06,871 [INFO] WiFi is working.
2025-08-25 23:36:22,893 [INFO] WiFi is working.
2025-08-25 23:36:38,918 [INFO] WiFi is working.
2025-08-25 23:36:54,941 [INFO] WiFi is working.
2025-08-25 23:37:10,964 [INFO] WiFi is working.
2025-08-25 23:37:26,987 [INFO] WiFi is working.
2025-08-25 23:37:43,010 [INFO] WiFi is working.
2025-08-25 23:37:59,033 [INFO] WiFi is working.
2025-08-25 23:38:15,056 [INFO] WiFi is working.
2025-08-25 23:38:31,079 [INFO] WiFi is working.
2025-08-25 23:38:47,102 [INFO] WiFi is working.
2025-08-25 23:39:03,125 [INFO] WiFi is working.
2025-08-25 23:39:19,149 [INFO] WiFi is working.
2025-08-25 23:39:35,171 [INFO] WiFi is working.
2025-08-25 23:39:51,193 [INFO] WiFi is working.
2025-08-25 23:40:07,216 [INFO] WiFi is working.
2025-08-25 23:40:23,238 [INFO] WiFi is working.
2025-08-25 23:40:39,263 [INFO] WiFi is working.
2025-08-25 23:40:55,287 [INFO] WiFi is working.
2025-08-25 23:41:11,310 [INFO] WiFi is working.
2025-08-25 23:41:27,333 [INFO] WiFi is working.
2025-08-25 23:41:43,357 [INFO] WiFi is working.
2025-08-25 23:41:59,385 [INFO] WiFi is working.
2025-08-25 23:42:15,407 [INFO] WiFi is working.
2025-08-25 23:42:31,431 [INFO] WiFi is working.
2025-08-25 23:42:47,454 [INFO] WiFi is working.
2025-08-25 23:43:03,477 [INFO] WiFi is working.
2025-08-25 23:43:19,512 [INFO] WiFi is working.
2025-08-25 23:43:35,535 [INFO] WiFi is working.
2025-08-25 23:43:51,557 [INFO] WiFi is working.
2025-08-25 23:44:07,580 [INFO] WiFi is working.
2025-08-25 23:44:23,603 [INFO] WiFi is working.
2025-08-25 23:44:39,634 [INFO] WiFi is working.
2025-08-25 23:44:55,656 [INFO] WiFi is working.
2025-08-25 23:45:11,678 [INFO] WiFi is working.
2025-08-25 23:45:27,701 [INFO] WiFi is working.
2025-08-25 23:45:43,723 [INFO] WiFi is working.
2025-08-25 23:45:59,745 [INFO] WiFi is working.
2025-08-25 23:46:15,770 [INFO] WiFi is working.
2025-08-25 23:46:31,798 [INFO] WiFi is working.
2025-08-25 23:46:47,821 [INFO] WiFi is working.
2025-08-25 23:47:03,843 [INFO] WiFi is working.
2025-08-25 23:47:19,866 [INFO] WiFi is working.
2025-08-25 23:47:35,889 [INFO] WiFi is working.
2025-08-25 23:47:51,913 [INFO] WiFi is working.
2025-08-25 23:48:07,936 [INFO] WiFi is working.
2025-08-25 23:48:23,959 [INFO] WiFi is working.
2025-08-25 23:48:39,981 [INFO] WiFi is working.
2025-08-25 23:48:56,005 [INFO] WiFi is working.
2025-08-25 23:49:12,028 [INFO] WiFi is working.
2025-08-25 23:49:28,050 [INFO] WiFi is working.
2025-08-25 23:49:44,075 [INFO] WiFi is working.
2025-08-25 23:50:00,097 [INFO] WiFi is working.
2025-08-25 23:50:16,120 [INFO] WiFi is working.
2025-08-25 23:50:32,145 [INFO] WiFi is working.
2025-08-25 23:50:48,168 [INFO] WiFi is working.
2025-08-25 23:51:04,189 [INFO] WiFi is working.
2025-08-25 23:51:20,213 [INFO] WiFi is working.
2025-08-25 23:51:36,237 [INFO] WiFi is working.
2025-08-25 23:51:52,260 [INFO] WiFi is working.
2025-08-25 23:52:08,284 [INFO] WiFi is working.
2025-08-25 23:52:24,306 [INFO] WiFi is working.
2025-08-25 23:52:40,329 [INFO] WiFi is working.
2025-08-25 23:52:56,353 [INFO] WiFi is working.
2025-08-25 23:53:12,377 [INFO] WiFi is working.
2025-08-25 23:53:28,399 [INFO] WiFi is working.
2025-08-25 23:53:44,424 [INFO] WiFi is working.
2025-08-25 23:54:00,444 [INFO] WiFi is working.
2025-08-25 23:54:16,473 [INFO] WiFi is working.
2025-08-25 23:54:32,497 [INFO] WiFi is working.
2025-08-25 23:54:48,523 [INFO] WiFi is working.
2025-08-25 23:55:04,545 [INFO] WiFi is working.
2025-08-25 23:55:20,568 [INFO] WiFi is working.
2025-08-25 23:55:36,589 [INFO] WiFi is working.
2025-08-25 23:55:52,613 [INFO] WiFi is working.
2025-08-25 23:56:08,636 [INFO] WiFi is working.
2025-08-25 23:56:24,659 [INFO] WiFi is working.
2025-08-25 23:56:40,683 [INFO] WiFi is working.
2025-08-25 23:56:56,707 [INFO] WiFi is working.
2025-08-25 23:57:12,732 [INFO] WiFi is working.
2025-08-25 23:57:28,755 [INFO] WiFi is working.
2025-08-25 23:57:44,778 [INFO] WiFi is working.
2025-08-25 23:58:00,805 [INFO] WiFi is working.
2025-08-25 23:58:16,828 [INFO] WiFi is working.
2025-08-25 23:58:32,854 [INFO] WiFi is working.
2025-08-25 23:58:48,877 [INFO] WiFi is working.
2025-08-25 23:59:04,901 [INFO] WiFi is working.
2025-08-25 23:59:20,923 [INFO] WiFi is working.
2025-08-25 23:59:36,945 [INFO] WiFi is working.
2025-08-25 23:59:52,970 [INFO] WiFi is working.
2025-08-26 00:00:08,993 [INFO] WiFi is working.
2025-08-26 00:00:25,016 [INFO] WiFi is working.
2025-08-26 00:00:41,039 [INFO] WiFi is working.
2025-08-26 00:00:57,061 [INFO] WiFi is working.
2025-08-26 00:01:13,086 [INFO] WiFi is working.
2025-08-26 00:01:29,109 [INFO] WiFi is working.
2025-08-26 00:01:45,132 [INFO] WiFi is working.
2025-08-26 00:02:01,157 [INFO] WiFi is working.
2025-08-26 00:02:17,179 [INFO] WiFi is working.
2025-08-26 00:02:33,202 [INFO] WiFi is working.
2025-08-26 00:02:49,236 [INFO] WiFi is working.
2025-08-26 00:03:05,260 [INFO] WiFi is working.
2025-08-26 00:03:21,285 [INFO] WiFi is working.
2025-08-26 00:03:37,308 [INFO] WiFi is working.
2025-08-26 00:03:53,331 [INFO] WiFi is working.
2025-08-26 00:04:09,353 [INFO] WiFi is working.
2025-08-26 00:04:25,376 [INFO] WiFi is working.
2025-08-26 00:04:41,398 [INFO] WiFi is working.
2025-08-26 00:04:57,421 [INFO] WiFi is working.
2025-08-26 00:05:13,448 [INFO] WiFi is working.
2025-08-26 00:05:29,472 [INFO] WiFi is working.
2025-08-26 00:05:45,494 [INFO] WiFi is working.
2025-08-26 00:06:01,520 [INFO] WiFi is working.
2025-08-26 00:06:17,543 [INFO] WiFi is working.
2025-08-26 00:06:33,566 [INFO] WiFi is working.
2025-08-26 00:06:49,618 [INFO] WiFi is working.
2025-08-26 00:07:05,641 [INFO] WiFi is working.
2025-08-26 00:07:21,663 [INFO] WiFi is working.
2025-08-26 00:07:37,690 [INFO] WiFi is working.
2025-08-26 00:07:53,712 [INFO] WiFi is working.
2025-08-26 00:08:09,745 [INFO] WiFi is working.
2025-08-26 00:08:25,769 [INFO] WiFi is working.
2025-08-26 00:08:41,793 [INFO] WiFi is working.
2025-08-26 00:08:57,815 [INFO] WiFi is working.
2025-08-26 00:09:13,838 [INFO] WiFi is working.
2025-08-26 00:09:29,867 [INFO] WiFi is working.
2025-08-26 00:09:45,894 [INFO] WiFi is working.
2025-08-26 00:10:01,917 [INFO] WiFi is working.
2025-08-26 00:10:17,939 [INFO] WiFi is working.
2025-08-26 00:10:33,963 [INFO] WiFi is working.
2025-08-26 00:10:49,990 [INFO] WiFi is working.
2025-08-26 00:11:06,018 [INFO] WiFi is working.
2025-08-26 00:11:22,041 [INFO] WiFi is working.
2025-08-26 00:11:38,064 [INFO] WiFi is working.
2025-08-26 00:11:54,088 [INFO] WiFi is working.
2025-08-26 00:12:10,112 [INFO] WiFi is working.
2025-08-26 00:12:26,134 [INFO] WiFi is working.
2025-08-26 00:12:42,156 [INFO] WiFi is working.
2025-08-26 00:12:58,179 [INFO] WiFi is working.
2025-08-26 00:13:14,205 [INFO] WiFi is working.
2025-08-26 00:13:30,231 [INFO] WiFi is working.
2025-08-26 00:13:46,257 [INFO] WiFi is working.
2025-08-26 00:14:02,278 [INFO] WiFi is working.
2025-08-26 00:14:18,304 [INFO] WiFi is working.
2025-08-26 00:14:34,327 [INFO] WiFi is working.
2025-08-26 00:14:50,350 [INFO] WiFi is working.
2025-08-26 00:15:06,374 [INFO] WiFi is working.
2025-08-26 00:15:22,403 [INFO] WiFi is working.
2025-08-26 00:15:38,425 [INFO] WiFi is working.
2025-08-26 00:15:54,448 [INFO] WiFi is working.
2025-08-26 00:16:10,474 [INFO] WiFi is working.
2025-08-26 00:16:26,497 [INFO] WiFi is working.
2025-08-26 00:16:42,520 [INFO] WiFi is working.
2025-08-26 00:16:58,546 [INFO] WiFi is working.
2025-08-26 00:17:14,568 [INFO] WiFi is working.
2025-08-26 00:17:30,591 [INFO] WiFi is working.
2025-08-26 00:17:46,618 [INFO] WiFi is working.
2025-08-26 00:18:02,644 [INFO] WiFi is working.
2025-08-26 00:18:18,666 [INFO] WiFi is working.
2025-08-26 00:18:34,690 [INFO] WiFi is working.
2025-08-26 00:18:50,717 [INFO] WiFi is working.
2025-08-26 00:19:06,742 [INFO] WiFi is working.
2025-08-26 00:19:22,766 [INFO] WiFi is working.
2025-08-26 00:19:38,789 [INFO] WiFi is working.
2025-08-26 00:19:54,815 [INFO] WiFi is working.
2025-08-26 00:20:10,838 [INFO] WiFi is working.
2025-08-26 00:20:26,859 [INFO] WiFi is working.
2025-08-26 00:20:42,885 [INFO] WiFi is working.
2025-08-26 00:20:58,909 [INFO] WiFi is working.
2025-08-26 00:21:14,931 [INFO] WiFi is working.
2025-08-26 00:21:30,952 [INFO] WiFi is working.
2025-08-26 00:21:46,975 [INFO] WiFi is working.
2025-08-26 00:22:03,000 [INFO] WiFi is working.
2025-08-26 00:22:19,031 [INFO] WiFi is working.
2025-08-26 00:22:35,054 [INFO] WiFi is working.
2025-08-26 00:22:51,076 [INFO] WiFi is working.
2025-08-26 00:23:07,100 [INFO] WiFi is working.
2025-08-26 00:23:23,123 [INFO] WiFi is working.
2025-08-26 00:23:39,148 [INFO] WiFi is working.
2025-08-26 00:23:55,171 [INFO] WiFi is working.
2025-08-26 00:24:11,194 [INFO] WiFi is working.
2025-08-26 00:24:27,217 [INFO] WiFi is working.
2025-08-26 00:24:43,241 [INFO] WiFi is working.
2025-08-26 00:24:59,269 [INFO] WiFi is working.
2025-08-26 00:25:15,307 [INFO] WiFi is working.
2025-08-26 00:25:31,330 [INFO] WiFi is working.
2025-08-26 00:25:47,352 [INFO] WiFi is working.
2025-08-26 00:26:03,376 [INFO] WiFi is working.
2025-08-26 00:26:19,402 [INFO] WiFi is working.
2025-08-26 00:26:35,426 [INFO] WiFi is working.
2025-08-26 00:26:51,449 [INFO] WiFi is working.
2025-08-26 00:27:07,471 [INFO] WiFi is working.
2025-08-26 00:27:23,499 [INFO] WiFi is working.
2025-08-26 00:27:39,525 [INFO] WiFi is working.
2025-08-26 00:27:55,547 [INFO] WiFi is working.
2025-08-26 00:28:11,570 [INFO] WiFi is working.
2025-08-26 00:28:27,593 [INFO] WiFi is working.
2025-08-26 00:28:43,620 [INFO] WiFi is working.
2025-08-26 00:28:59,641 [INFO] WiFi is working.
2025-08-26 00:29:15,664 [INFO] WiFi is working.
2025-08-26 00:29:31,686 [INFO] WiFi is working.
2025-08-26 00:29:47,710 [INFO] WiFi is working.
2025-08-26 00:30:03,732 [INFO] WiFi is working.
2025-08-26 00:30:19,754 [INFO] WiFi is working.
2025-08-26 00:30:35,779 [INFO] WiFi is working.
2025-08-26 00:30:51,800 [INFO] WiFi is working.
2025-08-26 00:31:07,823 [INFO] WiFi is working.
2025-08-26 00:31:23,851 [INFO] WiFi is working.
2025-08-26 00:31:39,880 [INFO] WiFi is working.
2025-08-26 00:31:55,902 [INFO] WiFi is working.
2025-08-26 00:32:11,925 [INFO] WiFi is working.
2025-08-26 00:32:27,947 [INFO] WiFi is working.
2025-08-26 00:32:43,969 [INFO] WiFi is working.
2025-08-26 00:33:00,005 [INFO] WiFi is working.
2025-08-26 00:33:16,028 [INFO] WiFi is working.
2025-08-26 00:33:32,056 [INFO] WiFi is working.
2025-08-26 00:33:48,079 [INFO] WiFi is working.
2025-08-26 00:34:04,104 [INFO] WiFi is working.
2025-08-26 00:34:20,143 [INFO] WiFi is working.
2025-08-26 00:34:36,168 [INFO] WiFi is working.
2025-08-26 00:34:52,192 [INFO] WiFi is working.
2025-08-26 00:35:08,217 [INFO] WiFi is working.
2025-08-26 00:35:24,239 [INFO] WiFi is working.
2025-08-26 00:35:40,264 [INFO] WiFi is working.
2025-08-26 00:35:56,287 [INFO] WiFi is working.
2025-08-26 00:36:12,309 [INFO] WiFi is working.
2025-08-26 00:36:28,331 [INFO] WiFi is working.
2025-08-26 00:36:44,354 [INFO] WiFi is working.
2025-08-26 00:37:00,376 [INFO] WiFi is working.
2025-08-26 00:37:16,398 [INFO] WiFi is working.
2025-08-26 00:37:32,421 [INFO] WiFi is working.
2025-08-26 00:37:48,443 [INFO] WiFi is working.
2025-08-26 00:38:04,467 [INFO] WiFi is working.
2025-08-26 00:38:20,490 [INFO] WiFi is working.
2025-08-26 00:38:36,512 [INFO] WiFi is working.
2025-08-26 00:38:52,540 [INFO] WiFi is working.
2025-08-26 00:39:08,562 [INFO] WiFi is working.
2025-08-26 00:39:24,586 [INFO] WiFi is working.
2025-08-26 00:39:40,611 [INFO] WiFi is working.
2025-08-26 00:39:56,633 [INFO] WiFi is working.
2025-08-26 00:40:12,656 [INFO] WiFi is working.
2025-08-26 00:40:28,682 [INFO] WiFi is working.
2025-08-26 00:40:44,704 [INFO] WiFi is working.
2025-08-26 00:41:00,727 [INFO] WiFi is working.
2025-08-26 00:41:16,752 [INFO] WiFi is working.
2025-08-26 00:41:32,776 [INFO] WiFi is working.
2025-08-26 00:41:48,799 [INFO] WiFi is working.
2025-08-26 00:42:04,824 [INFO] WiFi is working.
2025-08-26 00:42:20,847 [INFO] WiFi is working.
2025-08-26 00:42:36,869 [INFO] WiFi is working.
2025-08-26 00:42:52,892 [INFO] WiFi is working.
2025-08-26 00:43:08,917 [INFO] WiFi is working.
2025-08-26 00:43:24,939 [INFO] WiFi is working.
2025-08-26 00:43:40,962 [INFO] WiFi is working.
2025-08-26 00:43:56,985 [INFO] WiFi is working.
2025-08-26 00:44:13,008 [INFO] WiFi is working.
2025-08-26 00:44:29,031 [INFO] WiFi is working.
2025-08-26 00:44:45,054 [INFO] WiFi is working.
2025-08-26 00:45:01,077 [INFO] WiFi is working.
2025-08-26 00:45:17,102 [INFO] WiFi is working.
2025-08-26 00:45:33,125 [INFO] WiFi is working.
2025-08-26 00:45:49,148 [INFO] WiFi is working.
2025-08-26 00:46:05,173 [INFO] WiFi is working.
2025-08-26 00:46:21,196 [INFO] WiFi is working.
2025-08-26 00:46:37,218 [INFO] WiFi is working.
2025-08-26 00:46:53,242 [INFO] WiFi is working.
2025-08-26 00:47:09,265 [INFO] WiFi is working.
2025-08-26 00:47:25,288 [INFO] WiFi is working.
2025-08-26 00:47:41,312 [INFO] WiFi is working.
2025-08-26 00:47:57,336 [INFO] WiFi is working.
2025-08-26 00:48:13,358 [INFO] WiFi is working.
2025-08-26 00:48:29,381 [INFO] WiFi is working.
2025-08-26 00:48:45,404 [INFO] WiFi is working.
2025-08-26 00:49:01,427 [INFO] WiFi is working.
2025-08-26 00:49:17,451 [INFO] WiFi is working.
2025-08-26 00:49:33,474 [INFO] WiFi is working.
2025-08-26 00:49:49,497 [INFO] WiFi is working.
2025-08-26 00:50:05,520 [INFO] WiFi is working.
2025-08-26 00:50:21,542 [INFO] WiFi is working.
2025-08-26 00:50:37,578 [INFO] WiFi is working.
2025-08-26 00:50:53,604 [INFO] WiFi is working.
2025-08-26 00:51:09,627 [INFO] WiFi is working.
2025-08-26 00:51:25,649 [INFO] WiFi is working.
2025-08-26 00:51:41,675 [INFO] WiFi is working.
2025-08-26 00:51:57,698 [INFO] WiFi is working.
2025-08-26 00:52:13,729 [INFO] WiFi is working.
2025-08-26 00:52:29,752 [INFO] WiFi is working.
2025-08-26 00:52:45,778 [INFO] WiFi is working.
2025-08-26 00:53:01,800 [INFO] WiFi is working.
2025-08-26 00:53:17,829 [INFO] WiFi is working.
2025-08-26 00:53:33,851 [INFO] WiFi is working.
2025-08-26 00:53:49,878 [INFO] WiFi is working.
2025-08-26 00:54:05,900 [INFO] WiFi is working.
2025-08-26 00:54:21,922 [INFO] WiFi is working.
2025-08-26 00:54:37,946 [INFO] WiFi is working.
2025-08-26 00:54:53,969 [INFO] WiFi is working.
2025-08-26 00:55:09,996 [INFO] WiFi is working.
2025-08-26 00:55:26,022 [INFO] WiFi is working.
2025-08-26 00:55:42,045 [INFO] WiFi is working.
2025-08-26 00:55:58,071 [INFO] WiFi is working.
2025-08-26 00:56:14,093 [INFO] WiFi is working.
2025-08-26 00:56:30,129 [INFO] WiFi is working.
2025-08-26 00:56:46,158 [INFO] WiFi is working.
2025-08-26 00:57:02,182 [INFO] WiFi is working.
2025-08-26 00:57:18,218 [INFO] WiFi is working.
2025-08-26 00:57:34,241 [INFO] WiFi is working.
2025-08-26 00:57:50,277 [INFO] WiFi is working.
2025-08-26 00:58:06,299 [INFO] WiFi is working.
2025-08-26 00:58:22,321 [INFO] WiFi is working.
2025-08-26 00:58:38,344 [INFO] WiFi is working.
2025-08-26 00:58:54,380 [INFO] WiFi is working.
2025-08-26 00:59:10,412 [INFO] WiFi is working.
2025-08-26 00:59:26,436 [INFO] WiFi is working.
2025-08-26 00:59:42,460 [INFO] WiFi is working.
2025-08-26 00:59:58,483 [INFO] WiFi is working.
2025-08-26 01:00:14,505 [INFO] WiFi is working.
2025-08-26 01:00:30,528 [INFO] WiFi is working.
2025-08-26 01:00:46,552 [INFO] WiFi is working.
2025-08-26 01:01:02,574 [INFO] WiFi is working.
2025-08-26 01:01:18,600 [INFO] WiFi is working.
2025-08-26 01:01:34,621 [INFO] WiFi is working.
2025-08-26 01:01:50,643 [INFO] WiFi is working.
2025-08-26 01:02:06,666 [INFO] WiFi is working.
2025-08-26 01:02:22,691 [INFO] WiFi is working.
2025-08-26 01:02:38,714 [INFO] WiFi is working.
2025-08-26 01:02:54,739 [INFO] WiFi is working.
2025-08-26 01:03:10,766 [INFO] WiFi is working.
2025-08-26 01:03:26,794 [INFO] WiFi is working.
2025-08-26 01:03:42,817 [INFO] WiFi is working.
2025-08-26 01:03:58,840 [INFO] WiFi is working.
2025-08-26 01:04:14,866 [INFO] WiFi is working.
2025-08-26 01:04:30,888 [INFO] WiFi is working.
2025-08-26 01:04:46,912 [INFO] WiFi is working.
2025-08-26 01:05:02,935 [INFO] WiFi is working.
2025-08-26 01:05:18,962 [INFO] WiFi is working.
2025-08-26 01:05:34,988 [INFO] WiFi is working.
2025-08-26 01:05:51,010 [INFO] WiFi is working.
2025-08-26 01:06:07,034 [INFO] WiFi is working.
2025-08-26 01:06:23,056 [INFO] WiFi is working.
2025-08-26 01:06:39,079 [INFO] WiFi is working.
2025-08-26 01:06:55,101 [INFO] WiFi is working.
2025-08-26 01:07:11,124 [INFO] WiFi is working.
2025-08-26 01:07:27,147 [INFO] WiFi is working.
2025-08-26 01:07:43,170 [INFO] WiFi is working.
2025-08-26 01:07:59,194 [INFO] WiFi is working.
2025-08-26 01:08:15,217 [INFO] WiFi is working.
2025-08-26 01:08:31,241 [INFO] WiFi is working.
2025-08-26 01:08:47,267 [INFO] WiFi is working.
2025-08-26 01:09:03,289 [INFO] WiFi is working.
2025-08-26 01:09:19,312 [INFO] WiFi is working.
2025-08-26 01:09:35,337 [INFO] WiFi is working.
2025-08-26 01:09:51,359 [INFO] WiFi is working.
2025-08-26 01:10:07,381 [INFO] WiFi is working.
2025-08-26 01:10:23,405 [INFO] WiFi is working.
2025-08-26 01:10:39,430 [INFO] WiFi is working.
2025-08-26 01:10:55,452 [INFO] WiFi is working.
2025-08-26 01:11:11,480 [INFO] WiFi is working.
2025-08-26 01:11:27,510 [INFO] WiFi is working.
2025-08-26 01:11:43,532 [INFO] WiFi is working.
2025-08-26 01:11:59,555 [INFO] WiFi is working.
2025-08-26 01:12:15,584 [INFO] WiFi is working.
2025-08-26 01:12:31,606 [INFO] WiFi is working.
2025-08-26 01:12:47,632 [INFO] WiFi is working.
2025-08-26 01:13:03,655 [INFO] WiFi is working.
2025-08-26 01:13:19,677 [INFO] WiFi is working.
2025-08-26 01:13:35,699 [INFO] WiFi is working.
2025-08-26 01:13:51,720 [INFO] WiFi is working.
2025-08-26 01:14:07,743 [INFO] WiFi is working.
2025-08-26 01:14:23,770 [INFO] WiFi is working.
2025-08-26 01:14:39,793 [INFO] WiFi is working.
2025-08-26 01:14:55,815 [INFO] WiFi is working.
2025-08-26 01:15:11,838 [INFO] WiFi is working.
2025-08-26 01:15:27,860 [INFO] WiFi is working.
2025-08-26 01:15:43,883 [INFO] WiFi is working.
2025-08-26 01:15:59,906 [INFO] WiFi is working.
2025-08-26 01:16:15,928 [INFO] WiFi is working.
2025-08-26 01:16:31,951 [INFO] WiFi is working.
2025-08-26 01:16:47,974 [INFO] WiFi is working.
2025-08-26 01:17:03,999 [INFO] WiFi is working.
2025-08-26 01:17:20,023 [INFO] WiFi is working.
2025-08-26 01:17:36,050 [INFO] WiFi is working.
2025-08-26 01:17:52,073 [INFO] WiFi is working.
2025-08-26 01:18:08,096 [INFO] WiFi is working.
2025-08-26 01:18:24,119 [INFO] WiFi is working.
2025-08-26 01:18:40,148 [INFO] WiFi is working.
2025-08-26 01:18:56,182 [INFO] WiFi is working.
2025-08-26 01:19:12,210 [INFO] WiFi is working.
2025-08-26 01:19:28,243 [INFO] WiFi is working.
2025-08-26 01:19:44,279 [INFO] WiFi is working.
2025-08-26 01:20:00,302 [INFO] WiFi is working.
2025-08-26 01:20:16,328 [INFO] WiFi is working.
2025-08-26 01:20:32,350 [INFO] WiFi is working.
2025-08-26 01:20:48,382 [INFO] WiFi is working.
2025-08-26 01:21:04,407 [INFO] WiFi is working.
2025-08-26 01:21:20,444 [INFO] WiFi is working.
2025-08-26 01:21:36,467 [INFO] WiFi is working.
2025-08-26 01:21:52,490 [INFO] WiFi is working.
2025-08-26 01:22:08,512 [INFO] WiFi is working.
2025-08-26 01:22:24,535 [INFO] WiFi is working.
2025-08-26 01:22:40,566 [INFO] WiFi is working.
2025-08-26 01:22:56,589 [INFO] WiFi is working.
2025-08-26 01:23:12,613 [INFO] WiFi is working.
2025-08-26 01:23:28,636 [INFO] WiFi is working.
2025-08-26 01:23:44,661 [INFO] WiFi is working.
2025-08-26 01:24:00,691 [INFO] WiFi is working.
2025-08-26 01:24:16,713 [INFO] WiFi is working.
2025-08-26 01:24:32,736 [INFO] WiFi is working.
2025-08-26 01:24:48,759 [INFO] WiFi is working.
2025-08-26 01:25:04,784 [INFO] WiFi is working.
2025-08-26 01:25:20,812 [INFO] WiFi is working.
2025-08-26 01:25:36,835 [INFO] WiFi is working.
2025-08-26 01:25:52,858 [INFO] WiFi is working.
2025-08-26 01:26:08,882 [INFO] WiFi is working.
2025-08-26 01:26:24,906 [INFO] WiFi is working.
2025-08-26 01:26:40,930 [INFO] WiFi is working.
2025-08-26 01:26:56,959 [INFO] WiFi is working.
2025-08-26 01:27:12,981 [INFO] WiFi is working.
2025-08-26 01:27:29,008 [INFO] WiFi is working.
2025-08-26 01:27:45,031 [INFO] WiFi is working.
2025-08-26 01:28:01,055 [INFO] WiFi is working.
2025-08-26 01:28:17,078 [INFO] WiFi is working.
2025-08-26 01:28:33,102 [INFO] WiFi is working.
2025-08-26 01:28:49,127 [INFO] WiFi is working.
2025-08-26 01:29:05,152 [INFO] WiFi is working.
2025-08-26 01:29:21,181 [INFO] WiFi is working.
2025-08-26 01:29:37,203 [INFO] WiFi is working.
2025-08-26 01:29:53,226 [INFO] WiFi is working.
2025-08-26 01:30:09,248 [INFO] WiFi is working.
2025-08-26 01:30:25,270 [INFO] WiFi is working.
2025-08-26 01:30:41,293 [INFO] WiFi is working.
2025-08-26 01:30:57,318 [INFO] WiFi is working.
2025-08-26 01:31:13,342 [INFO] WiFi is working.
2025-08-26 01:31:29,364 [INFO] WiFi is working.
2025-08-26 01:31:45,389 [INFO] WiFi is working.
2025-08-26 01:32:01,417 [INFO] WiFi is working.
2025-08-26 01:32:17,445 [INFO] WiFi is working.
2025-08-26 01:32:33,468 [INFO] WiFi is working.
2025-08-26 01:32:49,492 [INFO] WiFi is working.
2025-08-26 01:33:05,514 [INFO] WiFi is working.
2025-08-26 01:33:21,537 [INFO] WiFi is working.
2025-08-26 01:33:37,561 [INFO] WiFi is working.
2025-08-26 01:33:53,584 [INFO] WiFi is working.
2025-08-26 01:34:09,606 [INFO] WiFi is working.
2025-08-26 01:34:25,629 [INFO] WiFi is working.
2025-08-26 01:34:41,655 [INFO] WiFi is working.
2025-08-26 01:34:57,678 [INFO] WiFi is working.
2025-08-26 01:35:13,701 [INFO] WiFi is working.
2025-08-26 01:35:29,724 [INFO] WiFi is working.
2025-08-26 01:35:45,746 [INFO] WiFi is working.
2025-08-26 01:36:01,772 [INFO] WiFi is working.
2025-08-26 01:36:17,796 [INFO] WiFi is working.
2025-08-26 01:36:33,818 [INFO] WiFi is working.
2025-08-26 01:36:49,842 [INFO] WiFi is working.
2025-08-26 01:37:05,863 [INFO] WiFi is working.
2025-08-26 01:37:21,885 [INFO] WiFi is working.
2025-08-26 01:37:37,908 [INFO] WiFi is working.
2025-08-26 01:37:53,931 [INFO] WiFi is working.
2025-08-26 01:38:09,956 [INFO] WiFi is working.
2025-08-26 01:38:25,978 [INFO] WiFi is working.
2025-08-26 01:38:42,001 [INFO] WiFi is working.
2025-08-26 01:38:58,024 [INFO] WiFi is working.
2025-08-26 01:39:14,051 [INFO] WiFi is working.
2025-08-26 01:39:30,073 [INFO] WiFi is working.
2025-08-26 01:39:46,099 [INFO] WiFi is working.
2025-08-26 01:40:02,121 [INFO] WiFi is working.
2025-08-26 01:40:18,145 [INFO] WiFi is working.
2025-08-26 01:40:34,167 [INFO] WiFi is working.
2025-08-26 01:40:50,189 [INFO] WiFi is working.
2025-08-26 01:41:06,212 [INFO] WiFi is working.
2025-08-26 01:41:22,232 [INFO] WiFi is working.
2025-08-26 01:41:38,254 [INFO] WiFi is working.
2025-08-26 01:41:54,277 [INFO] WiFi is working.
2025-08-26 01:42:10,299 [INFO] WiFi is working.
2025-08-26 01:42:26,322 [INFO] WiFi is working.
2025-08-26 01:42:42,345 [INFO] WiFi is working.
2025-08-26 01:42:58,367 [INFO] WiFi is working.
2025-08-26 01:43:14,390 [INFO] WiFi is working.
2025-08-26 01:43:30,412 [INFO] WiFi is working.
2025-08-26 01:43:46,436 [INFO] WiFi is working.
2025-08-26 01:44:02,460 [INFO] WiFi is working.
2025-08-26 01:44:18,483 [INFO] WiFi is working.
2025-08-26 01:44:34,506 [INFO] WiFi is working.
2025-08-26 01:44:50,529 [INFO] WiFi is working.
2025-08-26 01:45:06,552 [INFO] WiFi is working.
2025-08-26 01:45:22,575 [INFO] WiFi is working.
2025-08-26 01:45:38,597 [INFO] WiFi is working.
2025-08-26 01:45:54,620 [INFO] WiFi is working.
2025-08-26 01:46:10,643 [INFO] WiFi is working.
2025-08-26 01:46:26,666 [INFO] WiFi is working.
2025-08-26 01:46:42,689 [INFO] WiFi is working.
2025-08-26 01:46:58,710 [INFO] WiFi is working.
2025-08-26 01:47:14,729 [INFO] WiFi is working.
2025-08-26 01:47:30,766 [INFO] WiFi is working.
2025-08-26 01:47:43,613 [INFO] WiFi is working.
2025-08-26 01:47:59,645 [INFO] WiFi is working.
2025-08-26 01:48:15,678 [INFO] WiFi is working.
2025-08-26 01:48:41,713 [WARNING] WiFi down!
2025-08-26 01:48:41,714 [INFO] Enabling SIM800L mobile connection...
2025-08-26 01:49:07,762 [WARNING] WiFi down!
2025-08-26 16:08:35,409 [INFO] WiFi is working.
2025-08-26 16:08:35,410 [INFO] Disabling SIM800L mobile connection...
2025-08-26 16:08:35,477 [ERROR] Failed to stop PPP: Command '['sudo', 'poff']' returned non-zero exit status 1.
2025-08-26 16:08:51,531 [INFO] WiFi is working.
2025-08-26 16:09:08,540 [INFO] WiFi is working.
2025-08-26 16:09:34,553 [INFO] WiFi is working.
2025-08-26 16:09:50,590 [INFO] WiFi is working.
2025-08-26 16:10:06,637 [INFO] WiFi is working.
2025-08-26 16:10:23,646 [INFO] WiFi is working.
2025-08-26 16:10:49,657 [INFO] WiFi is working.
2025-08-26 16:11:15,680 [WARNING] WiFi down!
2025-08-26 16:11:15,680 [INFO] Enabling SIM800L mobile connection...
2025-08-26 16:11:31,714 [INFO] WiFi is working.
2025-08-26 16:11:31,715 [INFO] Disabling SIM800L mobile connection...
2025-08-26 16:11:31,777 [ERROR] Failed to stop PPP: Command '['sudo', 'poff']' returned non-zero exit status 1.
2025-08-26 16:11:57,785 [INFO] WiFi is working.
2025-08-26 16:12:23,808 [WARNING] WiFi down!
2025-08-26 16:12:23,808 [INFO] Enabling SIM800L mobile connection...
2025-08-26 16:12:39,872 [INFO] WiFi is working.
2025-08-26 16:12:39,872 [INFO] Disabling SIM800L mobile connection...
2025-08-26 16:12:39,935 [ERROR] Failed to stop PPP: Command '['sudo', 'poff']' returned non-zero exit status 1.
2025-08-26 16:12:55,971 [INFO] WiFi is working.
2025-08-26 16:13:12,980 [INFO] WiFi is working.
2025-08-26 16:13:39,007 [WARNING] WiFi down!
2025-08-26 16:13:39,008 [INFO] Enabling SIM800L mobile connection...
2025-08-26 16:13:56,018 [INFO] WiFi is working.
2025-08-26 16:13:56,018 [INFO] Disabling SIM800L mobile connection...
2025-08-26 16:13:56,080 [ERROR] Failed to stop PPP: Command '['sudo', 'poff']' returned non-zero exit status 1.
2025-08-26 16:14:13,089 [INFO] WiFi is working.
2025-08-26 16:14:29,134 [INFO] WiFi is working.
2025-08-26 16:14:55,161 [INFO] WiFi is working.
2025-08-26 16:15:11,197 [INFO] WiFi is working.
2025-08-26 16:15:37,216 [WARNING] WiFi down!
2025-08-26 16:15:37,216 [INFO] Enabling SIM800L mobile connection...
2025-08-26 16:15:54,226 [INFO] WiFi is working.
2025-08-26 16:15:54,227 [INFO] Disabling SIM800L mobile connection...
2025-08-26 16:15:54,291 [ERROR] Failed to stop PPP: Command '['sudo', 'poff']' returned non-zero exit status 1.
2025-08-26 16:16:10,327 [INFO] WiFi is working.
2025-08-26 16:16:36,345 [INFO] WiFi is working.
2025-08-26 16:16:52,384 [INFO] WiFi is working.
2025-08-26 16:17:08,433 [INFO] WiFi is working.
2025-08-26 16:17:34,457 [INFO] WiFi is working.
2025-08-26 16:17:50,495 [INFO] WiFi is working.
2025-08-26 16:18:06,550 [INFO] WiFi is working.
2025-08-26 16:18:22,588 [INFO] WiFi is working.
2025-08-26 16:18:48,601 [INFO] WiFi is working.
2025-08-26 16:19:04,639 [INFO] WiFi is working.
2025-08-26 16:19:20,680 [INFO] WiFi is working.
2025-08-26 16:19:36,715 [INFO] WiFi is working.
2025-08-26 16:20:02,745 [INFO] WiFi is working.
2025-08-26 16:20:18,782 [INFO] WiFi is working.
2025-08-26 16:20:44,793 [INFO] WiFi is working.
2025-08-26 16:21:10,816 [WARNING] WiFi down!
2025-08-26 16:21:10,816 [INFO] Enabling SIM800L mobile connection...
2025-08-26 16:21:26,854 [INFO] WiFi is working.
2025-08-26 16:21:26,854 [INFO] Disabling SIM800L mobile connection...
2025-08-26 16:21:26,918 [ERROR] Failed to stop PPP: Command '['sudo', 'poff']' returned non-zero exit status 1.
2025-08-26 16:21:52,953 [INFO] WiFi is working.
2025-08-26 16:22:08,987 [INFO] WiFi is working.
2025-08-26 16:22:25,996 [INFO] WiFi is working.
2025-08-26 16:22:52,025 [INFO] WiFi is working.
2025-08-26 16:23:08,061 [INFO] WiFi is working.
2025-08-26 16:23:34,080 [WARNING] WiFi down!
2025-08-26 16:23:34,080 [INFO] Enabling SIM800L mobile connection...
2025-08-26 16:23:50,129 [INFO] WiFi is working.
2025-08-26 16:23:50,129 [INFO] Disabling SIM800L mobile connection...
2025-08-26 16:23:50,194 [ERROR] Failed to stop PPP: Command '['sudo', 'poff']' returned non-zero exit status 1.
2025-08-26 16:24:16,217 [INFO] WiFi is working.
2025-08-26 16:24:42,239 [WARNING] WiFi down!
2025-08-26 16:24:42,240 [INFO] Enabling SIM800L mobile connection...
2025-08-26 16:25:08,255 [WARNING] WiFi down!
2025-08-26 16:25:24,292 [INFO] WiFi is working.
2025-08-26 16:25:24,292 [INFO] Disabling SIM800L mobile connection...
2025-08-26 16:25:24,353 [ERROR] Failed to stop PPP: Command '['sudo', 'poff']' returned non-zero exit status 1.
2025-08-26 16:25:40,390 [INFO] WiFi is working.
2025-08-26 16:25:56,425 [INFO] WiFi is working.
2025-08-26 16:26:13,434 [INFO] WiFi is working.
2025-08-26 16:26:29,471 [INFO] WiFi is working.
2025-08-26 16:26:55,481 [INFO] WiFi is working.
2025-08-26 16:27:21,504 [WARNING] WiFi down!
2025-08-26 16:27:21,504 [INFO] Enabling SIM800L mobile connection...
2025-08-26 16:27:47,520 [WARNING] WiFi down!
2025-08-26 16:28:03,554 [INFO] WiFi is working.
2025-08-26 16:28:03,554 [INFO] Disabling SIM800L mobile connection...
2025-08-26 16:28:03,610 [ERROR] Failed to stop PPP: Command '['sudo', 'poff']' returned non-zero exit status 1.
2025-08-26 16:28:19,672 [INFO] WiFi is working.
2025-08-26 16:28:45,689 [INFO] WiFi is working.
2025-08-26 16:29:11,705 [INFO] WiFi is working.
2025-08-26 16:29:37,721 [INFO] WiFi is working.
2025-08-26 16:29:53,758 [INFO] WiFi is working.
2025-08-26 16:30:19,769 [INFO] WiFi is working.
2025-08-26 16:30:45,785 [INFO] WiFi is working.
2025-08-26 16:31:11,801 [INFO] WiFi is working.
2025-08-26 16:31:27,838 [INFO] WiFi is working.
2025-08-26 16:31:44,847 [INFO] WiFi is working.
2025-08-26 16:32:01,856 [INFO] WiFi is working.
2025-08-26 16:32:18,865 [INFO] WiFi is working.
2025-08-26 16:32:44,889 [INFO] WiFi is working.
2025-08-26 16:33:00,925 [INFO] WiFi is working.
2025-08-26 16:33:26,944 [WARNING] WiFi down!
2025-08-26 16:33:26,944 [INFO] Enabling SIM800L mobile connection...
2025-08-26 16:33:52,960 [WARNING] WiFi down!
2025-08-26 16:34:08,998 [INFO] WiFi is working.
2025-08-26 16:34:08,999 [INFO] Disabling SIM800L mobile connection...
2025-08-26 16:34:09,060 [ERROR] Failed to stop PPP: Command '['sudo', 'poff']' returned non-zero exit status 1.
2025-08-26 16:34:25,096 [INFO] WiFi is working.
2025-08-26 16:34:41,133 [INFO] WiFi is working.
2025-08-26 16:35:07,161 [INFO] WiFi is working.
2025-08-26 16:35:23,205 [INFO] WiFi is working.
2025-08-26 16:35:39,242 [INFO] WiFi is working.
2025-08-26 16:36:05,273 [INFO] WiFi is working.
2025-08-26 16:36:21,309 [INFO] WiFi is working.
2025-08-26 16:36:37,346 [INFO] WiFi is working.
2025-08-26 16:36:53,383 [INFO] WiFi is working.
2025-08-26 16:37:10,392 [INFO] WiFi is working.
2025-08-26 16:37:27,401 [INFO] WiFi is working.
2025-08-26 16:37:43,437 [INFO] WiFi is working.
2025-08-26 16:38:09,472 [WARNING] WiFi down!
2025-08-26 16:38:09,472 [INFO] Enabling SIM800L mobile connection...
2025-08-26 16:38:35,488 [WARNING] WiFi down!
2025-08-26 16:39:01,504 [WARNING] WiFi down!
2025-08-26 16:39:17,542 [INFO] WiFi is working.
2025-08-26 16:39:17,543 [INFO] Disabling SIM800L mobile connection...
2025-08-26 16:39:17,603 [ERROR] Failed to stop PPP: Command '['sudo', 'poff']' returned non-zero exit status 1.
2025-08-26 16:39:43,641 [INFO] WiFi is working.
2025-08-26 16:39:59,677 [INFO] WiFi is working.
2025-08-26 16:40:25,689 [INFO] WiFi is working.
2025-08-26 16:40:41,727 [INFO] WiFi is working.
2025-08-26 16:41:07,737 [INFO] WiFi is working.
2025-08-26 16:41:24,746 [INFO] WiFi is working.
2025-08-26 16:41:50,783 [WARNING] WiFi down!
2025-08-26 16:41:50,784 [INFO] Enabling SIM800L mobile connection...
2025-08-26 16:42:06,822 [INFO] WiFi is working.
2025-08-26 16:42:06,823 [INFO] Disabling SIM800L mobile connection...
2025-08-26 16:42:06,883 [ERROR] Failed to stop PPP: Command '['sudo', 'poff']' returned non-zero exit status 1.
2025-08-26 16:42:22,921 [INFO] WiFi is working.
2025-08-26 16:42:39,930 [INFO] WiFi is working.
2025-08-26 16:42:55,969 [INFO] WiFi is working.
2025-08-26 16:43:12,977 [INFO] WiFi is working.
2025-08-26 16:43:39,001 [INFO] WiFi is working.
2025-08-26 16:44:05,023 [WARNING] WiFi down!
2025-08-26 16:44:05,024 [INFO] Enabling SIM800L mobile connection...
2025-08-26 16:44:22,034 [INFO] WiFi is working.
2025-08-26 16:44:22,034 [INFO] Disabling SIM800L mobile connection...
2025-08-26 16:44:22,095 [ERROR] Failed to stop PPP: Command '['sudo', 'poff']' returned non-zero exit status 1.
2025-08-26 16:44:38,130 [INFO] WiFi is working.
2025-08-26 16:45:04,153 [INFO] WiFi is working.
2025-08-26 16:45:30,176 [WARNING] WiFi down!
2025-08-26 16:45:30,176 [INFO] Enabling SIM800L mobile connection...
2025-08-26 16:45:46,216 [INFO] WiFi is working.
2025-08-26 16:45:46,216 [INFO] Disabling SIM800L mobile connection...
2025-08-26 16:45:46,271 [ERROR] Failed to stop PPP: Command '['sudo', 'poff']' returned non-zero exit status 1.
2025-08-26 16:46:12,288 [WARNING] WiFi down!
2025-08-26 16:46:12,288 [INFO] Enabling SIM800L mobile connection...
2025-08-26 16:46:38,297 [INFO] WiFi is working.
2025-08-26 16:46:38,298 [INFO] Disabling SIM800L mobile connection...
2025-08-26 16:46:38,359 [ERROR] Failed to stop PPP: Command '['sudo', 'poff']' returned non-zero exit status 1.
2025-08-26 16:46:55,367 [INFO] WiFi is working.
2025-08-26 16:47:21,408 [WARNING] WiFi down!
2025-08-26 16:47:21,408 [INFO] Enabling SIM800L mobile connection...
2025-08-26 16:47:38,419 [INFO] WiFi is working.
2025-08-26 16:47:38,419 [INFO] Disabling SIM800L mobile connection...
2025-08-26 16:47:38,481 [ERROR] Failed to stop PPP: Command '['sudo', 'poff']' returned non-zero exit status 1.
2025-08-26 16:47:55,489 [INFO] WiFi is working.
2025-08-26 16:48:11,528 [INFO] WiFi is working.
2025-08-26 16:48:37,561 [INFO] WiFi is working.
2025-08-26 16:49:03,577 [INFO] WiFi is working.
2025-08-26 16:49:20,586 [INFO] WiFi is working.
2025-08-26 16:49:37,595 [INFO] WiFi is working.
2025-08-26 16:50:03,616 [WARNING] WiFi down!
2025-08-26 16:50:03,616 [INFO] Enabling SIM800L mobile connection...
2025-08-26 16:50:29,625 [INFO] WiFi is working.
2025-08-26 16:50:29,626 [INFO] Disabling SIM800L mobile connection...
2025-08-26 16:50:29,689 [ERROR] Failed to stop PPP: Command '['sudo', 'poff']' returned non-zero exit status 1.
2025-08-26 16:50:46,698 [INFO] WiFi is working.
2025-08-26 16:51:12,735 [WARNING] WiFi down!
2025-08-26 16:51:12,736 [INFO] Enabling SIM800L mobile connection...
2025-08-26 16:51:38,752 [WARNING] WiFi down!
2025-08-26 16:52:04,768 [WARNING] WiFi down!
2025-08-26 16:52:21,776 [INFO] WiFi is working.
2025-08-26 16:52:21,777 [INFO] Disabling SIM800L mobile connection...
2025-08-26 16:52:21,838 [ERROR] Failed to stop PPP: Command '['sudo', 'poff']' returned non-zero exit status 1.
2025-08-26 16:52:37,878 [INFO] WiFi is working.
2025-08-26 16:52:53,913 [INFO] WiFi is working.
2025-08-26 16:53:19,929 [INFO] WiFi is working.
2025-08-26 16:53:45,945 [INFO] WiFi is working.
2025-08-26 16:54:11,961 [INFO] WiFi is working.
2025-08-26 16:54:28,970 [INFO] WiFi is working.
2025-08-26 16:54:45,007 [INFO] WiFi is working.
2025-08-26 16:55:11,040 [WARNING] WiFi down!
2025-08-26 16:55:11,040 [INFO] Enabling SIM800L mobile connection...
2025-08-26 16:55:27,078 [INFO] WiFi is working.
2025-08-26 16:55:27,079 [INFO] Disabling SIM800L mobile connection...
2025-08-26 16:55:27,133 [ERROR] Failed to stop PPP: Command '['sudo', 'poff']' returned non-zero exit status 1.
2025-08-26 16:55:43,171 [INFO] WiFi is working.
2025-08-26 16:56:09,215 [WARNING] WiFi down!
2025-08-26 16:56:09,216 [INFO] Enabling SIM800L mobile connection...
2025-08-26 16:56:26,226 [INFO] WiFi is working.
2025-08-26 16:56:26,226 [INFO] Disabling SIM800L mobile connection...
2025-08-26 16:56:26,287 [ERROR] Failed to stop PPP: Command '['sudo', 'poff']' returned non-zero exit status 1.
2025-08-26 16:56:52,320 [WARNING] WiFi down!
2025-08-26 16:56:52,320 [INFO] Enabling SIM800L mobile connection...
2025-08-26 16:57:18,336 [WARNING] WiFi down!
2025-08-26 16:57:44,352 [WARNING] WiFi down!
2025-08-26 16:58:00,389 [INFO] WiFi is working.
2025-08-26 16:58:00,390 [INFO] Disabling SIM800L mobile connection...
2025-08-26 16:58:00,444 [ERROR] Failed to stop PPP: Command '['sudo', 'poff']' returned non-zero exit status 1.
2025-08-26 16:58:26,463 [WARNING] WiFi down!
2025-08-26 16:58:26,464 [INFO] Enabling SIM800L mobile connection...
2025-08-26 16:58:52,480 [WARNING] WiFi down!
2025-08-26 16:59:18,489 [INFO] WiFi is working.
2025-08-26 16:59:18,490 [INFO] Disabling SIM800L mobile connection...
2025-08-26 16:59:18,541 [ERROR] Failed to stop PPP: Command '['sudo', 'poff']' returned non-zero exit status 1.
2025-08-26 16:59:44,569 [INFO] WiFi is working.
2025-08-26 17:00:10,591 [WARNING] WiFi down!
2025-08-26 17:00:10,592 [INFO] Enabling SIM800L mobile connection...
2025-08-26 17:00:36,601 [INFO] WiFi is working.
2025-08-26 17:00:36,602 [INFO] Disabling SIM800L mobile connection...
2025-08-26 17:00:36,665 [ERROR] Failed to stop PPP: Command '['sudo', 'poff']' returned non-zero exit status 1.
2025-08-26 17:01:02,687 [WARNING] WiFi down!
2025-08-26 17:01:02,688 [INFO] Enabling SIM800L mobile connection...
2025-08-26 17:01:28,697 [INFO] WiFi is working.
2025-08-26 17:01:28,698 [INFO] Disabling SIM800L mobile connection...
2025-08-26 17:01:28,758 [ERROR] Failed to stop PPP: Command '['sudo', 'poff']' returned non-zero exit status 1.
2025-08-26 17:01:54,777 [INFO] WiFi is working.
2025-08-26 17:02:20,799 [WARNING] WiFi down!
2025-08-26 17:02:20,800 [INFO] Enabling SIM800L mobile connection...
2025-08-26 17:02:37,810 [INFO] WiFi is working.
2025-08-26 17:02:37,811 [INFO] Disabling SIM800L mobile connection...
2025-08-26 17:02:37,870 [ERROR] Failed to stop PPP: Command '['sudo', 'poff']' returned non-zero exit status 1.
2025-08-26 17:02:53,910 [INFO] WiFi is working.
2025-08-26 17:03:10,919 [INFO] WiFi is working.
2025-08-26 17:03:27,929 [INFO] WiFi is working.
2025-08-26 17:03:43,959 [INFO] WiFi is working.
2025-08-26 17:04:00,025 [INFO] WiFi is working.
2025-08-26 17:04:26,048 [WARNING] WiFi down!
2025-08-26 17:04:26,048 [INFO] Enabling SIM800L mobile connection...
2025-08-26 17:04:52,064 [WARNING] WiFi down!
2025-08-26 17:05:18,079 [WARNING] WiFi down!
2025-08-26 17:05:34,117 [INFO] WiFi is working.
2025-08-26 17:05:34,118 [INFO] Disabling SIM800L mobile connection...
2025-08-26 17:05:34,179 [ERROR] Failed to stop PPP: Command '['sudo', 'poff']' returned non-zero exit status 1.
2025-08-26 17:05:50,237 [INFO] WiFi is working.
2025-08-26 17:06:06,276 [INFO] WiFi is working.
2025-08-26 17:06:32,313 [INFO] WiFi is working.
2025-08-26 17:06:49,322 [INFO] WiFi is working.
2025-08-26 17:07:15,360 [WARNING] WiFi down!
2025-08-26 17:07:15,360 [INFO] Enabling SIM800L mobile connection...
2025-08-26 17:07:32,370 [INFO] WiFi is working.
2025-08-26 17:07:32,371 [INFO] Disabling SIM800L mobile connection...
2025-08-26 17:07:32,432 [ERROR] Failed to stop PPP: Command '['sudo', 'poff']' returned non-zero exit status 1.
2025-08-26 17:07:49,441 [INFO] WiFi is working.
2025-08-26 17:08:15,449 [INFO] WiFi is working.
2025-08-26 17:08:31,489 [INFO] WiFi is working.
2025-08-26 17:08:57,497 [INFO] WiFi is working.
2025-08-26 17:09:23,513 [INFO] WiFi is working.
2025-08-26 17:09:39,552 [INFO] WiFi is working.
2025-08-26 17:09:56,561 [INFO] WiFi is working.
2025-08-26 17:10:13,569 [INFO] WiFi is working.
2025-08-26 17:10:39,577 [INFO] WiFi is working.
2025-08-26 17:10:56,586 [INFO] WiFi is working.
2025-08-26 17:11:22,624 [WARNING] WiFi down!
2025-08-26 17:11:22,624 [INFO] Enabling SIM800L mobile connection...
2025-08-26 17:11:39,634 [INFO] WiFi is working.
2025-08-26 17:11:39,635 [INFO] Disabling SIM800L mobile connection...
2025-08-26 17:11:39,695 [ERROR] Failed to stop PPP: Command '['sudo', 'poff']' returned non-zero exit status 1.
2025-08-26 17:12:05,728 [WARNING] WiFi down!
2025-08-26 17:12:05,728 [INFO] Enabling SIM800L mobile connection...
2025-08-26 17:12:21,769 [INFO] WiFi is working.
2025-08-26 17:12:21,769 [INFO] Disabling SIM800L mobile connection...
2025-08-26 17:12:21,829 [ERROR] Failed to stop PPP: Command '['sudo', 'poff']' returned non-zero exit status 1.
2025-08-26 17:12:37,867 [INFO] WiFi is working.
2025-08-26 17:13:03,904 [WARNING] WiFi down!
2025-08-26 17:13:03,904 [INFO] Enabling SIM800L mobile connection...
2025-08-26 17:13:29,919 [WARNING] WiFi down!
2025-08-26 17:13:46,928 [INFO] WiFi is working.
2025-08-26 17:13:46,929 [INFO] Disabling SIM800L mobile connection...
2025-08-26 17:13:46,989 [ERROR] Failed to stop PPP: Command '['sudo', 'poff']' returned non-zero exit status 1.
2025-08-26 17:14:13,017 [INFO] WiFi is working.
2025-08-26 17:14:39,039 [WARNING] WiFi down!
2025-08-26 17:14:39,040 [INFO] Enabling SIM800L mobile connection...
2025-08-26 17:15:05,055 [WARNING] WiFi down!
2025-08-26 17:15:21,095 [INFO] WiFi is working.
2025-08-26 17:15:21,095 [INFO] Disabling SIM800L mobile connection...
2025-08-26 17:15:21,150 [ERROR] Failed to stop PPP: Command '['sudo', 'poff']' returned non-zero exit status 1.
2025-08-26 17:15:38,158 [INFO] WiFi is working.
2025-08-26 17:16:04,185 [INFO] WiFi is working.
2025-08-26 17:16:30,207 [WARNING] WiFi down!
2025-08-26 17:16:30,208 [INFO] Enabling SIM800L mobile connection...
2025-08-26 17:16:47,218 [INFO] WiFi is working.
2025-08-26 17:16:47,219 [INFO] Disabling SIM800L mobile connection...
2025-08-26 17:16:47,275 [ERROR] Failed to stop PPP: Command '['sudo', 'poff']' returned non-zero exit status 1.
2025-08-26 17:17:04,284 [INFO] WiFi is working.
2025-08-26 17:17:21,293 [INFO] WiFi is working.
2025-08-26 17:17:38,302 [INFO] WiFi is working.
2025-08-26 17:17:55,311 [INFO] WiFi is working.
2025-08-26 17:18:11,350 [INFO] WiFi is working.
2025-08-26 17:18:37,376 [WARNING] WiFi down!
2025-08-26 17:18:37,376 [INFO] Enabling SIM800L mobile connection...
2025-08-26 17:19:03,391 [WARNING] WiFi down!
2025-08-26 17:19:19,430 [INFO] WiFi is working.
2025-08-26 17:19:19,431 [INFO] Disabling SIM800L mobile connection...
2025-08-26 17:19:19,491 [ERROR] Failed to stop PPP: Command '['sudo', 'poff']' returned non-zero exit status 1.
2025-08-26 17:19:45,529 [INFO] WiFi is working.
2025-08-26 17:20:01,568 [INFO] WiFi is working.
2025-08-26 17:20:27,577 [INFO] WiFi is working.
2025-08-26 17:20:44,586 [INFO] WiFi is working.
2025-08-26 17:21:10,617 [INFO] WiFi is working.
2025-08-26 17:21:36,640 [WARNING] WiFi down!
2025-08-26 17:21:36,640 [INFO] Enabling SIM800L mobile connection...
2025-08-26 17:22:02,656 [WARNING] WiFi down!
2025-08-26 17:22:28,665 [INFO] WiFi is working.
2025-08-26 17:22:28,666 [INFO] Disabling SIM800L mobile connection...
2025-08-26 17:22:28,726 [ERROR] Failed to stop PPP: Command '['sudo', 'poff']' returned non-zero exit status 1.
2025-08-26 17:22:54,745 [INFO] WiFi is working.
2025-08-26 17:23:10,785 [INFO] WiFi is working.
2025-08-26 17:23:27,794 [INFO] WiFi is working.
2025-08-26 17:23:43,835 [INFO] WiFi is working.
2025-08-26 17:24:09,849 [INFO] WiFi is working.
2025-08-26 17:24:26,858 [INFO] WiFi is working.
2025-08-26 17:24:42,908 [INFO] WiFi is working.
2025-08-26 17:24:58,946 [INFO] WiFi is working.
2025-08-26 17:25:24,985 [INFO] WiFi is working.
2025-08-26 17:25:51,001 [INFO] WiFi is working.
2025-08-26 17:26:07,042 [INFO] WiFi is working.
2025-08-26 17:26:33,088 [WARNING] WiFi down!
2025-08-26 17:26:33,088 [INFO] Enabling SIM800L mobile connection...
2025-08-26 17:26:59,097 [INFO] WiFi is working.
2025-08-26 17:26:59,098 [INFO] Disabling SIM800L mobile connection...
2025-08-26 17:26:59,160 [ERROR] Failed to stop PPP: Command '['sudo', 'poff']' returned non-zero exit status 1.
2025-08-26 17:27:25,177 [INFO] WiFi is working.
2025-08-26 17:27:41,217 [INFO] WiFi is working.
2025-08-26 17:27:57,257 [INFO] WiFi is working.
2025-08-26 17:28:23,289 [INFO] WiFi is working.
2025-08-26 17:28:40,298 [INFO] WiFi is working.
2025-08-26 17:29:06,329 [INFO] WiFi is working.
2025-08-26 17:29:23,339 [INFO] WiFi is working.
2025-08-26 17:29:39,379 [INFO] WiFi is working.
2025-08-26 17:29:55,426 [INFO] WiFi is working.
2025-08-26 17:30:11,467 [INFO] WiFi is working.
2025-08-26 17:30:28,476 [INFO] WiFi is working.
2025-08-26 17:30:44,503 [INFO] WiFi is working.
2025-08-26 17:31:00,544 [INFO] WiFi is working.
2025-08-26 17:31:16,570 [INFO] WiFi is working.
2025-08-26 17:31:42,585 [INFO] WiFi is working.
2025-08-26 17:31:58,619 [INFO] WiFi is working.
2025-08-26 17:32:14,645 [INFO] WiFi is working.
2025-08-26 17:32:30,671 [INFO] WiFi is working.
2025-08-26 17:32:46,698 [INFO] WiFi is working.
2025-08-26 17:33:02,726 [INFO] WiFi is working.
2025-08-26 17:33:18,753 [INFO] WiFi is working.
2025-08-26 17:33:34,782 [INFO] WiFi is working.
2025-08-26 17:33:50,808 [INFO] WiFi is working.
2025-08-26 17:34:06,835 [INFO] WiFi is working.
2025-08-26 17:34:22,861 [INFO] WiFi is working.
2025-08-26 17:34:38,888 [INFO] WiFi is working.
2025-08-26 17:34:54,918 [INFO] WiFi is working.
2025-08-26 17:35:10,944 [INFO] WiFi is working.
2025-08-26 17:35:26,970 [INFO] WiFi is working.
2025-08-26 17:35:42,998 [INFO] WiFi is working.
2025-08-26 17:35:59,023 [INFO] WiFi is working.
2025-08-26 17:36:15,050 [INFO] WiFi is working.
2025-08-26 17:36:31,077 [INFO] WiFi is working.
2025-08-26 17:36:47,103 [INFO] WiFi is working.
2025-08-26 17:37:03,130 [INFO] WiFi is working.
2025-08-26 17:37:19,165 [INFO] WiFi is working.
2025-08-26 17:37:35,192 [INFO] WiFi is working.
2025-08-26 17:37:51,219 [INFO] WiFi is working.
2025-08-26 17:38:07,248 [INFO] WiFi is working.
2025-08-26 17:38:23,276 [INFO] WiFi is working.
2025-08-26 17:38:39,303 [INFO] WiFi is working.
2025-08-26 17:38:55,332 [INFO] WiFi is working.
2025-08-26 17:39:11,360 [INFO] WiFi is working.
2025-08-26 17:39:27,388 [INFO] WiFi is working.
2025-08-26 17:39:43,414 [INFO] WiFi is working.
2025-08-26 17:39:59,440 [INFO] WiFi is working.
2025-08-26 17:40:15,467 [INFO] WiFi is working.
2025-08-26 17:40:31,496 [INFO] WiFi is working.
2025-08-26 17:40:47,523 [INFO] WiFi is working.
2025-08-26 17:41:03,563 [INFO] WiFi is working.
2025-08-26 17:41:19,596 [INFO] WiFi is working.
2025-08-26 17:41:35,622 [INFO] WiFi is working.
2025-08-26 17:41:51,649 [INFO] WiFi is working.
2025-08-26 17:42:07,679 [INFO] WiFi is working.
2025-08-26 17:42:23,712 [INFO] WiFi is working.
2025-08-26 17:42:39,739 [INFO] WiFi is working.
2025-08-26 17:42:55,766 [INFO] WiFi is working.
2025-08-26 17:43:11,795 [INFO] WiFi is working.
2025-08-26 17:43:27,822 [INFO] WiFi is working.
2025-08-26 17:43:43,848 [INFO] WiFi is working.
2025-08-26 17:43:59,874 [INFO] WiFi is working.
2025-08-26 17:44:15,900 [INFO] WiFi is working.
2025-08-26 17:44:31,929 [INFO] WiFi is working.
2025-08-26 17:44:47,956 [INFO] WiFi is working.
2025-08-26 17:45:03,982 [INFO] WiFi is working.
2025-08-26 17:45:20,022 [INFO] WiFi is working.
2025-08-26 17:45:36,048 [INFO] WiFi is working.
2025-08-26 17:45:52,075 [INFO] WiFi is working.
2025-08-26 17:46:08,101 [INFO] WiFi is working.
2025-08-26 17:46:24,128 [INFO] WiFi is working.
2025-08-26 17:46:40,154 [INFO] WiFi is working.
2025-08-26 17:46:56,182 [INFO] WiFi is working.
2025-08-26 17:47:12,209 [INFO] WiFi is working.
2025-08-26 17:47:28,239 [INFO] WiFi is working.
2025-08-26 17:47:44,276 [INFO] WiFi is working.
2025-08-26 17:48:00,304 [INFO] WiFi is working.
2025-08-26 17:48:16,333 [INFO] WiFi is working.
2025-08-26 17:48:32,360 [INFO] WiFi is working.
2025-08-26 17:48:48,391 [INFO] WiFi is working.
2025-08-26 17:49:14,431 [WARNING] WiFi down!
2025-08-26 17:49:14,432 [INFO] Enabling SIM800L mobile connection...
2025-08-26 17:49:30,486 [INFO] WiFi is working.
2025-08-26 17:49:30,486 [INFO] Disabling SIM800L mobile connection...
2025-08-26 17:49:30,546 [ERROR] Failed to stop PPP: Command '['sudo', 'poff']' returned non-zero exit status 1.
2025-08-26 17:49:46,572 [INFO] WiFi is working.
2025-08-26 17:50:02,598 [INFO] WiFi is working.
2025-08-26 17:50:18,625 [INFO] WiFi is working.
2025-08-26 17:50:34,652 [INFO] WiFi is working.
2025-08-26 17:50:50,700 [INFO] WiFi is working.
2025-08-26 17:51:06,726 [INFO] WiFi is working.
2025-08-26 17:51:22,756 [INFO] WiFi is working.
2025-08-26 17:51:48,793 [INFO] WiFi is working.
2025-08-26 17:52:04,824 [INFO] WiFi is working.
2025-08-26 17:52:20,858 [INFO] WiFi is working.
2025-08-26 17:52:36,885 [INFO] WiFi is working.
2025-08-26 17:52:52,912 [INFO] WiFi is working.
2025-08-26 17:53:08,940 [INFO] WiFi is working.
2025-08-26 17:53:24,967 [INFO] WiFi is working.
2025-08-26 17:53:40,994 [INFO] WiFi is working.
2025-08-26 17:54:07,033 [INFO] WiFi is working.
2025-08-26 17:54:23,065 [INFO] WiFi is working.
2025-08-26 17:54:39,106 [INFO] WiFi is working.
2025-08-26 17:54:55,151 [INFO] WiFi is working.
2025-08-26 17:55:11,189 [INFO] WiFi is working.
2025-08-26 17:55:27,216 [INFO] WiFi is working.
2025-08-26 17:55:43,255 [INFO] WiFi is working.
2025-08-26 17:55:59,288 [INFO] WiFi is working.
2025-08-26 17:56:15,322 [INFO] WiFi is working.
2025-08-26 17:56:31,347 [INFO] WiFi is working.
2025-08-26 17:56:47,373 [INFO] WiFi is working.
2025-08-26 17:57:03,405 [INFO] WiFi is working.
2025-08-26 17:57:19,438 [INFO] WiFi is working.
2025-08-26 17:57:36,447 [INFO] WiFi is working.
2025-08-26 17:57:52,474 [INFO] WiFi is working.
2025-08-26 17:58:08,499 [INFO] WiFi is working.
2025-08-26 17:58:24,537 [INFO] WiFi is working.
2025-08-26 17:58:40,581 [INFO] WiFi is working.
2025-08-26 17:58:56,611 [INFO] WiFi is working.
2025-08-26 17:59:12,638 [INFO] WiFi is working.
2025-08-26 17:59:28,665 [INFO] WiFi is working.
2025-08-26 17:59:44,693 [INFO] WiFi is working.
2025-08-26 18:00:00,728 [INFO] WiFi is working.
2025-08-26 18:00:16,755 [INFO] WiFi is working.
2025-08-26 18:00:32,786 [INFO] WiFi is working.
2025-08-26 18:00:48,819 [INFO] WiFi is working.
2025-08-26 18:01:04,846 [INFO] WiFi is working.
2025-08-26 18:01:20,900 [INFO] WiFi is working.
2025-08-26 18:01:36,938 [INFO] WiFi is working.
2025-08-26 18:01:52,971 [INFO] WiFi is working.
2025-08-26 18:02:09,002 [INFO] WiFi is working.
2025-08-26 18:02:25,035 [INFO] WiFi is working.
2025-08-26 18:02:41,062 [INFO] WiFi is working.
2025-08-26 18:02:57,090 [INFO] WiFi is working.
2025-08-26 18:03:13,116 [INFO] WiFi is working.
2025-08-26 18:03:29,151 [INFO] WiFi is working.
2025-08-26 18:03:45,180 [INFO] WiFi is working.
2025-08-26 18:04:01,206 [INFO] WiFi is working.
2025-08-26 18:04:17,234 [INFO] WiFi is working.
2025-08-26 18:04:33,268 [INFO] WiFi is working.
2025-08-26 18:04:49,294 [INFO] WiFi is working.
2025-08-26 18:05:05,333 [INFO] WiFi is working.
2025-08-26 18:05:21,360 [INFO] WiFi is working.
2025-08-26 18:05:37,386 [INFO] WiFi is working.
2025-08-26 18:05:53,417 [INFO] WiFi is working.
2025-08-26 18:06:09,449 [INFO] WiFi is working.
2025-08-26 18:06:25,483 [INFO] WiFi is working.
2025-08-26 18:06:41,517 [INFO] WiFi is working.
2025-08-26 18:06:57,544 [INFO] WiFi is working.
2025-08-26 18:07:13,570 [INFO] WiFi is working.
2025-08-26 18:07:29,597 [INFO] WiFi is working.
2025-08-26 18:07:45,624 [INFO] WiFi is working.
2025-08-26 18:08:01,650 [INFO] WiFi is working.
2025-08-26 18:08:17,677 [INFO] WiFi is working.
2025-08-26 18:08:33,728 [INFO] WiFi is working.
2025-08-26 18:08:49,765 [INFO] WiFi is working.
2025-08-26 18:09:05,791 [INFO] WiFi is working.
2025-08-26 18:09:21,831 [INFO] WiFi is working.
2025-08-26 18:09:37,858 [INFO] WiFi is working.
2025-08-26 18:09:53,885 [INFO] WiFi is working.
2025-08-26 18:10:09,912 [INFO] WiFi is working.
2025-08-26 18:10:25,938 [INFO] WiFi is working.
2025-08-26 18:10:41,966 [INFO] WiFi is working.
2025-08-26 18:10:57,992 [INFO] WiFi is working.
2025-08-26 18:11:14,021 [INFO] WiFi is working.
2025-08-26 18:11:30,047 [INFO] WiFi is working.
2025-08-26 18:11:46,074 [INFO] WiFi is working.
2025-08-26 18:12:02,100 [INFO] WiFi is working.
2025-08-26 18:12:18,129 [INFO] WiFi is working.
2025-08-26 18:12:34,168 [INFO] WiFi is working.
2025-08-26 18:12:50,196 [INFO] WiFi is working.
2025-08-26 18:13:06,222 [INFO] WiFi is working.
2025-08-26 18:13:22,262 [INFO] WiFi is working.
2025-08-26 18:13:38,296 [INFO] WiFi is working.
2025-08-26 18:13:54,328 [INFO] WiFi is working.
2025-08-26 18:14:10,355 [INFO] WiFi is working.
2025-08-26 18:14:26,378 [INFO] WiFi is working.
2025-08-26 18:14:42,404 [INFO] WiFi is working.
2025-08-26 18:14:58,445 [INFO] WiFi is working.
2025-08-26 18:15:14,478 [INFO] WiFi is working.
2025-08-26 18:15:30,512 [INFO] WiFi is working.
2025-08-26 18:15:46,538 [INFO] WiFi is working.
2025-08-26 18:16:02,565 [INFO] WiFi is working.
2025-08-26 18:16:18,595 [INFO] WiFi is working.
2025-08-26 18:16:34,626 [INFO] WiFi is working.
2025-08-26 18:16:50,653 [INFO] WiFi is working.
2025-08-26 18:17:06,680 [INFO] WiFi is working.
2025-08-26 18:17:22,707 [INFO] WiFi is working.
2025-08-26 18:17:38,743 [INFO] WiFi is working.
2025-08-26 18:17:54,776 [INFO] WiFi is working.
2025-08-26 18:18:10,821 [INFO] WiFi is working.
2025-08-26 18:18:26,849 [INFO] WiFi is working.
2025-08-26 18:18:42,877 [INFO] WiFi is working.
2025-08-26 18:18:58,903 [INFO] WiFi is working.
2025-08-26 18:19:14,929 [INFO] WiFi is working.
2025-08-26 18:19:30,967 [INFO] WiFi is working.
2025-08-26 18:19:47,009 [INFO] WiFi is working.
2025-08-26 18:20:03,042 [INFO] WiFi is working.
2025-08-26 18:20:19,069 [INFO] WiFi is working.
2025-08-26 18:20:35,108 [INFO] WiFi is working.
2025-08-26 18:20:51,159 [INFO] WiFi is working.
2025-08-26 18:21:07,185 [INFO] WiFi is working.
2025-08-26 18:21:23,225 [INFO] WiFi is working.
2025-08-26 18:21:39,258 [INFO] WiFi is working.
2025-08-26 18:21:55,284 [INFO] WiFi is working.
2025-08-26 18:22:11,311 [INFO] WiFi is working.
2025-08-26 18:22:27,350 [INFO] WiFi is working.
2025-08-26 18:22:43,391 [INFO] WiFi is working.
2025-08-26 18:22:59,418 [INFO] WiFi is working.
2025-08-26 18:23:15,445 [INFO] WiFi is working.
2025-08-26 18:23:31,483 [INFO] WiFi is working.
2025-08-26 18:23:47,509 [INFO] WiFi is working.
2025-08-26 18:24:03,539 [INFO] WiFi is working.
2025-08-26 18:24:19,566 [INFO] WiFi is working.
2025-08-26 18:24:35,594 [INFO] WiFi is working.
2025-08-26 18:24:51,620 [INFO] WiFi is working.
2025-08-26 18:25:07,646 [INFO] WiFi is working.
2025-08-26 18:25:23,673 [INFO] WiFi is working.
2025-08-26 18:25:39,699 [INFO] WiFi is working.
2025-08-26 18:25:55,739 [INFO] WiFi is working.
2025-08-26 18:26:11,765 [INFO] WiFi is working.
2025-08-26 18:26:27,791 [INFO] WiFi is working.
2025-08-26 18:26:43,818 [INFO] WiFi is working.
2025-08-26 18:26:59,855 [INFO] WiFi is working.
2025-08-26 18:27:15,889 [INFO] WiFi is working.
2025-08-26 18:27:31,915 [INFO] WiFi is working.
2025-08-26 18:27:47,942 [INFO] WiFi is working.
2025-08-26 18:28:03,969 [INFO] WiFi is working.
2025-08-26 18:28:20,005 [INFO] WiFi is working.
2025-08-26 18:28:36,036 [INFO] WiFi is working.
2025-08-26 18:28:52,071 [INFO] WiFi is working.
2025-08-26 18:29:08,104 [INFO] WiFi is working.
2025-08-26 18:29:24,137 [INFO] WiFi is working.
2025-08-26 18:29:40,164 [INFO] WiFi is working.
2025-08-26 18:29:56,204 [INFO] WiFi is working.
2025-08-26 18:30:12,236 [INFO] WiFi is working.
2025-08-26 18:30:28,263 [INFO] WiFi is working.
2025-08-26 18:30:44,289 [INFO] WiFi is working.
2025-08-26 18:31:00,320 [INFO] WiFi is working.
2025-08-26 18:31:16,352 [INFO] WiFi is working.
2025-08-26 18:31:32,378 [INFO] WiFi is working.
2025-08-26 18:31:48,406 [INFO] WiFi is working.
2025-08-26 18:32:04,436 [INFO] WiFi is working.
2025-08-26 18:32:20,468 [INFO] WiFi is working.
2025-08-26 18:32:36,493 [INFO] WiFi is working.
2025-08-26 18:32:52,520 [INFO] WiFi is working.
2025-08-26 18:33:08,547 [INFO] WiFi is working.
2025-08-26 18:33:24,585 [INFO] WiFi is working.
2025-08-26 18:33:40,613 [INFO] WiFi is working.
2025-08-26 18:33:56,640 [INFO] WiFi is working.
2025-08-26 18:34:12,668 [INFO] WiFi is working.
2025-08-26 18:34:28,701 [INFO] WiFi is working.
2025-08-26 18:34:44,728 [INFO] WiFi is working.
2025-08-26 18:35:00,754 [INFO] WiFi is working.
2025-08-26 18:35:16,780 [INFO] WiFi is working.
2025-08-26 18:35:32,807 [INFO] WiFi is working.
2025-08-26 18:35:48,834 [INFO] WiFi is working.
2025-08-26 18:36:04,861 [INFO] WiFi is working.
2025-08-26 18:36:20,900 [INFO] WiFi is working.
2025-08-26 18:36:36,935 [INFO] WiFi is working.
2025-08-26 18:36:52,967 [INFO] WiFi is working.
2025-08-26 18:37:08,993 [INFO] WiFi is working.
2025-08-26 18:37:25,020 [INFO] WiFi is working.
2025-08-26 18:37:41,065 [INFO] WiFi is working.
2025-08-26 18:37:57,100 [INFO] WiFi is working.
2025-08-26 18:38:13,126 [INFO] WiFi is working.
2025-08-26 18:38:29,153 [INFO] WiFi is working.
2025-08-26 18:38:45,180 [INFO] WiFi is working.
2025-08-26 18:39:01,213 [INFO] WiFi is working.
2025-08-26 18:39:17,240 [INFO] WiFi is working.
2025-08-26 18:39:33,287 [INFO] WiFi is working.
2025-08-26 18:39:49,315 [INFO] WiFi is working.
2025-08-26 18:40:05,342 [INFO] WiFi is working.
2025-08-26 18:40:21,370 [INFO] WiFi is working.
2025-08-26 18:40:37,396 [INFO] WiFi is working.
2025-08-26 18:40:53,431 [INFO] WiFi is working.
2025-08-26 18:41:09,465 [INFO] WiFi is working.
2025-08-26 18:41:25,493 [INFO] WiFi is working.
2025-08-26 18:41:41,519 [INFO] WiFi is working.
2025-08-26 18:41:57,545 [INFO] WiFi is working.
2025-08-26 18:42:13,571 [INFO] WiFi is working.
2025-08-26 18:42:29,617 [INFO] WiFi is working.
2025-08-26 18:42:45,644 [INFO] WiFi is working.
2025-08-26 18:43:01,681 [INFO] WiFi is working.
2025-08-26 18:43:17,707 [INFO] WiFi is working.
2025-08-26 18:43:33,733 [INFO] WiFi is working.
2025-08-26 18:43:49,760 [INFO] WiFi is working.
2025-08-26 18:44:05,796 [INFO] WiFi is working.
2025-08-26 18:44:21,823 [INFO] WiFi is working.
2025-08-26 18:44:37,850 [INFO] WiFi is working.
2025-08-26 18:44:53,892 [INFO] WiFi is working.
2025-08-26 18:45:09,919 [INFO] WiFi is working.
2025-08-26 18:45:25,947 [INFO] WiFi is working.
2025-08-26 18:45:41,979 [INFO] WiFi is working.
2025-08-26 18:45:58,012 [INFO] WiFi is working.
2025-08-26 18:46:14,037 [INFO] WiFi is working.
2025-08-26 18:46:30,060 [INFO] WiFi is working.
2025-08-26 18:46:46,086 [INFO] WiFi is working.
2025-08-26 18:47:02,114 [INFO] WiFi is working.
2025-08-26 18:47:18,141 [INFO] WiFi is working.
2025-08-26 18:47:34,178 [INFO] WiFi is working.
2025-08-26 18:47:50,211 [INFO] WiFi is working.
2025-08-26 18:48:06,237 [INFO] WiFi is working.
2025-08-26 18:48:22,259 [INFO] WiFi is working.
2025-08-26 18:48:38,294 [INFO] WiFi is working.
2025-08-26 18:48:54,328 [INFO] WiFi is working.
2025-08-26 18:49:10,356 [INFO] WiFi is working.
2025-08-26 18:49:26,393 [INFO] WiFi is working.
2025-08-26 18:49:42,420 [INFO] WiFi is working.
2025-08-26 18:49:58,460 [INFO] WiFi is working.
2025-08-26 18:50:14,487 [INFO] WiFi is working.
2025-08-26 18:50:30,526 [INFO] WiFi is working.
2025-08-26 18:50:46,551 [INFO] WiFi is working.
2025-08-26 18:51:02,578 [INFO] WiFi is working.
2025-08-26 18:51:18,604 [INFO] WiFi is working.
2025-08-26 18:51:34,631 [INFO] WiFi is working.
2025-08-26 18:51:50,659 [INFO] WiFi is working.
2025-08-26 18:52:06,685 [INFO] WiFi is working.
2025-08-26 18:52:22,711 [INFO] WiFi is working.
2025-08-26 18:52:38,739 [INFO] WiFi is working.
2025-08-26 18:52:54,765 [INFO] WiFi is working.
2025-08-26 18:53:10,791 [INFO] WiFi is working.
2025-08-26 18:53:26,824 [INFO] WiFi is working.
2025-08-26 18:53:42,851 [INFO] WiFi is working.
2025-08-26 18:53:58,877 [INFO] WiFi is working.
2025-08-26 18:54:14,903 [INFO] WiFi is working.
2025-08-26 18:54:30,929 [INFO] WiFi is working.
2025-08-26 18:54:46,957 [INFO] WiFi is working.
2025-08-26 18:55:02,983 [INFO] WiFi is working.
2025-08-26 18:55:19,010 [INFO] WiFi is working.
2025-08-26 18:55:35,038 [INFO] WiFi is working.
2025-08-26 18:55:51,064 [INFO] WiFi is working.
2025-08-26 18:56:07,092 [INFO] WiFi is working.
2025-08-26 18:56:23,122 [INFO] WiFi is working.
2025-08-26 18:56:39,149 [INFO] WiFi is working.
2025-08-26 18:56:55,176 [INFO] WiFi is working.
2025-08-26 18:57:11,211 [INFO] WiFi is working.
2025-08-26 18:57:27,237 [INFO] WiFi is working.
2025-08-26 18:57:43,271 [INFO] WiFi is working.
2025-08-26 18:57:59,298 [INFO] WiFi is working.
2025-08-26 18:58:15,339 [INFO] WiFi is working.
2025-08-26 18:58:31,372 [INFO] WiFi is working.
2025-08-26 18:58:47,398 [INFO] WiFi is working.
2025-08-26 18:59:03,425 [INFO] WiFi is working.
2025-08-26 18:59:19,451 [INFO] WiFi is working.
2025-08-26 18:59:35,478 [INFO] WiFi is working.
2025-08-26 18:59:51,504 [INFO] WiFi is working.
2025-08-26 19:00:07,532 [INFO] WiFi is working.
2025-08-26 19:00:23,558 [INFO] WiFi is working.
2025-08-26 19:00:39,584 [INFO] WiFi is working.
2025-08-26 19:00:55,617 [INFO] WiFi is working.
2025-08-26 19:01:11,639 [INFO] WiFi is working.
2025-08-26 19:01:27,667 [INFO] WiFi is working.
2025-08-26 19:01:43,694 [INFO] WiFi is working.
2025-08-26 19:01:59,733 [INFO] WiFi is working.
2025-08-26 19:02:15,760 [INFO] WiFi is working.
2025-08-26 19:02:31,786 [INFO] WiFi is working.
2025-08-26 19:02:47,814 [INFO] WiFi is working.
2025-08-26 19:03:03,847 [INFO] WiFi is working.
2025-08-26 19:03:19,880 [INFO] WiFi is working.
2025-08-26 19:03:35,914 [INFO] WiFi is working.
2025-08-26 19:03:51,946 [INFO] WiFi is working.
2025-08-26 19:04:07,973 [INFO] WiFi is working.
2025-08-26 19:04:24,000 [INFO] WiFi is working.
2025-08-26 19:04:40,026 [INFO] WiFi is working.
2025-08-26 19:04:56,061 [INFO] WiFi is working.
2025-08-26 19:05:12,088 [INFO] WiFi is working.
2025-08-26 19:05:28,128 [INFO] WiFi is working.
2025-08-26 19:05:44,151 [INFO] WiFi is working.
2025-08-26 19:06:01,159 [INFO] WiFi is working.
2025-08-26 19:06:17,193 [INFO] WiFi is working.
2025-08-26 19:06:33,221 [INFO] WiFi is working.
2025-08-26 19:06:49,246 [INFO] WiFi is working.
2025-08-26 19:07:05,275 [INFO] WiFi is working.
2025-08-26 19:07:21,311 [INFO] WiFi is working.
2025-08-26 19:07:37,337 [INFO] WiFi is working.
2025-08-26 19:07:53,365 [INFO] WiFi is working.
2025-08-26 19:08:09,392 [INFO] WiFi is working.
2025-08-26 19:08:25,424 [INFO] WiFi is working.
2025-08-26 19:08:41,461 [INFO] WiFi is working.
2025-08-26 19:08:57,487 [INFO] WiFi is working.
2025-08-26 19:09:13,522 [INFO] WiFi is working.
2025-08-26 19:09:29,549 [INFO] WiFi is working.
2025-08-26 19:09:45,575 [INFO] WiFi is working.
2025-08-26 19:10:01,606 [INFO] WiFi is working.
2025-08-26 19:10:17,638 [INFO] WiFi is working.
2025-08-26 19:10:33,665 [INFO] WiFi is working.
2025-08-26 19:10:49,690 [INFO] WiFi is working.
2025-08-26 19:11:05,718 [INFO] WiFi is working.
2025-08-26 19:11:21,753 [INFO] WiFi is working.
2025-08-26 19:11:37,787 [INFO] WiFi is working.
2025-08-26 19:11:53,813 [INFO] WiFi is working.
2025-08-26 19:12:09,840 [INFO] WiFi is working.
2025-08-26 19:12:25,871 [INFO] WiFi is working.
2025-08-26 19:12:41,929 [INFO] WiFi is working.
2025-08-26 19:12:57,955 [INFO] WiFi is working.
2025-08-26 19:13:13,986 [INFO] WiFi is working.
2025-08-26 19:13:30,014 [INFO] WiFi is working.
2025-08-26 19:13:46,040 [INFO] WiFi is working.
2025-08-26 19:14:02,066 [INFO] WiFi is working.
2025-08-26 19:14:18,101 [INFO] WiFi is working.
2025-08-26 19:14:34,149 [INFO] WiFi is working.
2025-08-26 19:14:50,176 [INFO] WiFi is working.
2025-08-26 19:15:06,203 [INFO] WiFi is working.
2025-08-26 19:15:22,230 [INFO] WiFi is working.
2025-08-26 19:15:38,267 [INFO] WiFi is working.
2025-08-26 19:15:54,299 [INFO] WiFi is working.
2025-08-26 19:16:10,325 [INFO] WiFi is working.
2025-08-26 19:16:26,369 [INFO] WiFi is working.
2025-08-26 19:16:42,395 [INFO] WiFi is working.
2025-08-26 19:16:58,422 [INFO] WiFi is working.
2025-08-26 19:17:14,448 [INFO] WiFi is working.
2025-08-26 19:17:30,475 [INFO] WiFi is working.
2025-08-26 19:17:46,502 [INFO] WiFi is working.
2025-08-26 19:18:02,531 [INFO] WiFi is working.
2025-08-26 19:18:18,564 [INFO] WiFi is working.
2025-08-26 19:18:34,590 [INFO] WiFi is working.
2025-08-26 19:18:50,617 [INFO] WiFi is working.
2025-08-26 19:19:06,644 [INFO] WiFi is working.
2025-08-26 19:19:22,680 [INFO] WiFi is working.
2025-08-26 19:19:38,707 [INFO] WiFi is working.
2025-08-26 19:19:54,734 [INFO] WiFi is working.
2025-08-26 19:20:10,759 [INFO] WiFi is working.
2025-08-26 19:20:26,785 [INFO] WiFi is working.
2025-08-26 19:20:42,812 [INFO] WiFi is working.
2025-08-26 19:20:58,846 [INFO] WiFi is working.
2025-08-26 19:21:14,872 [INFO] WiFi is working.
2025-08-26 19:21:30,899 [INFO] WiFi is working.
2025-08-26 19:21:46,926 [INFO] WiFi is working.
2025-08-26 19:22:02,953 [INFO] WiFi is working.
2025-08-26 19:22:18,989 [INFO] WiFi is working.
2025-08-26 19:22:35,015 [INFO] WiFi is working.
2025-08-26 19:22:51,041 [INFO] WiFi is working.
2025-08-26 19:23:07,076 [INFO] WiFi is working.
2025-08-26 19:23:23,103 [INFO] WiFi is working.
2025-08-26 19:23:39,130 [INFO] WiFi is working.
2025-08-26 19:23:55,161 [INFO] WiFi is working.
2025-08-26 19:24:11,188 [INFO] WiFi is working.
2025-08-26 19:24:27,214 [INFO] WiFi is working.
2025-08-26 19:24:43,242 [INFO] WiFi is working.
2025-08-26 19:24:59,266 [INFO] WiFi is working.
2025-08-26 19:25:15,315 [INFO] WiFi is working.
2025-08-26 19:25:31,342 [INFO] WiFi is working.
2025-08-26 19:25:47,374 [INFO] WiFi is working.
2025-08-26 19:26:03,408 [INFO] WiFi is working.
2025-08-26 19:26:19,433 [INFO] WiFi is working.
2025-08-26 19:26:35,473 [INFO] WiFi is working.
2025-08-26 19:26:51,548 [INFO] WiFi is working.
2025-08-26 19:27:07,577 [INFO] WiFi is working.
2025-08-26 19:27:23,603 [INFO] WiFi is working.
2025-08-26 19:27:39,630 [INFO] WiFi is working.
2025-08-26 19:27:55,656 [INFO] WiFi is working.
2025-08-26 19:28:11,695 [INFO] WiFi is working.
2025-08-26 19:28:27,722 [INFO] WiFi is working.
2025-08-26 19:28:43,748 [INFO] WiFi is working.
2025-08-26 19:28:59,775 [INFO] WiFi is working.
2025-08-26 19:29:15,802 [INFO] WiFi is working.
2025-08-26 19:29:31,825 [INFO] WiFi is working.
2025-08-26 19:29:47,854 [INFO] WiFi is working.
2025-08-26 19:30:04,862 [INFO] WiFi is working.
2025-08-26 19:30:20,921 [INFO] WiFi is working.
2025-08-26 19:30:36,948 [INFO] WiFi is working.
2025-08-26 19:30:52,986 [INFO] WiFi is working.
2025-08-26 19:31:09,012 [INFO] WiFi is working.
2025-08-26 19:31:25,039 [INFO] WiFi is working.
2025-08-26 19:31:41,065 [INFO] WiFi is working.
2025-08-26 19:31:57,090 [INFO] WiFi is working.
2025-08-26 19:32:13,119 [INFO] WiFi is working.
2025-08-26 19:32:29,143 [INFO] WiFi is working.
2025-08-26 19:32:45,169 [INFO] WiFi is working.
2025-08-26 19:33:01,201 [INFO] WiFi is working.
2025-08-26 19:33:17,228 [INFO] WiFi is working.
2025-08-26 19:33:33,268 [INFO] WiFi is working.
2025-08-26 19:33:49,294 [INFO] WiFi is working.
2025-08-26 19:34:05,320 [INFO] WiFi is working.
2025-08-26 19:34:21,351 [INFO] WiFi is working.
2025-08-26 19:34:37,378 [INFO] WiFi is working.
2025-08-26 19:34:53,402 [INFO] WiFi is working.
2025-08-26 19:35:09,428 [INFO] WiFi is working.
2025-08-26 19:35:25,454 [INFO] WiFi is working.
2025-08-26 19:35:41,483 [INFO] WiFi is working.
2025-08-26 19:35:57,510 [INFO] WiFi is working.
2025-08-26 19:36:13,536 [INFO] WiFi is working.
2025-08-26 19:36:29,566 [INFO] WiFi is working.
2025-08-26 19:36:45,599 [INFO] WiFi is working.
2025-08-26 19:37:01,661 [INFO] WiFi is working.
2025-08-26 19:37:17,688 [INFO] WiFi is working.
2025-08-26 19:37:33,715 [INFO] WiFi is working.
2025-08-26 19:37:49,749 [INFO] WiFi is working.
2025-08-26 19:38:05,783 [INFO] WiFi is working.
2025-08-26 19:38:21,830 [INFO] WiFi is working.
2025-08-26 19:38:37,865 [INFO] WiFi is working.
2025-08-26 19:38:53,899 [INFO] WiFi is working.
2025-08-26 19:39:09,925 [INFO] WiFi is working.
2025-08-26 19:39:25,965 [INFO] WiFi is working.
2025-08-26 19:39:41,998 [INFO] WiFi is working.
2025-08-26 19:39:58,031 [INFO] WiFi is working.
2025-08-26 19:40:14,064 [INFO] WiFi is working.
2025-08-26 19:40:30,098 [INFO] WiFi is working.
2025-08-26 19:40:46,126 [INFO] WiFi is working.
2025-08-26 19:41:02,153 [INFO] WiFi is working.
2025-08-26 19:41:18,179 [INFO] WiFi is working.
2025-08-26 19:41:34,214 [INFO] WiFi is working.
2025-08-26 19:41:50,240 [INFO] WiFi is working.
2025-08-26 19:42:06,266 [INFO] WiFi is working.
2025-08-26 19:42:22,296 [INFO] WiFi is working.
2025-08-26 19:42:38,333 [INFO] WiFi is working.
2025-08-26 19:42:54,363 [INFO] WiFi is working.
2025-08-26 19:43:10,390 [INFO] WiFi is working.
2025-08-26 19:43:26,412 [INFO] WiFi is working.
2025-08-26 19:43:42,447 [INFO] WiFi is working.
2025-08-26 19:43:58,473 [INFO] WiFi is working.
2025-08-26 19:44:14,496 [INFO] WiFi is working.
2025-08-26 19:44:30,523 [INFO] WiFi is working.
2025-08-26 19:44:46,551 [INFO] WiFi is working.
2025-08-26 19:45:02,577 [INFO] WiFi is working.
2025-08-26 19:45:18,603 [INFO] WiFi is working.
2025-08-26 19:45:34,630 [INFO] WiFi is working.
2025-08-26 19:45:50,662 [INFO] WiFi is working.
2025-08-26 19:46:06,688 [INFO] WiFi is working.
2025-08-26 19:46:22,727 [INFO] WiFi is working.
2025-08-26 19:46:38,760 [INFO] WiFi is working.
2025-08-26 19:46:54,793 [INFO] WiFi is working.
2025-08-26 19:47:10,819 [INFO] WiFi is working.
2025-08-26 19:47:26,843 [INFO] WiFi is working.
2025-08-26 19:47:42,876 [INFO] WiFi is working.
2025-08-26 19:47:58,909 [INFO] WiFi is working.
2025-08-26 19:48:14,942 [INFO] WiFi is working.
2025-08-26 19:48:30,976 [INFO] WiFi is working.
2025-08-26 19:48:47,009 [INFO] WiFi is working.
2025-08-26 19:49:03,051 [INFO] WiFi is working.
2025-08-26 19:49:19,092 [INFO] WiFi is working.
2025-08-26 19:49:35,125 [INFO] WiFi is working.
2025-08-26 19:49:51,158 [INFO] WiFi is working.
2025-08-26 19:50:07,191 [INFO] WiFi is working.
2025-08-26 19:50:23,224 [INFO] WiFi is working.
2025-08-26 19:50:39,252 [INFO] WiFi is working.
2025-08-26 19:50:55,291 [INFO] WiFi is working.
2025-08-26 19:51:11,324 [INFO] WiFi is working.
2025-08-26 19:51:27,351 [INFO] WiFi is working.
2025-08-26 19:51:43,378 [INFO] WiFi is working.
2025-08-26 19:51:59,406 [INFO] WiFi is working.
2025-08-26 19:52:15,433 [INFO] WiFi is working.
2025-08-26 19:52:31,473 [INFO] WiFi is working.
2025-08-26 19:52:47,500 [INFO] WiFi is working.
2025-08-26 19:53:03,526 [INFO] WiFi is working.
2025-08-26 19:53:19,552 [INFO] WiFi is working.
2025-08-26 19:53:35,607 [INFO] WiFi is working.
2025-08-26 19:53:51,639 [INFO] WiFi is working.
2025-08-26 19:54:07,665 [INFO] WiFi is working.
2025-08-26 19:54:23,691 [INFO] WiFi is working.
2025-08-26 19:54:39,719 [INFO] WiFi is working.
2025-08-26 19:54:55,746 [INFO] WiFi is working.
2025-08-26 19:55:11,801 [INFO] WiFi is working.
2025-08-26 19:55:27,838 [INFO] WiFi is working.
2025-08-26 19:55:43,865 [INFO] WiFi is working.
2025-08-26 19:55:59,891 [INFO] WiFi is working.
2025-08-26 19:56:15,920 [INFO] WiFi is working.
2025-08-26 19:56:31,952 [INFO] WiFi is working.
2025-08-26 19:56:47,986 [INFO] WiFi is working.
2025-08-26 19:57:04,012 [INFO] WiFi is working.
2025-08-26 19:57:20,039 [INFO] WiFi is working.
2025-08-26 19:57:36,066 [INFO] WiFi is working.
2025-08-26 19:57:52,094 [INFO] WiFi is working.
2025-08-26 19:58:08,121 [INFO] WiFi is working.
2025-08-26 19:58:24,147 [INFO] WiFi is working.
2025-08-26 19:58:40,173 [INFO] WiFi is working.
2025-08-26 19:58:56,200 [INFO] WiFi is working.
2025-08-26 19:59:12,227 [INFO] WiFi is working.
2025-08-26 19:59:28,254 [INFO] WiFi is working.
2025-08-26 19:59:44,282 [INFO] WiFi is working.
2025-08-26 20:00:00,308 [INFO] WiFi is working.
2025-08-26 20:00:16,338 [INFO] WiFi is working.
2025-08-26 20:00:32,365 [INFO] WiFi is working.
2025-08-26 20:00:48,392 [INFO] WiFi is working.
2025-08-26 20:01:04,418 [INFO] WiFi is working.
2025-08-26 20:01:20,445 [INFO] WiFi is working.
2025-08-26 20:01:36,471 [INFO] WiFi is working.
2025-08-26 20:01:52,498 [INFO] WiFi is working.
2025-08-26 20:02:08,525 [INFO] WiFi is working.
2025-08-26 20:02:24,548 [INFO] WiFi is working.
2025-08-26 20:02:40,575 [INFO] WiFi is working.
2025-08-26 20:02:56,600 [INFO] WiFi is working.
2025-08-26 20:03:12,627 [INFO] WiFi is working.
2025-08-26 20:03:28,654 [INFO] WiFi is working.
2025-08-26 20:03:44,682 [INFO] WiFi is working.
2025-08-26 20:04:00,708 [INFO] WiFi is working.
2025-08-26 20:04:16,735 [INFO] WiFi is working.
2025-08-26 20:04:32,761 [INFO] WiFi is working.
2025-08-26 20:04:48,787 [INFO] WiFi is working.
2025-08-26 20:05:04,815 [INFO] WiFi is working.
2025-08-26 20:05:20,841 [INFO] WiFi is working.
2025-08-26 20:05:36,868 [INFO] WiFi is working.
2025-08-26 20:05:52,895 [INFO] WiFi is working.
2025-08-26 20:06:08,920 [INFO] WiFi is working.
2025-08-26 20:06:24,947 [INFO] WiFi is working.
2025-08-26 20:06:40,974 [INFO] WiFi is working.
2025-08-26 20:06:57,000 [INFO] WiFi is working.
2025-08-26 20:07:13,027 [INFO] WiFi is working.
2025-08-26 20:07:29,054 [INFO] WiFi is working.
2025-08-26 20:07:45,081 [INFO] WiFi is working.
2025-08-26 20:08:01,107 [INFO] WiFi is working.
2025-08-26 20:08:17,133 [INFO] WiFi is working.
2025-08-26 20:08:33,159 [INFO] WiFi is working.
2025-08-26 20:08:49,187 [INFO] WiFi is working.
2025-08-26 20:09:05,212 [INFO] WiFi is working.
2025-08-26 20:09:21,240 [INFO] WiFi is working.
2025-08-26 20:09:37,266 [INFO] WiFi is working.
2025-08-26 20:09:53,292 [INFO] WiFi is working.
2025-08-26 20:10:09,319 [INFO] WiFi is working.
2025-08-26 20:10:25,346 [INFO] WiFi is working.
2025-08-26 20:10:41,373 [INFO] WiFi is working.
2025-08-26 20:10:57,398 [INFO] WiFi is working.
2025-08-26 20:11:13,426 [INFO] WiFi is working.
2025-08-26 20:11:29,453 [INFO] WiFi is working.
2025-08-26 20:11:45,478 [INFO] WiFi is working.
2025-08-26 20:12:01,504 [INFO] WiFi is working.
2025-08-26 20:12:17,535 [INFO] WiFi is working.
2025-08-26 20:12:33,561 [INFO] WiFi is working.
2025-08-26 20:12:49,586 [INFO] WiFi is working.
2025-08-26 20:13:05,612 [INFO] WiFi is working.
2025-08-26 20:13:21,640 [INFO] WiFi is working.
2025-08-26 20:13:37,666 [INFO] WiFi is working.
2025-08-26 20:13:53,692 [INFO] WiFi is working.
2025-08-26 20:14:09,718 [INFO] WiFi is working.
2025-08-26 20:14:25,744 [INFO] WiFi is working.
2025-08-26 20:14:41,771 [INFO] WiFi is working.
2025-08-26 20:14:57,797 [INFO] WiFi is working.
2025-08-26 20:15:13,825 [INFO] WiFi is working.
2025-08-26 20:15:29,851 [INFO] WiFi is working.
2025-08-26 20:15:45,877 [INFO] WiFi is working.
2025-08-26 20:16:01,904 [INFO] WiFi is working.
2025-08-26 20:16:17,931 [INFO] WiFi is working.
2025-08-26 20:16:33,958 [INFO] WiFi is working.
2025-08-26 20:16:49,985 [INFO] WiFi is working.
2025-08-26 20:17:06,012 [INFO] WiFi is working.
2025-08-26 20:17:22,039 [INFO] WiFi is working.
2025-08-26 20:17:38,066 [INFO] WiFi is working.
2025-08-26 20:17:54,093 [INFO] WiFi is working.
2025-08-26 20:18:10,119 [INFO] WiFi is working.
2025-08-26 20:18:26,146 [INFO] WiFi is working.
2025-08-26 20:18:42,202 [INFO] WiFi is working.
2025-08-26 20:18:58,238 [INFO] WiFi is working.
2025-08-26 20:19:14,264 [INFO] WiFi is working.
2025-08-26 20:19:30,291 [INFO] WiFi is working.
2025-08-26 20:19:46,318 [INFO] WiFi is working.
2025-08-26 20:20:02,357 [INFO] WiFi is working.
2025-08-26 20:20:18,384 [INFO] WiFi is working.
2025-08-26 20:20:34,409 [INFO] WiFi is working.
2025-08-26 20:20:50,436 [INFO] WiFi is working.
2025-08-26 20:21:06,458 [INFO] WiFi is working.
2025-08-26 20:21:22,485 [INFO] WiFi is working.
2025-08-26 20:21:38,511 [INFO] WiFi is working.
2025-08-26 20:21:54,538 [INFO] WiFi is working.
2025-08-26 20:22:10,565 [INFO] WiFi is working.
2025-08-26 20:22:26,595 [INFO] WiFi is working.
2025-08-26 20:22:42,621 [INFO] WiFi is working.
2025-08-26 20:22:58,652 [INFO] WiFi is working.
2025-08-26 20:23:14,675 [INFO] WiFi is working.
2025-08-26 20:23:30,704 [INFO] WiFi is working.
2025-08-26 20:23:46,730 [INFO] WiFi is working.
2025-08-26 20:24:02,758 [INFO] WiFi is working.
2025-08-26 20:24:18,785 [INFO] WiFi is working.
2025-08-26 20:24:34,812 [INFO] WiFi is working.
2025-08-26 20:24:50,839 [INFO] WiFi is working.
2025-08-26 20:25:06,867 [INFO] WiFi is working.
2025-08-26 20:25:22,894 [INFO] WiFi is working.
2025-08-26 20:25:38,921 [INFO] WiFi is working.
2025-08-26 20:25:54,948 [INFO] WiFi is working.
2025-08-26 20:26:10,975 [INFO] WiFi is working.
2025-08-26 20:26:27,000 [INFO] WiFi is working.
2025-08-26 20:26:43,027 [INFO] WiFi is working.
2025-08-26 20:26:59,053 [INFO] WiFi is working.
2025-08-26 20:27:15,079 [INFO] WiFi is working.
2025-08-26 20:27:31,106 [INFO] WiFi is working.
2025-08-26 20:27:47,132 [INFO] WiFi is working.
2025-08-26 20:28:03,160 [INFO] WiFi is working.
2025-08-26 20:28:19,186 [INFO] WiFi is working.
2025-08-26 20:28:35,212 [INFO] WiFi is working.
2025-08-26 20:28:51,239 [INFO] WiFi is working.
2025-08-26 20:29:07,266 [INFO] WiFi is working.
2025-08-26 20:29:23,293 [INFO] WiFi is working.
2025-08-26 20:29:39,322 [INFO] WiFi is working.
2025-08-26 20:29:55,350 [INFO] WiFi is working.
2025-08-26 20:30:11,377 [INFO] WiFi is working.
2025-08-26 20:30:27,402 [INFO] WiFi is working.
2025-08-26 20:30:43,428 [INFO] WiFi is working.
2025-08-26 20:30:59,455 [INFO] WiFi is working.
2025-08-26 20:31:15,481 [INFO] WiFi is working.
2025-08-26 20:31:31,506 [INFO] WiFi is working.
2025-08-26 20:31:47,534 [INFO] WiFi is working.
2025-08-26 20:32:03,563 [INFO] WiFi is working.
2025-08-26 20:32:19,587 [INFO] WiFi is working.
2025-08-26 20:32:35,613 [INFO] WiFi is working.
2025-08-26 20:32:51,640 [INFO] WiFi is working.
2025-08-26 20:33:07,667 [INFO] WiFi is working.
2025-08-26 20:33:23,694 [INFO] WiFi is working.
2025-08-26 20:33:39,720 [INFO] WiFi is working.
2025-08-26 20:33:55,747 [INFO] WiFi is working.
2025-08-26 20:34:11,774 [INFO] WiFi is working.
2025-08-26 20:34:27,803 [INFO] WiFi is working.
2025-08-26 20:34:43,829 [INFO] WiFi is working.
2025-08-26 20:34:59,855 [INFO] WiFi is working.
2025-08-26 20:35:15,882 [INFO] WiFi is working.
2025-08-26 20:35:31,910 [INFO] WiFi is working.
2025-08-26 20:35:47,937 [INFO] WiFi is working.
2025-08-26 20:36:03,963 [INFO] WiFi is working.
2025-08-26 20:36:19,990 [INFO] WiFi is working.
2025-08-26 20:36:36,016 [INFO] WiFi is working.
2025-08-26 20:36:52,043 [INFO] WiFi is working.
2025-08-26 20:37:08,074 [INFO] WiFi is working.
2025-08-26 20:37:24,100 [INFO] WiFi is working.
2025-08-26 20:37:40,127 [INFO] WiFi is working.
2025-08-26 20:37:56,154 [INFO] WiFi is working.
2025-08-26 20:38:12,206 [INFO] WiFi is working.
2025-08-26 20:38:28,234 [INFO] WiFi is working.
2025-08-26 20:38:44,261 [INFO] WiFi is working.
2025-08-26 20:39:00,288 [INFO] WiFi is working.
2025-08-26 20:39:16,315 [INFO] WiFi is working.
2025-08-26 20:39:32,354 [INFO] WiFi is working.
2025-08-26 20:39:48,381 [INFO] WiFi is working.
2025-08-26 20:40:04,408 [INFO] WiFi is working.
2025-08-26 20:40:20,435 [INFO] WiFi is working.
2025-08-26 20:40:36,461 [INFO] WiFi is working.
2025-08-26 20:40:52,495 [INFO] WiFi is working.
2025-08-26 20:41:08,522 [INFO] WiFi is working.
2025-08-26 20:41:24,549 [INFO] WiFi is working.
2025-08-26 20:41:40,575 [INFO] WiFi is working.
2025-08-26 20:41:56,602 [INFO] WiFi is working.
2025-08-26 20:42:12,629 [INFO] WiFi is working.
2025-08-26 20:42:28,656 [INFO] WiFi is working.
2025-08-26 20:42:44,683 [INFO] WiFi is working.
2025-08-26 20:43:00,710 [INFO] WiFi is working.
2025-08-26 20:43:16,736 [INFO] WiFi is working.
2025-08-26 20:43:32,763 [INFO] WiFi is working.
2025-08-26 20:43:48,789 [INFO] WiFi is working.
2025-08-26 20:44:04,816 [INFO] WiFi is working.
2025-08-26 20:44:20,843 [INFO] WiFi is working.
2025-08-26 20:44:36,869 [INFO] WiFi is working.
2025-08-26 20:44:52,896 [INFO] WiFi is working.
2025-08-26 20:45:08,925 [INFO] WiFi is working.
2025-08-26 20:45:24,950 [INFO] WiFi is working.
2025-08-26 20:45:40,978 [INFO] WiFi is working.
2025-08-26 20:45:57,005 [INFO] WiFi is working.
2025-08-26 20:46:13,031 [INFO] WiFi is working.
2025-08-26 20:46:29,058 [INFO] WiFi is working.
2025-08-26 20:46:45,085 [INFO] WiFi is working.
2025-08-26 20:47:01,111 [INFO] WiFi is working.
2025-08-26 20:47:17,138 [INFO] WiFi is working.
2025-08-26 20:47:33,164 [INFO] WiFi is working.
2025-08-26 20:47:49,190 [INFO] WiFi is working.
2025-08-26 20:48:05,217 [INFO] WiFi is working.
2025-08-26 20:48:21,244 [INFO] WiFi is working.
2025-08-26 20:48:37,270 [INFO] WiFi is working.
2025-08-26 20:48:53,301 [INFO] WiFi is working.
2025-08-26 20:49:09,328 [INFO] WiFi is working.
2025-08-26 20:49:25,354 [INFO] WiFi is working.
2025-08-26 20:49:41,380 [INFO] WiFi is working.
2025-08-26 20:49:57,407 [INFO] WiFi is working.
2025-08-26 20:50:13,434 [INFO] WiFi is working.
2025-08-26 20:50:29,461 [INFO] WiFi is working.
2025-08-26 20:50:45,487 [INFO] WiFi is working.
2025-08-26 20:51:01,510 [INFO] WiFi is working.
2025-08-26 20:51:17,536 [INFO] WiFi is working.
2025-08-26 20:51:33,563 [INFO] WiFi is working.
2025-08-26 20:51:49,588 [INFO] WiFi is working.
2025-08-26 20:52:05,617 [INFO] WiFi is working.
2025-08-26 20:52:21,644 [INFO] WiFi is working.
2025-08-26 20:52:37,673 [INFO] WiFi is working.
2025-08-26 20:52:53,699 [INFO] WiFi is working.
2025-08-26 20:53:09,726 [INFO] WiFi is working.
2025-08-26 20:53:25,750 [INFO] WiFi is working.
2025-08-26 20:53:41,777 [INFO] WiFi is working.
2025-08-26 20:53:57,832 [INFO] WiFi is working.
2025-08-26 20:54:13,859 [INFO] WiFi is working.
2025-08-26 20:54:29,886 [INFO] WiFi is working.
2025-08-26 20:54:45,913 [INFO] WiFi is working.
2025-08-26 20:55:01,939 [INFO] WiFi is working.
2025-08-26 20:55:17,966 [INFO] WiFi is working.
2025-08-26 20:55:33,993 [INFO] WiFi is working.
2025-08-26 20:55:50,020 [INFO] WiFi is working.
2025-08-26 20:56:06,046 [INFO] WiFi is working.
2025-08-26 20:56:22,071 [INFO] WiFi is working.
2025-08-26 20:56:38,098 [INFO] WiFi is working.
2025-08-26 20:56:54,124 [INFO] WiFi is working.
2025-08-26 20:57:10,152 [INFO] WiFi is working.
2025-08-26 20:57:26,178 [INFO] WiFi is working.
2025-08-26 20:57:42,201 [INFO] WiFi is working.
2025-08-26 20:57:58,228 [INFO] WiFi is working.
2025-08-26 20:58:14,254 [INFO] WiFi is working.
2025-08-26 20:58:30,281 [INFO] WiFi is working.
2025-08-26 20:58:46,308 [INFO] WiFi is working.
2025-08-26 20:59:02,336 [INFO] WiFi is working.
2025-08-26 20:59:18,362 [INFO] WiFi is working.
2025-08-26 20:59:34,389 [INFO] WiFi is working.
2025-08-26 20:59:50,415 [INFO] WiFi is working.
2025-08-26 21:00:06,444 [INFO] WiFi is working.
2025-08-26 21:00:22,480 [INFO] WiFi is working.
2025-08-26 21:00:38,506 [INFO] WiFi is working.
2025-08-26 21:00:54,532 [INFO] WiFi is working.
2025-08-26 21:01:10,560 [INFO] WiFi is working.
2025-08-26 21:01:26,587 [INFO] WiFi is working.
2025-08-26 21:01:42,620 [INFO] WiFi is working.
2025-08-26 21:01:58,647 [INFO] WiFi is working.
2025-08-26 21:02:14,672 [INFO] WiFi is working.
2025-08-26 21:02:30,700 [INFO] WiFi is working.
2025-08-26 21:02:46,727 [INFO] WiFi is working.
2025-08-26 21:03:02,773 [INFO] WiFi is working.
2025-08-26 21:03:18,799 [INFO] WiFi is working.
2025-08-26 21:03:34,826 [INFO] WiFi is working.
2025-08-26 21:03:50,852 [INFO] WiFi is working.
2025-08-26 21:04:06,879 [INFO] WiFi is working.
2025-08-26 21:04:22,905 [INFO] WiFi is working.
2025-08-26 21:04:38,933 [INFO] WiFi is working.
2025-08-26 21:04:54,959 [INFO] WiFi is working.
2025-08-26 21:05:10,987 [INFO] WiFi is working.
2025-08-26 21:05:27,012 [INFO] WiFi is working.
2025-08-26 21:05:43,039 [INFO] WiFi is working.
2025-08-26 21:05:59,066 [INFO] WiFi is working.
2025-08-26 21:06:15,092 [INFO] WiFi is working.
2025-08-26 21:06:31,119 [INFO] WiFi is working.
2025-08-26 21:06:47,146 [INFO] WiFi is working.
2025-08-26 21:07:03,173 [INFO] WiFi is working.
2025-08-26 21:07:19,199 [INFO] WiFi is working.
2025-08-26 21:07:35,226 [INFO] WiFi is working.
2025-08-26 21:07:51,253 [INFO] WiFi is working.
2025-08-26 21:08:07,276 [INFO] WiFi is working.
2025-08-26 21:08:23,301 [INFO] WiFi is working.
2025-08-26 21:08:39,327 [INFO] WiFi is working.
2025-08-26 21:08:55,354 [INFO] WiFi is working.
2025-08-26 21:09:11,379 [INFO] WiFi is working.
2025-08-26 21:09:27,406 [INFO] WiFi is working.
2025-08-26 21:09:43,434 [INFO] WiFi is working.
2025-08-26 21:09:59,460 [INFO] WiFi is working.
2025-08-26 21:10:15,486 [INFO] WiFi is working.
2025-08-26 21:10:31,510 [INFO] WiFi is working.
2025-08-26 21:10:47,537 [INFO] WiFi is working.
2025-08-26 21:11:03,564 [INFO] WiFi is working.
2025-08-26 21:11:19,587 [INFO] WiFi is working.
2025-08-26 21:11:35,614 [INFO] WiFi is working.
2025-08-26 21:11:51,640 [INFO] WiFi is working.
2025-08-26 21:12:07,667 [INFO] WiFi is working.
2025-08-26 21:12:23,694 [INFO] WiFi is working.
2025-08-26 21:12:39,721 [INFO] WiFi is working.
2025-08-26 21:12:55,748 [INFO] WiFi is working.
2025-08-26 21:13:11,774 [INFO] WiFi is working.
2025-08-26 21:13:27,801 [INFO] WiFi is working.
2025-08-26 21:13:43,828 [INFO] WiFi is working.
2025-08-26 21:13:59,855 [INFO] WiFi is working.
2025-08-26 21:14:15,882 [INFO] WiFi is working.
2025-08-26 21:14:31,909 [INFO] WiFi is working.
2025-08-26 21:14:47,936 [INFO] WiFi is working.
2025-08-26 21:15:03,963 [INFO] WiFi is working.
2025-08-26 21:15:19,990 [INFO] WiFi is working.
2025-08-26 21:15:36,017 [INFO] WiFi is working.
2025-08-26 21:15:52,043 [INFO] WiFi is working.
2025-08-26 21:16:08,070 [INFO] WiFi is working.
2025-08-26 21:16:24,096 [INFO] WiFi is working.
2025-08-26 21:16:40,119 [INFO] WiFi is working.
2025-08-26 21:16:56,146 [INFO] WiFi is working.
2025-08-26 21:17:12,173 [INFO] WiFi is working.
2025-08-26 21:17:28,199 [INFO] WiFi is working.
2025-08-26 21:17:44,226 [INFO] WiFi is working.
2025-08-26 21:18:00,253 [INFO] WiFi is working.
2025-08-26 21:18:16,282 [INFO] WiFi is working.
2025-08-26 21:18:32,305 [INFO] WiFi is working.
2025-08-26 21:18:48,334 [INFO] WiFi is working.
2025-08-26 21:19:04,360 [INFO] WiFi is working.
2025-08-26 21:19:20,387 [INFO] WiFi is working.
2025-08-26 21:19:36,414 [INFO] WiFi is working.
2025-08-26 21:19:52,440 [INFO] WiFi is working.
2025-08-26 21:20:08,466 [INFO] WiFi is working.
2025-08-26 21:20:24,493 [INFO] WiFi is working.
2025-08-26 21:20:40,520 [INFO] WiFi is working.
2025-08-26 21:20:56,546 [INFO] WiFi is working.
2025-08-26 21:21:12,572 [INFO] WiFi is working.
2025-08-26 21:21:28,599 [INFO] WiFi is working.
2025-08-26 21:21:44,625 [INFO] WiFi is working.
2025-08-26 21:22:00,651 [INFO] WiFi is working.
2025-08-26 21:22:16,679 [INFO] WiFi is working.
2025-08-26 21:22:32,715 [INFO] WiFi is working.
2025-08-26 21:22:48,742 [INFO] WiFi is working.
2025-08-26 21:23:04,769 [INFO] WiFi is working.
2025-08-26 21:23:20,796 [INFO] WiFi is working.
2025-08-26 21:23:36,822 [INFO] WiFi is working.
2025-08-26 21:23:52,854 [INFO] WiFi is working.
2025-08-26 21:24:08,880 [INFO] WiFi is working.
2025-08-26 21:24:24,911 [INFO] WiFi is working.
2025-08-26 21:24:40,939 [INFO] WiFi is working.
2025-08-26 21:24:56,965 [INFO] WiFi is working.
2025-08-26 21:25:12,993 [INFO] WiFi is working.
2025-08-26 21:25:29,020 [INFO] WiFi is working.
2025-08-26 21:25:45,047 [INFO] WiFi is working.
2025-08-26 21:26:01,073 [INFO] WiFi is working.
2025-08-26 21:26:17,100 [INFO] WiFi is working.
2025-08-26 21:26:33,127 [INFO] WiFi is working.
2025-08-26 21:26:49,154 [INFO] WiFi is working.
2025-08-26 21:27:05,181 [INFO] WiFi is working.
2025-08-26 21:27:21,208 [INFO] WiFi is working.
2025-08-26 21:27:37,235 [INFO] WiFi is working.
2025-08-26 21:27:53,262 [INFO] WiFi is working.
2025-08-26 21:28:09,290 [INFO] WiFi is working.
2025-08-26 21:28:25,317 [INFO] WiFi is working.
2025-08-26 21:28:41,343 [INFO] WiFi is working.
2025-08-26 21:28:57,367 [INFO] WiFi is working.
2025-08-26 21:29:13,395 [INFO] WiFi is working.
2025-08-26 21:29:29,422 [INFO] WiFi is working.
2025-08-26 21:29:45,449 [INFO] WiFi is working.
2025-08-26 21:30:01,476 [INFO] WiFi is working.
2025-08-26 21:30:17,503 [INFO] WiFi is working.
2025-08-26 21:30:33,529 [INFO] WiFi is working.
2025-08-26 21:30:49,555 [INFO] WiFi is working.
2025-08-26 21:31:05,582 [INFO] WiFi is working.
2025-08-26 21:31:21,608 [INFO] WiFi is working.
2025-08-26 21:31:37,635 [INFO] WiFi is working.
2025-08-26 21:31:53,662 [INFO] WiFi is working.
2025-08-26 21:32:09,690 [INFO] WiFi is working.
2025-08-26 21:32:25,716 [INFO] WiFi is working.
2025-08-26 21:32:41,744 [INFO] WiFi is working.
2025-08-26 21:32:57,771 [INFO] WiFi is working.
2025-08-26 21:33:13,797 [INFO] WiFi is working.
2025-08-26 21:33:29,824 [INFO] WiFi is working.
2025-08-26 21:33:45,852 [INFO] WiFi is working.
2025-08-26 21:34:01,879 [INFO] WiFi is working.
2025-08-26 21:34:17,905 [INFO] WiFi is working.
2025-08-26 21:34:33,933 [INFO] WiFi is working.
2025-08-26 21:34:49,960 [INFO] WiFi is working.
2025-08-26 21:35:05,986 [INFO] WiFi is working.
2025-08-26 21:35:22,013 [INFO] WiFi is working.
2025-08-26 21:35:38,040 [INFO] WiFi is working.
2025-08-26 21:35:54,067 [INFO] WiFi is working.
2025-08-26 21:36:10,094 [INFO] WiFi is working.
2025-08-26 21:36:26,120 [INFO] WiFi is working.
2025-08-26 21:36:42,147 [INFO] WiFi is working.
2025-08-26 21:36:58,174 [INFO] WiFi is working.
2025-08-26 21:37:14,202 [INFO] WiFi is working.
2025-08-26 21:37:30,226 [INFO] WiFi is working.
2025-08-26 21:37:46,253 [INFO] WiFi is working.
2025-08-26 21:38:02,280 [INFO] WiFi is working.
2025-08-26 21:38:18,307 [INFO] WiFi is working.
2025-08-26 21:38:34,334 [INFO] WiFi is working.
2025-08-26 21:38:50,360 [INFO] WiFi is working.
2025-08-26 21:39:06,386 [INFO] WiFi is working.
2025-08-26 21:39:22,410 [INFO] WiFi is working.
2025-08-26 21:39:38,437 [INFO] WiFi is working.
2025-08-26 21:39:54,463 [INFO] WiFi is working.
2025-08-26 21:40:10,491 [INFO] WiFi is working.
2025-08-26 21:40:26,514 [INFO] WiFi is working.
2025-08-26 21:40:42,540 [INFO] WiFi is working.
2025-08-26 21:40:58,567 [INFO] WiFi is working.
2025-08-26 21:41:14,594 [INFO] WiFi is working.
2025-08-26 21:41:30,621 [INFO] WiFi is working.
2025-08-26 21:41:46,647 [INFO] WiFi is working.
2025-08-26 21:42:02,674 [INFO] WiFi is working.
2025-08-26 21:42:18,701 [INFO] WiFi is working.
2025-08-26 21:42:34,728 [INFO] WiFi is working.
2025-08-26 21:42:50,755 [INFO] WiFi is working.
2025-08-26 21:43:06,781 [INFO] WiFi is working.
2025-08-26 21:43:22,807 [INFO] WiFi is working.
2025-08-26 21:43:38,833 [INFO] WiFi is working.
2025-08-26 21:43:54,859 [INFO] WiFi is working.
2025-08-26 21:44:10,886 [INFO] WiFi is working.
2025-08-26 21:44:26,912 [INFO] WiFi is working.
2025-08-26 21:44:42,944 [INFO] WiFi is working.
2025-08-26 21:44:58,971 [INFO] WiFi is working.
2025-08-26 21:45:14,999 [INFO] WiFi is working.
2025-08-26 21:45:31,026 [INFO] WiFi is working.
2025-08-26 21:45:47,053 [INFO] WiFi is working.
2025-08-26 21:46:03,084 [INFO] WiFi is working.
2025-08-26 21:46:19,110 [INFO] WiFi is working.
2025-08-26 21:46:35,137 [INFO] WiFi is working.
2025-08-26 21:46:51,164 [INFO] WiFi is working.
2025-08-26 21:47:07,190 [INFO] WiFi is working.
2025-08-26 21:47:23,217 [INFO] WiFi is working.
2025-08-26 21:47:39,242 [INFO] WiFi is working.
2025-08-26 21:47:55,269 [INFO] WiFi is working.
2025-08-26 21:48:11,296 [INFO] WiFi is working.
2025-08-26 21:48:27,322 [INFO] WiFi is working.
2025-08-26 21:48:43,348 [INFO] WiFi is working.
2025-08-26 21:48:59,375 [INFO] WiFi is working.
2025-08-26 21:49:15,401 [INFO] WiFi is working.
2025-08-26 21:49:31,428 [INFO] WiFi is working.
2025-08-26 21:49:47,452 [INFO] WiFi is working.
2025-08-26 21:50:03,479 [INFO] WiFi is working.
2025-08-26 21:50:19,506 [INFO] WiFi is working.
2025-08-26 21:50:35,532 [INFO] WiFi is working.
2025-08-26 21:51:01,561 [INFO] WiFi is working.
2025-08-26 21:51:17,589 [INFO] WiFi is working.
2025-08-26 21:51:33,618 [INFO] WiFi is working.
2025-08-26 21:51:49,644 [INFO] WiFi is working.
2025-08-26 21:52:05,670 [INFO] WiFi is working.
2025-08-26 21:52:21,696 [INFO] WiFi is working.
2025-08-26 21:52:37,723 [INFO] WiFi is working.
2025-08-26 21:52:53,752 [INFO] WiFi is working.
2025-08-26 21:53:09,778 [INFO] WiFi is working.
2025-08-26 21:53:25,806 [INFO] WiFi is working.
2025-08-26 21:53:41,832 [INFO] WiFi is working.
2025-08-26 21:53:57,859 [INFO] WiFi is working.
2025-08-26 21:54:13,886 [INFO] WiFi is working.
2025-08-26 21:54:29,913 [INFO] WiFi is working.
2025-08-26 21:54:45,939 [INFO] WiFi is working.
2025-08-26 21:55:01,966 [INFO] WiFi is working.
2025-08-26 21:55:17,992 [INFO] WiFi is working.
2025-08-26 21:55:34,019 [INFO] WiFi is working.
2025-08-26 21:55:50,046 [INFO] WiFi is working.
2025-08-26 21:56:06,072 [INFO] WiFi is working.
2025-08-26 21:56:22,098 [INFO] WiFi is working.
2025-08-26 21:56:38,128 [INFO] WiFi is working.
2025-08-26 21:56:54,155 [INFO] WiFi is working.
2025-08-26 21:57:10,181 [INFO] WiFi is working.
2025-08-26 21:57:26,208 [INFO] WiFi is working.
2025-08-26 21:57:42,239 [INFO] WiFi is working.
2025-08-26 21:57:58,266 [INFO] WiFi is working.
2025-08-26 21:58:14,292 [INFO] WiFi is working.
2025-08-26 21:58:30,321 [INFO] WiFi is working.
2025-08-26 21:58:46,348 [INFO] WiFi is working.
2025-08-26 21:59:02,373 [INFO] WiFi is working.
2025-08-26 21:59:18,399 [INFO] WiFi is working.
2025-08-26 21:59:34,426 [INFO] WiFi is working.
2025-08-26 21:59:50,451 [INFO] WiFi is working.
2025-08-26 22:00:06,478 [INFO] WiFi is working.
2025-08-26 22:00:22,502 [INFO] WiFi is working.
2025-08-26 22:00:38,528 [INFO] WiFi is working.
2025-08-26 22:00:54,554 [INFO] WiFi is working.
2025-08-26 22:01:10,581 [INFO] WiFi is working.
2025-08-26 22:01:26,607 [INFO] WiFi is working.
2025-08-26 22:01:42,634 [INFO] WiFi is working.
2025-08-26 22:01:58,661 [INFO] WiFi is working.
2025-08-26 22:02:14,688 [INFO] WiFi is working.
2025-08-26 22:02:30,715 [INFO] WiFi is working.
2025-08-26 22:02:46,742 [INFO] WiFi is working.
2025-08-26 22:03:02,769 [INFO] WiFi is working.
2025-08-26 22:03:18,797 [INFO] WiFi is working.
2025-08-26 22:03:34,822 [INFO] WiFi is working.
2025-08-26 22:03:50,849 [INFO] WiFi is working.
2025-08-26 22:04:06,877 [INFO] WiFi is working.
2025-08-26 22:04:22,904 [INFO] WiFi is working.
2025-08-26 22:04:38,930 [INFO] WiFi is working.
2025-08-26 22:04:54,957 [INFO] WiFi is working.
2025-08-26 22:05:10,984 [INFO] WiFi is working.
2025-08-26 22:05:27,010 [INFO] WiFi is working.
2025-08-26 22:05:43,042 [INFO] WiFi is working.
2025-08-26 22:05:59,070 [INFO] WiFi is working.
2025-08-26 22:06:15,096 [INFO] WiFi is working.
2025-08-26 22:06:31,123 [INFO] WiFi is working.
2025-08-26 22:06:47,150 [INFO] WiFi is working.
2025-08-26 22:07:03,183 [INFO] WiFi is working.
2025-08-26 22:07:19,210 [INFO] WiFi is working.
2025-08-26 22:07:35,237 [INFO] WiFi is working.
2025-08-26 22:07:51,264 [INFO] WiFi is working.
2025-08-26 22:08:07,291 [INFO] WiFi is working.
2025-08-26 22:08:23,319 [INFO] WiFi is working.
2025-08-26 22:08:39,346 [INFO] WiFi is working.
2025-08-26 22:08:55,373 [INFO] WiFi is working.
2025-08-26 22:09:11,400 [INFO] WiFi is working.
2025-08-26 22:09:27,427 [INFO] WiFi is working.
2025-08-26 22:09:43,454 [INFO] WiFi is working.
2025-08-26 22:09:59,480 [INFO] WiFi is working.
2025-08-26 22:10:15,502 [INFO] WiFi is working.
2025-08-26 22:10:31,530 [INFO] WiFi is working.
2025-08-26 22:10:47,554 [INFO] WiFi is working.
2025-08-26 22:11:03,581 [INFO] WiFi is working.
2025-08-26 22:11:19,605 [INFO] WiFi is working.
2025-08-26 22:11:35,633 [INFO] WiFi is working.
2025-08-26 22:11:51,660 [INFO] WiFi is working.
2025-08-26 22:12:07,688 [INFO] WiFi is working.
2025-08-26 22:12:23,716 [INFO] WiFi is working.
2025-08-26 22:12:39,743 [INFO] WiFi is working.
2025-08-26 22:12:55,769 [INFO] WiFi is working.
2025-08-26 22:13:11,796 [INFO] WiFi is working.
2025-08-26 22:13:27,823 [INFO] WiFi is working.
2025-08-26 22:13:43,848 [INFO] WiFi is working.
2025-08-26 22:13:59,875 [INFO] WiFi is working.
2025-08-26 22:14:15,902 [INFO] WiFi is working.
2025-08-26 22:14:31,928 [INFO] WiFi is working.
2025-08-26 22:14:47,955 [INFO] WiFi is working.
2025-08-26 22:15:03,983 [INFO] WiFi is working.
2025-08-26 22:15:20,010 [INFO] WiFi is working.
2025-08-26 22:15:36,037 [INFO] WiFi is working.
2025-08-26 22:15:52,064 [INFO] WiFi is working.
2025-08-26 22:16:08,093 [INFO] WiFi is working.
2025-08-26 22:16:24,120 [INFO] WiFi is working.
2025-08-26 22:16:40,147 [INFO] WiFi is working.
2025-08-26 22:16:56,174 [INFO] WiFi is working.
2025-08-26 22:17:12,201 [INFO] WiFi is working.
2025-08-26 22:17:28,228 [INFO] WiFi is working.
2025-08-26 22:17:44,254 [INFO] WiFi is working.
2025-08-26 22:18:00,280 [INFO] WiFi is working.
2025-08-26 22:18:16,416 [INFO] WiFi is working.
2025-08-26 22:18:32,445 [INFO] WiFi is working.
2025-08-26 22:18:48,471 [INFO] WiFi is working.
2025-08-26 22:19:04,499 [INFO] WiFi is working.
2025-08-26 22:19:20,525 [INFO] WiFi is working.
2025-08-26 22:19:36,560 [INFO] WiFi is working.
2025-08-26 22:19:52,587 [INFO] WiFi is working.
2025-08-26 22:20:08,615 [INFO] WiFi is working.
2025-08-26 22:20:24,642 [INFO] WiFi is working.
2025-08-26 22:20:40,669 [INFO] WiFi is working.
2025-08-26 22:20:56,695 [INFO] WiFi is working.
2025-08-26 22:21:12,721 [INFO] WiFi is working.
2025-08-26 22:21:28,749 [INFO] WiFi is working.
2025-08-26 22:21:44,776 [INFO] WiFi is working.
2025-08-26 22:22:00,802 [INFO] WiFi is working.
2025-08-26 22:22:16,829 [INFO] WiFi is working.
2025-08-26 22:22:32,856 [INFO] WiFi is working.
2025-08-26 22:22:48,883 [INFO] WiFi is working.
2025-08-26 22:23:04,909 [INFO] WiFi is working.
2025-08-26 22:23:20,936 [INFO] WiFi is working.
2025-08-26 22:23:36,962 [INFO] WiFi is working.
2025-08-26 22:23:52,991 [INFO] WiFi is working.
2025-08-26 22:24:09,017 [INFO] WiFi is working.
2025-08-26 22:24:25,044 [INFO] WiFi is working.
2025-08-26 22:24:41,071 [INFO] WiFi is working.
2025-08-26 22:24:57,097 [INFO] WiFi is working.
2025-08-26 22:25:13,125 [INFO] WiFi is working.
2025-08-26 22:25:29,152 [INFO] WiFi is working.
2025-08-26 22:25:45,180 [INFO] WiFi is working.
2025-08-26 22:26:01,207 [INFO] WiFi is working.
2025-08-26 22:26:17,234 [INFO] WiFi is working.
2025-08-26 22:26:33,263 [INFO] WiFi is working.
2025-08-26 22:26:49,290 [INFO] WiFi is working.
2025-08-26 22:27:05,316 [INFO] WiFi is working.
2025-08-26 22:27:21,342 [INFO] WiFi is working.
2025-08-26 22:27:37,369 [INFO] WiFi is working.
2025-08-26 22:27:53,402 [INFO] WiFi is working.
2025-08-26 22:28:09,429 [INFO] WiFi is working.
2025-08-26 22:28:25,456 [INFO] WiFi is working.
2025-08-26 22:28:41,483 [INFO] WiFi is working.
2025-08-26 22:28:57,510 [INFO] WiFi is working.
2025-08-26 22:29:13,538 [INFO] WiFi is working.
2025-08-26 22:29:29,564 [INFO] WiFi is working.
2025-08-26 22:29:45,588 [INFO] WiFi is working.
2025-08-26 22:30:01,614 [INFO] WiFi is working.
2025-08-26 22:30:17,641 [INFO] WiFi is working.
2025-08-26 22:30:33,667 [INFO] WiFi is working.
2025-08-26 22:30:49,694 [INFO] WiFi is working.
2025-08-26 22:31:05,721 [INFO] WiFi is working.
2025-08-26 22:31:21,748 [INFO] WiFi is working.
2025-08-26 22:31:37,772 [INFO] WiFi is working.
2025-08-26 22:31:53,801 [INFO] WiFi is working.
2025-08-26 22:32:09,827 [INFO] WiFi is working.
2025-08-26 22:32:25,855 [INFO] WiFi is working.
2025-08-26 22:32:41,882 [INFO] WiFi is working.
2025-08-26 22:32:57,908 [INFO] WiFi is working.
2025-08-26 22:33:13,937 [INFO] WiFi is working.
2025-08-26 22:33:29,963 [INFO] WiFi is working.
2025-08-26 22:33:45,990 [INFO] WiFi is working.
2025-08-26 22:34:02,020 [INFO] WiFi is working.
2025-08-26 22:34:18,046 [INFO] WiFi is working.
2025-08-26 22:34:34,072 [INFO] WiFi is working.
2025-08-26 22:34:50,103 [INFO] WiFi is working.
2025-08-26 22:35:06,129 [INFO] WiFi is working.
2025-08-26 22:35:22,158 [INFO] WiFi is working.
2025-08-26 22:35:38,186 [INFO] WiFi is working.
2025-08-26 22:35:54,212 [INFO] WiFi is working.
2025-08-26 22:36:10,252 [INFO] WiFi is working.
2025-08-26 22:36:26,278 [INFO] WiFi is working.
2025-08-26 22:36:42,304 [INFO] WiFi is working.
2025-08-26 22:36:58,334 [INFO] WiFi is working.
2025-08-26 22:37:14,368 [INFO] WiFi is working.
2025-08-26 22:37:30,400 [INFO] WiFi is working.
2025-08-26 22:37:46,434 [INFO] WiFi is working.
2025-08-26 22:38:02,461 [INFO] WiFi is working.
2025-08-26 22:38:18,501 [INFO] WiFi is working.
2025-08-26 22:38:34,534 [INFO] WiFi is working.
2025-08-26 22:38:50,566 [INFO] WiFi is working.
2025-08-26 22:39:06,589 [INFO] WiFi is working.
2025-08-26 22:39:22,615 [INFO] WiFi is working.
2025-08-26 22:39:38,649 [INFO] WiFi is working.
2025-08-26 22:39:54,683 [INFO] WiFi is working.
2025-08-26 22:40:10,707 [INFO] WiFi is working.
2025-08-26 22:40:26,748 [INFO] WiFi is working.
2025-08-26 22:40:42,782 [INFO] WiFi is working.
2025-08-26 22:40:58,815 [INFO] WiFi is working.
2025-08-26 22:41:14,842 [INFO] WiFi is working.
2025-08-26 22:41:30,869 [INFO] WiFi is working.
2025-08-26 22:41:46,895 [INFO] WiFi is working.
2025-08-26 22:42:02,931 [INFO] WiFi is working.
2025-08-26 22:42:18,957 [INFO] WiFi is working.
2025-08-26 22:42:34,984 [INFO] WiFi is working.
2025-08-26 22:42:51,011 [INFO] WiFi is working.
2025-08-26 22:43:17,049 [INFO] WiFi is working.
2025-08-26 22:43:33,074 [INFO] WiFi is working.
2025-08-26 22:43:49,101 [INFO] WiFi is working.
2025-08-26 22:44:05,129 [INFO] WiFi is working.
2025-08-26 22:44:21,156 [INFO] WiFi is working.
2025-08-26 22:44:37,197 [INFO] WiFi is working.
2025-08-26 22:44:53,229 [INFO] WiFi is working.
2025-08-26 22:45:09,256 [INFO] WiFi is working.
2025-08-26 22:45:25,283 [INFO] WiFi is working.
2025-08-26 22:45:41,309 [INFO] WiFi is working.
2025-08-26 22:45:57,349 [INFO] WiFi is working.
2025-08-26 22:46:13,376 [INFO] WiFi is working.
2025-08-26 22:46:29,401 [INFO] WiFi is working.
2025-08-26 22:46:45,427 [INFO] WiFi is working.
2025-08-26 22:47:01,453 [INFO] WiFi is working.
2025-08-26 22:47:17,502 [INFO] WiFi is working.
2025-08-26 22:47:33,549 [INFO] WiFi is working.
2025-08-26 22:47:49,577 [INFO] WiFi is working.
2025-08-26 22:48:05,603 [INFO] WiFi is working.
2025-08-26 22:48:21,629 [INFO] WiFi is working.
2025-08-26 22:48:37,656 [INFO] WiFi is working.
2025-08-26 22:48:53,692 [INFO] WiFi is working.
2025-08-26 22:49:09,731 [INFO] WiFi is working.
2025-08-26 22:49:25,758 [INFO] WiFi is working.
2025-08-26 22:49:41,785 [INFO] WiFi is working.
2025-08-26 22:49:57,811 [INFO] WiFi is working.
2025-08-26 22:50:13,851 [INFO] WiFi is working.
2025-08-26 22:50:29,877 [INFO] WiFi is working.
2025-08-26 22:50:45,904 [INFO] WiFi is working.
2025-08-26 22:51:01,931 [INFO] WiFi is working.
2025-08-26 22:51:17,958 [INFO] WiFi is working.
2025-08-26 22:51:33,985 [INFO] WiFi is working.
2025-08-26 22:51:50,029 [INFO] WiFi is working.
2025-08-26 22:52:06,054 [INFO] WiFi is working.
2025-08-26 22:52:22,080 [INFO] WiFi is working.
2025-08-26 22:52:38,107 [INFO] WiFi is working.
2025-08-26 22:52:54,139 [INFO] WiFi is working.
2025-08-26 22:53:10,166 [INFO] WiFi is working.
2025-08-26 22:53:26,193 [INFO] WiFi is working.
2025-08-26 22:53:43,202 [INFO] WiFi is working.
2025-08-26 22:53:59,230 [INFO] WiFi is working.
2025-08-26 22:54:15,257 [INFO] WiFi is working.
2025-08-26 22:54:31,283 [INFO] WiFi is working.
2025-08-26 22:54:47,308 [INFO] WiFi is working.
2025-08-26 22:55:03,336 [INFO] WiFi is working.
2025-08-26 22:55:19,372 [INFO] WiFi is working.
2025-08-26 22:55:35,398 [INFO] WiFi is working.
2025-08-26 22:55:51,425 [INFO] WiFi is working.
2025-08-26 22:56:07,454 [INFO] WiFi is working.
2025-08-26 22:56:23,481 [INFO] WiFi is working.
2025-08-26 22:56:39,508 [INFO] WiFi is working.
2025-08-26 22:56:55,538 [INFO] WiFi is working.
2025-08-26 22:57:11,564 [INFO] WiFi is working.
2025-08-26 22:57:37,593 [INFO] WiFi is working.
2025-08-26 22:57:53,624 [INFO] WiFi is working.
2025-08-26 22:58:10,633 [INFO] WiFi is working.
2025-08-26 22:58:26,659 [INFO] WiFi is working.
2025-08-26 22:58:42,687 [INFO] WiFi is working.
2025-08-26 22:58:58,713 [INFO] WiFi is working.
2025-08-26 22:59:14,756 [INFO] WiFi is working.
2025-08-26 22:59:30,783 [INFO] WiFi is working.
2025-08-26 22:59:46,810 [INFO] WiFi is working.
2025-08-26 23:00:02,853 [INFO] WiFi is working.
2025-08-26 23:00:18,880 [INFO] WiFi is working.
2025-08-26 23:00:34,910 [INFO] WiFi is working.
2025-08-26 23:00:50,943 [INFO] WiFi is working.
2025-08-26 23:01:06,968 [INFO] WiFi is working.
2025-08-26 23:01:23,001 [INFO] WiFi is working.
2025-08-26 23:01:39,035 [INFO] WiFi is working.
2025-08-26 23:01:55,068 [INFO] WiFi is working.
2025-08-26 23:02:11,100 [INFO] WiFi is working.
2025-08-26 23:02:27,134 [INFO] WiFi is working.
2025-08-26 23:02:43,168 [INFO] WiFi is working.
2025-08-26 23:02:59,200 [INFO] WiFi is working.
2025-08-26 23:03:15,227 [INFO] WiFi is working.
2025-08-26 23:03:31,253 [INFO] WiFi is working.
2025-08-26 23:03:47,281 [INFO] WiFi is working.
2025-08-26 23:04:03,308 [INFO] WiFi is working.
2025-08-26 23:04:19,353 [INFO] WiFi is working.
2025-08-26 23:04:35,382 [INFO] WiFi is working.
2025-08-26 23:04:51,415 [INFO] WiFi is working.
2025-08-26 23:05:07,440 [INFO] WiFi is working.
2025-08-26 23:05:23,467 [INFO] WiFi is working.
2025-08-26 23:05:39,492 [INFO] WiFi is working.
2025-08-26 23:05:55,532 [INFO] WiFi is working.
2025-08-26 23:06:11,559 [INFO] WiFi is working.
2025-08-26 23:06:27,590 [INFO] WiFi is working.
2025-08-26 23:06:43,613 [INFO] WiFi is working.
2025-08-26 23:06:59,640 [INFO] WiFi is working.
2025-08-26 23:07:15,667 [INFO] WiFi is working.
2025-08-26 23:07:31,697 [INFO] WiFi is working.
2025-08-26 23:07:47,724 [INFO] WiFi is working.
2025-08-26 23:08:03,770 [INFO] WiFi is working.
2025-08-26 23:08:19,797 [INFO] WiFi is working.
2025-08-26 23:08:35,820 [INFO] WiFi is working.
2025-08-26 23:08:51,847 [INFO] WiFi is working.
2025-08-26 23:09:07,873 [INFO] WiFi is working.
2025-08-26 23:09:23,903 [INFO] WiFi is working.
2025-08-26 23:09:39,949 [INFO] WiFi is working.
2025-08-26 23:09:55,977 [INFO] WiFi is working.
2025-08-26 23:10:12,005 [INFO] WiFi is working.
2025-08-26 23:10:28,049 [INFO] WiFi is working.
2025-08-26 23:10:44,085 [INFO] WiFi is working.
2025-08-26 23:11:00,112 [INFO] WiFi is working.
2025-08-26 23:11:16,139 [INFO] WiFi is working.
2025-08-26 23:11:32,176 [INFO] WiFi is working.
2025-08-26 23:11:48,211 [INFO] WiFi is working.
2025-08-26 23:12:04,238 [INFO] WiFi is working.
2025-08-26 23:12:20,264 [INFO] WiFi is working.
2025-08-26 23:12:36,294 [INFO] WiFi is working.
2025-08-26 23:12:52,327 [INFO] WiFi is working.
2025-08-26 23:13:08,353 [INFO] WiFi is working.
2025-08-26 23:13:24,383 [INFO] WiFi is working.
2025-08-26 23:13:40,410 [INFO] WiFi is working.
2025-08-26 23:13:56,438 [INFO] WiFi is working.
2025-08-26 23:14:12,464 [INFO] WiFi is working.
2025-08-26 23:14:28,492 [INFO] WiFi is working.
2025-08-26 23:14:44,525 [INFO] WiFi is working.
2025-08-26 23:15:00,555 [INFO] WiFi is working.
2025-08-26 23:15:16,591 [INFO] WiFi is working.
2025-08-26 23:15:32,622 [INFO] WiFi is working.
2025-08-26 23:15:48,648 [INFO] WiFi is working.
2025-08-26 23:16:04,676 [INFO] WiFi is working.
2025-08-26 23:16:20,713 [INFO] WiFi is working.
2025-08-26 23:16:36,739 [INFO] WiFi is working.
2025-08-26 23:16:52,774 [INFO] WiFi is working.
2025-08-26 23:17:08,808 [INFO] WiFi is working.
2025-08-26 23:17:24,840 [INFO] WiFi is working.
2025-08-26 23:17:40,875 [INFO] WiFi is working.
2025-08-26 23:17:56,901 [INFO] WiFi is working.
2025-08-26 23:18:12,926 [INFO] WiFi is working.
2025-08-26 23:18:28,952 [INFO] WiFi is working.
2025-08-26 23:18:44,990 [INFO] WiFi is working.
2025-08-26 23:19:01,022 [INFO] WiFi is working.
2025-08-26 23:19:17,047 [INFO] WiFi is working.
2025-08-26 23:19:33,073 [INFO] WiFi is working.
2025-08-26 23:19:49,106 [INFO] WiFi is working.
2025-08-26 23:20:05,139 [INFO] WiFi is working.
2025-08-26 23:20:21,171 [INFO] WiFi is working.
2025-08-26 23:20:37,205 [INFO] WiFi is working.
2025-08-26 23:20:53,239 [INFO] WiFi is working.
2025-08-26 23:21:09,272 [INFO] WiFi is working.
2025-08-26 23:21:25,304 [INFO] WiFi is working.
2025-08-26 23:21:41,330 [INFO] WiFi is working.
2025-08-26 23:21:57,357 [INFO] WiFi is working.
2025-08-26 23:22:13,388 [INFO] WiFi is working.
2025-08-26 23:22:29,422 [INFO] WiFi is working.
2025-08-26 23:22:45,454 [INFO] WiFi is working.
2025-08-26 23:23:01,480 [INFO] WiFi is working.
2025-08-26 23:23:17,507 [INFO] WiFi is working.
2025-08-26 23:23:33,537 [INFO] WiFi is working.
2025-08-26 23:23:49,565 [INFO] WiFi is working.
2025-08-26 23:24:05,603 [INFO] WiFi is working.
2025-08-26 23:24:21,626 [INFO] WiFi is working.
2025-08-26 23:24:37,654 [INFO] WiFi is working.
2025-08-26 23:24:53,686 [INFO] WiFi is working.
2025-08-26 23:25:09,713 [INFO] WiFi is working.
2025-08-26 23:25:25,752 [INFO] WiFi is working.
2025-08-26 23:25:41,778 [INFO] WiFi is working.
2025-08-26 23:25:57,804 [INFO] WiFi is working.
2025-08-26 23:26:13,832 [INFO] WiFi is working.
2025-08-26 23:26:29,868 [INFO] WiFi is working.
2025-08-26 23:26:45,903 [INFO] WiFi is working.
2025-08-26 23:27:01,930 [INFO] WiFi is working.
2025-08-26 23:27:17,956 [INFO] WiFi is working.
2025-08-26 23:27:33,986 [INFO] WiFi is working.
2025-08-26 23:27:50,021 [INFO] WiFi is working.
2025-08-26 23:28:06,047 [INFO] WiFi is working.
2025-08-26 23:28:22,075 [INFO] WiFi is working.
2025-08-26 23:28:38,102 [INFO] WiFi is working.
2025-08-26 23:28:54,134 [INFO] WiFi is working.
2025-08-26 23:29:10,161 [INFO] WiFi is working.
2025-08-26 23:29:26,188 [INFO] WiFi is working.
2025-08-26 23:29:42,214 [INFO] WiFi is working.
2025-08-26 23:29:58,242 [INFO] WiFi is working.
2025-08-26 23:30:14,268 [INFO] WiFi is working.
2025-08-26 23:30:30,294 [INFO] WiFi is working.
2025-08-26 23:30:46,321 [INFO] WiFi is working.
2025-08-26 23:31:02,349 [INFO] WiFi is working.
2025-08-26 23:31:18,376 [INFO] WiFi is working.
2025-08-26 23:31:34,414 [INFO] WiFi is working.
2025-08-26 23:31:50,448 [INFO] WiFi is working.
2025-08-26 23:32:06,475 [INFO] WiFi is working.
2025-08-26 23:32:22,514 [INFO] WiFi is working.
2025-08-26 23:32:38,546 [INFO] WiFi is working.
2025-08-26 23:32:54,573 [INFO] WiFi is working.
2025-08-26 23:33:10,613 [INFO] WiFi is working.
2025-08-26 23:33:26,636 [INFO] WiFi is working.
2025-08-26 23:33:42,663 [INFO] WiFi is working.
2025-08-26 23:33:58,690 [INFO] WiFi is working.
2025-08-26 23:34:14,717 [INFO] WiFi is working.
2025-08-26 23:34:30,745 [INFO] WiFi is working.
2025-08-26 23:34:46,779 [INFO] WiFi is working.
2025-08-26 23:35:02,812 [INFO] WiFi is working.
2025-08-26 23:35:18,839 [INFO] WiFi is working.
2025-08-26 23:35:34,878 [INFO] WiFi is working.
2025-08-26 23:35:50,904 [INFO] WiFi is working.
2025-08-26 23:36:06,944 [INFO] WiFi is working.
2025-08-26 23:36:22,967 [INFO] WiFi is working.
2025-08-26 23:36:38,994 [INFO] WiFi is working.
2025-08-26 23:36:55,022 [INFO] WiFi is working.
2025-08-26 23:37:11,047 [INFO] WiFi is working.
2025-08-26 23:37:27,083 [INFO] WiFi is working.
2025-08-26 23:37:43,111 [INFO] WiFi is working.
2025-08-26 23:37:59,144 [INFO] WiFi is working.
2025-08-26 23:38:15,170 [INFO] WiFi is working.
2025-08-26 23:38:31,210 [INFO] WiFi is working.
2025-08-26 23:38:47,236 [INFO] WiFi is working.
2025-08-26 23:39:03,276 [INFO] WiFi is working.
2025-08-26 23:39:19,310 [INFO] WiFi is working.
2025-08-26 23:39:35,337 [INFO] WiFi is working.
2025-08-26 23:39:51,364 [INFO] WiFi is working.
2025-08-26 23:40:07,392 [INFO] WiFi is working.
2025-08-26 23:40:23,419 [INFO] WiFi is working.
2025-08-26 23:40:39,446 [INFO] WiFi is working.
2025-08-26 23:40:55,472 [INFO] WiFi is working.
2025-08-26 23:41:11,499 [INFO] WiFi is working.
2025-08-26 23:41:27,527 [INFO] WiFi is working.
2025-08-26 23:41:43,553 [INFO] WiFi is working.
2025-08-26 23:41:59,603 [INFO] WiFi is working.
2025-08-26 23:42:15,630 [INFO] WiFi is working.
2025-08-26 23:42:31,657 [INFO] WiFi is working.
2025-08-26 23:42:47,694 [INFO] WiFi is working.
2025-08-26 23:43:03,721 [INFO] WiFi is working.
2025-08-26 23:43:20,730 [INFO] WiFi is working.
2025-08-26 23:43:36,756 [INFO] WiFi is working.
2025-08-26 23:43:52,789 [INFO] WiFi is working.
2025-08-26 23:44:08,822 [INFO] WiFi is working.
2025-08-26 23:44:24,848 [INFO] WiFi is working.
2025-08-26 23:44:40,875 [INFO] WiFi is working.
2025-08-26 23:44:56,902 [INFO] WiFi is working.
2025-08-26 23:45:12,938 [INFO] WiFi is working.
2025-08-26 23:45:28,965 [INFO] WiFi is working.
2025-08-26 23:45:44,991 [INFO] WiFi is working.
2025-08-26 23:46:01,021 [INFO] WiFi is working.
2025-08-26 23:46:17,055 [INFO] WiFi is working.
2025-08-26 23:46:33,080 [INFO] WiFi is working.
2025-08-26 23:46:49,107 [INFO] WiFi is working.
2025-08-26 23:47:05,132 [INFO] WiFi is working.
2025-08-26 23:47:21,154 [INFO] WiFi is working.
2025-08-26 23:47:37,191 [INFO] WiFi is working.
2025-08-26 23:47:53,219 [INFO] WiFi is working.
2025-08-26 23:48:09,253 [INFO] WiFi is working.
2025-08-26 23:48:25,286 [INFO] WiFi is working.
2025-08-26 23:48:41,312 [INFO] WiFi is working.
2025-08-26 23:48:57,357 [INFO] WiFi is working.
2025-08-26 23:49:13,384 [INFO] WiFi is working.
2025-08-26 23:49:29,420 [INFO] WiFi is working.
2025-08-26 23:49:45,476 [INFO] WiFi is working.
2025-08-26 23:50:01,502 [INFO] WiFi is working.
2025-08-26 23:50:27,513 [INFO] WiFi is working.
2025-08-26 23:50:43,540 [INFO] WiFi is working.
2025-08-26 23:50:59,567 [INFO] WiFi is working.
2025-08-26 23:51:16,577 [INFO] WiFi is working.
2025-08-26 23:51:32,621 [INFO] WiFi is working.
2025-08-26 23:51:48,648 [INFO] WiFi is working.
2025-08-26 23:52:04,675 [INFO] WiFi is working.
2025-08-26 23:52:20,701 [INFO] WiFi is working.
2025-08-26 23:52:36,728 [INFO] WiFi is working.
2025-08-26 23:52:52,753 [INFO] WiFi is working.
2025-08-26 23:53:08,780 [INFO] WiFi is working.
2025-08-26 23:53:24,816 [INFO] WiFi is working.
2025-08-26 23:53:40,857 [INFO] WiFi is working.
2025-08-26 23:53:56,884 [INFO] WiFi is working.
2025-08-26 23:54:12,910 [INFO] WiFi is working.
2025-08-26 23:54:28,949 [INFO] WiFi is working.
2025-08-26 23:54:44,976 [INFO] WiFi is working.
2025-08-26 23:55:01,014 [INFO] WiFi is working.
2025-08-26 23:55:17,067 [INFO] WiFi is working.
2025-08-26 23:55:33,098 [INFO] WiFi is working.
2025-08-26 23:55:49,124 [INFO] WiFi is working.
2025-08-26 23:56:05,151 [INFO] WiFi is working.
2025-08-26 23:56:21,180 [INFO] WiFi is working.
2025-08-26 23:56:37,207 [INFO] WiFi is working.
2025-08-26 23:56:53,248 [INFO] WiFi is working.
2025-08-26 23:57:09,279 [INFO] WiFi is working.
2025-08-26 23:57:25,313 [INFO] WiFi is working.
2025-08-26 23:57:41,340 [INFO] WiFi is working.
2025-08-26 23:57:57,367 [INFO] WiFi is working.
2025-08-26 23:58:13,395 [INFO] WiFi is working.
2025-08-26 23:58:29,423 [INFO] WiFi is working.
2025-08-26 23:58:45,462 [INFO] WiFi is working.
2025-08-26 23:59:01,495 [INFO] WiFi is working.
2025-08-26 23:59:17,527 [INFO] WiFi is working.
2025-08-26 23:59:33,562 [INFO] WiFi is working.
2025-08-26 23:59:49,586 [INFO] WiFi is working.
2025-08-27 00:00:05,612 [INFO] WiFi is working.
2025-08-27 00:00:21,638 [INFO] WiFi is working.
2025-08-27 00:00:37,661 [INFO] WiFi is working.
2025-08-27 00:00:53,688 [INFO] WiFi is working.
2025-08-27 00:01:09,727 [INFO] WiFi is working.
2025-08-27 00:01:25,754 [INFO] WiFi is working.
2025-08-27 00:01:41,792 [INFO] WiFi is working.
2025-08-27 00:01:57,818 [INFO] WiFi is working.
2025-08-27 00:02:13,859 [INFO] WiFi is working.
2025-08-27 00:02:29,887 [INFO] WiFi is working.
2025-08-27 00:02:45,913 [INFO] WiFi is working.
2025-08-27 00:03:01,940 [INFO] WiFi is working.
2025-08-27 00:03:17,967 [INFO] WiFi is working.
2025-08-27 00:03:34,013 [INFO] WiFi is working.
2025-08-27 00:03:50,042 [INFO] WiFi is working.
2025-08-27 00:04:06,068 [INFO] WiFi is working.
2025-08-27 00:04:22,095 [INFO] WiFi is working.
2025-08-27 00:04:38,144 [INFO] WiFi is working.
2025-08-27 00:04:54,170 [INFO] WiFi is working.
2025-08-27 00:05:10,208 [INFO] WiFi is working.
2025-08-27 00:05:26,234 [INFO] WiFi is working.
2025-08-27 00:05:42,260 [INFO] WiFi is working.
2025-08-27 00:05:58,290 [INFO] WiFi is working.
2025-08-27 00:06:14,330 [INFO] WiFi is working.
2025-08-27 00:06:30,357 [INFO] WiFi is working.
2025-08-27 00:06:46,391 [INFO] WiFi is working.
2025-08-27 00:07:02,419 [INFO] WiFi is working.
2025-08-27 00:07:18,446 [INFO] WiFi is working.
2025-08-27 00:07:34,480 [INFO] WiFi is working.
2025-08-27 00:07:50,507 [INFO] WiFi is working.
2025-08-27 00:08:06,534 [INFO] WiFi is working.
2025-08-27 00:08:22,561 [INFO] WiFi is working.
2025-08-27 00:08:38,587 [INFO] WiFi is working.
2025-08-27 00:08:54,618 [INFO] WiFi is working.
2025-08-27 00:09:10,644 [INFO] WiFi is working.
2025-08-27 00:09:26,667 [INFO] WiFi is working.
2025-08-27 00:09:42,696 [INFO] WiFi is working.
2025-08-27 00:09:58,737 [INFO] WiFi is working.
2025-08-27 00:10:14,770 [INFO] WiFi is working.
2025-08-27 00:10:30,796 [INFO] WiFi is working.
2025-08-27 00:10:46,835 [INFO] WiFi is working.
2025-08-27 00:11:02,862 [INFO] WiFi is working.
2025-08-27 00:11:18,906 [INFO] WiFi is working.
2025-08-27 00:11:34,935 [INFO] WiFi is working.
2025-08-27 00:11:50,968 [INFO] WiFi is working.
2025-08-27 00:12:07,001 [INFO] WiFi is working.
2025-08-27 00:12:23,025 [INFO] WiFi is working.
2025-08-27 00:12:39,051 [INFO] WiFi is working.
2025-08-27 00:12:55,079 [INFO] WiFi is working.
2025-08-27 00:13:11,105 [INFO] WiFi is working.
2025-08-27 00:13:27,131 [INFO] WiFi is working.
2025-08-27 00:13:43,165 [INFO] WiFi is working.
2025-08-27 00:13:59,192 [INFO] WiFi is working.
2025-08-27 00:14:15,219 [INFO] WiFi is working.
2025-08-27 00:14:31,250 [INFO] WiFi is working.
2025-08-27 00:14:47,276 [INFO] WiFi is working.
2025-08-27 00:15:03,315 [INFO] WiFi is working.
2025-08-27 00:15:19,342 [INFO] WiFi is working.
2025-08-27 00:15:35,381 [INFO] WiFi is working.
2025-08-27 00:15:51,407 [INFO] WiFi is working.
2025-08-27 00:16:07,434 [INFO] WiFi is working.
2025-08-27 00:16:23,461 [INFO] WiFi is working.
2025-08-27 00:16:39,497 [INFO] WiFi is working.
2025-08-27 00:16:55,531 [INFO] WiFi is working.
2025-08-27 00:17:11,557 [INFO] WiFi is working.
2025-08-27 00:17:27,584 [INFO] WiFi is working.
2025-08-27 00:17:43,608 [INFO] WiFi is working.
2025-08-27 00:17:59,646 [INFO] WiFi is working.
2025-08-27 00:18:15,679 [INFO] WiFi is working.
2025-08-27 00:18:31,705 [INFO] WiFi is working.
2025-08-27 00:18:47,731 [INFO] WiFi is working.
2025-08-27 00:19:03,758 [INFO] WiFi is working.
2025-08-27 00:19:19,785 [INFO] WiFi is working.
2025-08-27 00:19:35,812 [INFO] WiFi is working.
2025-08-27 00:19:51,839 [INFO] WiFi is working.
2025-08-27 00:20:07,866 [INFO] WiFi is working.
2025-08-27 00:20:23,893 [INFO] WiFi is working.
2025-08-27 00:20:39,920 [INFO] WiFi is working.
2025-08-27 00:20:55,948 [INFO] WiFi is working.
2025-08-27 00:21:11,975 [INFO] WiFi is working.
2025-08-27 00:21:28,001 [INFO] WiFi is working.
2025-08-27 00:21:44,028 [INFO] WiFi is working.
2025-08-27 00:22:00,055 [INFO] WiFi is working.
2025-08-27 00:22:16,092 [INFO] WiFi is working.
2025-08-27 00:22:32,118 [INFO] WiFi is working.
2025-08-27 00:22:48,158 [INFO] WiFi is working.
2025-08-27 00:23:04,192 [INFO] WiFi is working.
2025-08-27 00:23:20,220 [INFO] WiFi is working.
2025-08-27 00:23:36,258 [INFO] WiFi is working.
2025-08-27 00:23:52,284 [INFO] WiFi is working.
2025-08-27 00:24:08,324 [INFO] WiFi is working.
2025-08-27 00:24:24,350 [INFO] WiFi is working.
2025-08-27 00:24:40,390 [INFO] WiFi is working.
2025-08-27 00:24:56,417 [INFO] WiFi is working.
2025-08-27 00:25:12,443 [INFO] WiFi is working.
2025-08-27 00:25:28,474 [INFO] WiFi is working.
2025-08-27 00:25:44,511 [INFO] WiFi is working.
2025-08-27 00:26:00,538 [INFO] WiFi is working.
2025-08-27 00:26:16,565 [INFO] WiFi is working.
2025-08-27 00:26:32,592 [INFO] WiFi is working.
2025-08-27 00:26:48,623 [INFO] WiFi is working.
2025-08-27 00:27:04,652 [INFO] WiFi is working.
2025-08-27 00:27:20,678 [INFO] WiFi is working.
2025-08-27 00:27:36,704 [INFO] WiFi is working.
2025-08-27 00:27:52,731 [INFO] WiFi is working.
2025-08-27 00:28:08,757 [INFO] WiFi is working.
2025-08-27 00:28:24,790 [INFO] WiFi is working.
2025-08-27 00:28:40,820 [INFO] WiFi is working.
2025-08-27 00:28:56,849 [INFO] WiFi is working.
2025-08-27 00:29:12,876 [INFO] WiFi is working.
2025-08-27 00:29:28,903 [INFO] WiFi is working.
2025-08-27 00:29:44,931 [INFO] WiFi is working.
2025-08-27 00:30:00,958 [INFO] WiFi is working.
2025-08-27 00:30:16,985 [INFO] WiFi is working.
2025-08-27 00:30:33,012 [INFO] WiFi is working.
2025-08-27 00:30:49,038 [INFO] WiFi is working.
2025-08-27 00:31:05,065 [INFO] WiFi is working.
2025-08-27 00:31:21,106 [INFO] WiFi is working.
2025-08-27 00:31:37,135 [INFO] WiFi is working.
2025-08-27 00:31:53,161 [INFO] WiFi is working.
2025-08-27 00:32:09,189 [INFO] WiFi is working.
2025-08-27 00:32:25,218 [INFO] WiFi is working.
2025-08-27 00:32:41,251 [INFO] WiFi is working.
2025-08-27 00:32:57,278 [INFO] WiFi is working.
2025-08-27 00:33:13,305 [INFO] WiFi is working.
2025-08-27 00:33:29,332 [INFO] WiFi is working.
2025-08-27 00:33:45,359 [INFO] WiFi is working.
2025-08-27 00:34:01,387 [INFO] WiFi is working.
2025-08-27 00:34:17,419 [INFO] WiFi is working.
2025-08-27 00:34:33,446 [INFO] WiFi is working.
2025-08-27 00:34:49,487 [INFO] WiFi is working.
2025-08-27 00:35:05,512 [INFO] WiFi is working.
2025-08-27 00:35:21,539 [INFO] WiFi is working.
2025-08-27 00:35:37,565 [INFO] WiFi is working.
2025-08-27 00:35:53,599 [INFO] WiFi is working.
2025-08-27 00:36:09,632 [INFO] WiFi is working.
2025-08-27 00:36:25,659 [INFO] WiFi is working.
2025-08-27 00:36:41,683 [INFO] WiFi is working.
2025-08-27 00:36:57,709 [INFO] WiFi is working.
2025-08-27 00:37:13,902 [INFO] WiFi is working.
2025-08-27 00:37:29,931 [INFO] WiFi is working.
2025-08-27 00:37:45,977 [INFO] WiFi is working.
2025-08-27 00:38:02,014 [INFO] WiFi is working.
2025-08-27 00:38:18,048 [INFO] WiFi is working.
2025-08-27 00:38:34,081 [INFO] WiFi is working.
2025-08-27 00:38:50,114 [INFO] WiFi is working.
2025-08-27 00:39:06,140 [INFO] WiFi is working.
2025-08-27 00:39:22,167 [INFO] WiFi is working.
2025-08-27 00:39:38,193 [INFO] WiFi is working.
2025-08-27 00:39:54,229 [INFO] WiFi is working.
2025-08-27 00:40:10,262 [INFO] WiFi is working.
2025-08-27 00:40:26,288 [INFO] WiFi is working.
2025-08-27 00:40:42,333 [INFO] WiFi is working.
2025-08-27 00:40:58,360 [INFO] WiFi is working.
2025-08-27 00:41:14,394 [INFO] WiFi is working.
2025-08-27 00:41:30,421 [INFO] WiFi is working.
2025-08-27 00:41:46,445 [INFO] WiFi is working.
2025-08-27 00:42:02,476 [INFO] WiFi is working.
2025-08-27 00:42:18,511 [INFO] WiFi is working.
2025-08-27 00:42:34,543 [INFO] WiFi is working.
2025-08-27 00:42:50,577 [INFO] WiFi is working.
2025-08-27 00:43:06,609 [INFO] WiFi is working.
2025-08-27 00:43:22,641 [INFO] WiFi is working.
2025-08-27 00:43:38,667 [INFO] WiFi is working.
2025-08-27 00:43:54,697 [INFO] WiFi is working.
2025-08-27 00:44:10,723 [INFO] WiFi is working.
2025-08-27 00:44:26,747 [INFO] WiFi is working.
2025-08-27 00:44:42,774 [INFO] WiFi is working.
2025-08-27 00:44:58,800 [INFO] WiFi is working.
2025-08-27 00:45:14,839 [INFO] WiFi is working.
2025-08-27 00:45:30,875 [INFO] WiFi is working.
2025-08-27 00:45:46,902 [INFO] WiFi is working.
2025-08-27 00:46:02,929 [INFO] WiFi is working.
2025-08-27 00:46:18,956 [INFO] WiFi is working.
2025-08-27 00:46:34,995 [INFO] WiFi is working.
2025-08-27 00:46:51,022 [INFO] WiFi is working.
2025-08-27 00:47:07,057 [INFO] WiFi is working.
2025-08-27 00:47:23,084 [INFO] WiFi is working.
2025-08-27 00:47:39,112 [INFO] WiFi is working.
2025-08-27 00:47:55,138 [INFO] WiFi is working.
2025-08-27 00:48:11,166 [INFO] WiFi is working.
2025-08-27 00:48:27,206 [INFO] WiFi is working.
2025-08-27 00:48:43,232 [INFO] WiFi is working.
2025-08-27 00:48:59,272 [INFO] WiFi is working.
2025-08-27 00:49:15,305 [INFO] WiFi is working.
2025-08-27 00:49:31,332 [INFO] WiFi is working.
2025-08-27 00:49:47,358 [INFO] WiFi is working.
2025-08-27 00:50:03,383 [INFO] WiFi is working.
2025-08-27 00:50:19,412 [INFO] WiFi is working.
2025-08-27 00:50:35,439 [INFO] WiFi is working.
2025-08-27 00:50:51,466 [INFO] WiFi is working.
2025-08-27 00:51:07,493 [INFO] WiFi is working.
2025-08-27 00:51:23,521 [INFO] WiFi is working.
2025-08-27 00:51:39,554 [INFO] WiFi is working.
2025-08-27 00:51:55,584 [INFO] WiFi is working.
2025-08-27 00:52:11,610 [INFO] WiFi is working.
2025-08-27 00:52:27,637 [INFO] WiFi is working.
2025-08-27 00:52:43,663 [INFO] WiFi is working.
2025-08-27 00:52:59,703 [INFO] WiFi is working.
2025-08-27 00:53:15,736 [INFO] WiFi is working.
2025-08-27 00:53:31,763 [INFO] WiFi is working.
2025-08-27 00:53:47,789 [INFO] WiFi is working.
2025-08-27 00:54:03,820 [INFO] WiFi is working.
2025-08-27 00:54:19,859 [INFO] WiFi is working.
2025-08-27 00:54:35,911 [INFO] WiFi is working.
2025-08-27 00:54:51,938 [INFO] WiFi is working.
2025-08-27 00:55:07,965 [INFO] WiFi is working.
2025-08-27 00:55:23,992 [INFO] WiFi is working.
2025-08-27 00:55:40,019 [INFO] WiFi is working.
2025-08-27 00:55:56,050 [INFO] WiFi is working.
2025-08-27 00:56:12,077 [INFO] WiFi is working.
2025-08-27 00:56:28,103 [INFO] WiFi is working.
2025-08-27 00:56:44,130 [INFO] WiFi is working.
2025-08-27 00:57:00,158 [INFO] WiFi is working.
2025-08-27 00:57:16,186 [INFO] WiFi is working.
2025-08-27 00:57:32,216 [INFO] WiFi is working.
2025-08-27 00:57:48,242 [INFO] WiFi is working.
2025-08-27 00:58:04,282 [INFO] WiFi is working.
2025-08-27 00:58:20,317 [INFO] WiFi is working.
2025-08-27 00:58:36,349 [INFO] WiFi is working.
2025-08-27 00:58:52,376 [INFO] WiFi is working.
2025-08-27 00:59:08,414 [INFO] WiFi is working.
2025-08-27 00:59:24,440 [INFO] WiFi is working.
2025-08-27 00:59:40,481 [INFO] WiFi is working.
2025-08-27 00:59:56,508 [INFO] WiFi is working.
2025-08-27 01:00:12,534 [INFO] WiFi is working.
2025-08-27 01:00:28,564 [INFO] WiFi is working.
2025-08-27 01:00:44,598 [INFO] WiFi is working.
2025-08-27 01:01:00,637 [INFO] WiFi is working.
2025-08-27 01:01:16,664 [INFO] WiFi is working.
2025-08-27 01:01:32,691 [INFO] WiFi is working.
2025-08-27 01:01:48,730 [INFO] WiFi is working.
2025-08-27 01:02:04,763 [INFO] WiFi is working.
2025-08-27 01:02:20,796 [INFO] WiFi is working.
2025-08-27 01:02:36,829 [INFO] WiFi is working.
2025-08-27 01:02:52,856 [INFO] WiFi is working.
2025-08-27 01:03:08,896 [INFO] WiFi is working.
2025-08-27 01:03:24,932 [INFO] WiFi is working.
2025-08-27 01:03:40,961 [INFO] WiFi is working.
2025-08-27 01:03:56,987 [INFO] WiFi is working.
2025-08-27 01:04:13,014 [INFO] WiFi is working.
2025-08-27 01:04:29,043 [INFO] WiFi is working.
2025-08-27 01:04:45,104 [INFO] WiFi is working.
2025-08-27 01:05:01,132 [INFO] WiFi is working.
2025-08-27 01:05:17,161 [INFO] WiFi is working.
2025-08-27 01:05:33,187 [INFO] WiFi is working.
2025-08-27 01:05:49,224 [INFO] WiFi is working.
2025-08-27 01:06:05,250 [INFO] WiFi is working.
2025-08-27 01:06:21,277 [INFO] WiFi is working.
2025-08-27 01:06:37,303 [INFO] WiFi is working.
2025-08-27 01:06:53,327 [INFO] WiFi is working.
2025-08-27 01:07:09,355 [INFO] WiFi is working.
2025-08-27 01:07:25,382 [INFO] WiFi is working.
2025-08-27 01:07:41,410 [INFO] WiFi is working.
2025-08-27 01:07:58,418 [INFO] WiFi is working.
2025-08-27 01:08:14,445 [INFO] WiFi is working.
2025-08-27 01:08:30,472 [INFO] WiFi is working.
2025-08-27 01:08:56,505 [INFO] WiFi is working.
2025-08-27 01:09:12,533 [INFO] WiFi is working.
2025-08-27 01:09:28,560 [INFO] WiFi is working.
2025-08-27 01:09:44,586 [INFO] WiFi is working.
2025-08-27 01:10:00,613 [INFO] WiFi is working.
2025-08-27 01:10:16,639 [INFO] WiFi is working.
2025-08-27 01:10:32,674 [INFO] WiFi is working.
2025-08-27 01:10:48,701 [INFO] WiFi is working.
2025-08-27 01:11:04,727 [INFO] WiFi is working.
2025-08-27 01:11:20,756 [INFO] WiFi is working.
2025-08-27 01:11:36,801 [INFO] WiFi is working.
2025-08-27 01:11:52,839 [INFO] WiFi is working.
2025-08-27 01:12:08,873 [INFO] WiFi is working.
2025-08-27 01:12:24,900 [INFO] WiFi is working.
2025-08-27 01:12:40,926 [INFO] WiFi is working.
2025-08-27 01:12:56,954 [INFO] WiFi is working.
2025-08-27 01:13:12,984 [INFO] WiFi is working.
2025-08-27 01:13:29,021 [INFO] WiFi is working.
2025-08-27 01:13:45,064 [INFO] WiFi is working.
2025-08-27 01:14:01,106 [INFO] WiFi is working.
2025-08-27 01:14:17,137 [INFO] WiFi is working.
2025-08-27 01:14:33,163 [INFO] WiFi is working.
2025-08-27 01:14:49,194 [INFO] WiFi is working.
2025-08-27 01:15:05,236 [INFO] WiFi is working.
2025-08-27 01:15:21,262 [INFO] WiFi is working.
2025-08-27 01:15:37,289 [INFO] WiFi is working.
2025-08-27 01:15:53,322 [INFO] WiFi is working.
2025-08-27 01:16:09,349 [INFO] WiFi is working.
2025-08-27 01:16:25,377 [INFO] WiFi is working.
2025-08-27 01:16:41,406 [INFO] WiFi is working.
2025-08-27 01:16:57,439 [INFO] WiFi is working.
2025-08-27 01:17:13,474 [INFO] WiFi is working.
2025-08-27 01:17:29,501 [INFO] WiFi is working.
2025-08-27 01:17:45,543 [INFO] WiFi is working.
2025-08-27 01:18:01,571 [INFO] WiFi is working.
2025-08-27 01:18:17,598 [INFO] WiFi is working.
2025-08-27 01:18:33,624 [INFO] WiFi is working.
2025-08-27 01:18:49,657 [INFO] WiFi is working.
2025-08-27 01:19:05,690 [INFO] WiFi is working.
2025-08-27 01:19:21,723 [INFO] WiFi is working.
2025-08-27 01:19:37,753 [INFO] WiFi is working.
2025-08-27 01:19:53,780 [INFO] WiFi is working.
2025-08-27 01:20:09,808 [INFO] WiFi is working.
2025-08-27 01:20:25,830 [INFO] WiFi is working.
2025-08-27 01:20:41,858 [INFO] WiFi is working.
2025-08-27 01:20:57,890 [INFO] WiFi is working.
2025-08-27 01:21:13,924 [INFO] WiFi is working.
2025-08-27 01:21:29,957 [INFO] WiFi is working.
2025-08-27 01:21:45,991 [INFO] WiFi is working.
2025-08-27 01:22:02,026 [INFO] WiFi is working.
2025-08-27 01:22:18,049 [INFO] WiFi is working.
2025-08-27 01:22:34,075 [INFO] WiFi is working.
2025-08-27 01:22:50,108 [INFO] WiFi is working.
2025-08-27 01:23:06,141 [INFO] WiFi is working.
2025-08-27 01:23:22,164 [INFO] WiFi is working.
2025-08-27 01:23:38,183 [INFO] WiFi is working.
2025-08-27 01:23:54,216 [INFO] WiFi is working.
2025-08-27 01:24:10,239 [INFO] WiFi is working.
2025-08-27 01:24:26,262 [INFO] WiFi is working.
2025-08-27 01:24:42,286 [INFO] WiFi is working.
2025-08-27 01:24:58,323 [INFO] WiFi is working.
2025-08-27 01:25:14,357 [INFO] WiFi is working.
2025-08-27 01:25:30,390 [INFO] WiFi is working.
2025-08-27 01:25:46,415 [INFO] WiFi is working.
2025-08-27 01:26:02,442 [INFO] WiFi is working.
2025-08-27 01:26:18,461 [INFO] WiFi is working.
2025-08-27 01:26:34,491 [INFO] WiFi is working.
2025-08-27 01:26:50,514 [INFO] WiFi is working.
2025-08-27 01:27:06,540 [INFO] WiFi is working.
2025-08-27 01:27:22,574 [INFO] WiFi is working.
2025-08-27 01:27:38,607 [INFO] WiFi is working.
2025-08-27 01:27:54,634 [INFO] WiFi is working.
2025-08-27 01:28:10,659 [INFO] WiFi is working.
2025-08-27 01:28:26,681 [INFO] WiFi is working.
2025-08-27 01:28:42,707 [INFO] WiFi is working.
2025-08-27 01:28:58,742 [INFO] WiFi is working.
2025-08-27 01:29:14,773 [INFO] WiFi is working.
2025-08-27 01:29:30,798 [INFO] WiFi is working.
2025-08-27 01:29:46,823 [INFO] WiFi is working.
2025-08-27 01:30:02,858 [INFO] WiFi is working.
2025-08-27 01:30:18,890 [INFO] WiFi is working.
2025-08-27 01:30:34,922 [INFO] WiFi is working.
2025-08-27 01:30:50,956 [INFO] WiFi is working.
2025-08-27 01:31:06,988 [INFO] WiFi is working.
2025-08-27 01:31:23,023 [INFO] WiFi is working.
2025-08-27 01:31:39,042 [INFO] WiFi is working.
2025-08-27 01:31:55,066 [INFO] WiFi is working.
2025-08-27 01:32:11,904 [INFO] WiFi is working.
2025-08-27 01:32:27,949 [INFO] WiFi is working.
2025-08-27 01:32:46,647 [INFO] WiFi is working.
2025-08-27 01:33:06,156 [INFO] WiFi is working.
2025-08-27 01:33:22,179 [INFO] WiFi is working.
2025-08-27 01:33:38,198 [INFO] WiFi is working.
2025-08-27 01:33:54,521 [INFO] WiFi is working.
2025-08-27 01:34:10,555 [INFO] WiFi is working.
2025-08-27 01:34:26,589 [INFO] WiFi is working.
2025-08-27 01:34:42,610 [INFO] WiFi is working.
2025-08-27 01:34:58,634 [INFO] WiFi is working.
2025-08-27 01:35:14,671 [INFO] WiFi is working.
2025-08-27 01:35:30,704 [INFO] WiFi is working.
2025-08-27 01:35:46,736 [INFO] WiFi is working.
2025-08-27 01:36:02,771 [INFO] WiFi is working.
2025-08-27 01:36:18,793 [INFO] WiFi is working.
2025-08-27 01:36:34,821 [INFO] WiFi is working.
2025-08-27 01:36:50,844 [INFO] WiFi is working.
2025-08-27 01:37:06,866 [INFO] WiFi is working.
2025-08-27 01:37:22,902 [INFO] WiFi is working.
2025-08-27 01:37:38,938 [INFO] WiFi is working.
2025-08-27 01:37:54,957 [INFO] WiFi is working.
2025-08-27 01:38:10,982 [INFO] WiFi is working.
2025-08-27 01:38:27,020 [INFO] WiFi is working.
2025-08-27 01:38:43,044 [INFO] WiFi is working.
2025-08-27 01:38:59,069 [INFO] WiFi is working.
2025-08-27 01:39:15,104 [INFO] WiFi is working.
2025-08-27 01:39:31,125 [INFO] WiFi is working.
2025-08-27 01:39:47,148 [INFO] WiFi is working.
2025-08-27 01:40:03,186 [INFO] WiFi is working.
2025-08-27 01:40:19,210 [INFO] WiFi is working.
2025-08-27 01:40:35,246 [INFO] WiFi is working.
2025-08-27 01:40:51,270 [INFO] WiFi is working.
2025-08-27 01:41:07,304 [INFO] WiFi is working.
2025-08-27 01:41:23,336 [INFO] WiFi is working.
2025-08-27 01:41:39,360 [INFO] WiFi is working.
2025-08-27 01:41:55,388 [INFO] WiFi is working.
2025-08-27 01:42:11,414 [INFO] WiFi is working.
2025-08-27 01:42:27,448 [INFO] WiFi is working.
2025-08-27 01:42:43,485 [INFO] WiFi is working.
2025-08-27 01:42:59,519 [INFO] WiFi is working.
2025-08-27 01:43:15,551 [INFO] WiFi is working.
2025-08-27 01:43:31,588 [INFO] WiFi is working.
2025-08-27 01:43:47,618 [INFO] WiFi is working.
2025-08-27 01:44:03,649 [INFO] WiFi is working.
2025-08-27 01:44:19,672 [INFO] WiFi is working.
2025-08-27 01:44:35,704 [INFO] WiFi is working.
2025-08-27 01:44:51,734 [INFO] WiFi is working.
2025-08-27 01:45:07,767 [INFO] WiFi is working.
2025-08-27 01:45:23,789 [INFO] WiFi is working.
2025-08-27 01:45:39,813 [INFO] WiFi is working.
2025-08-27 01:45:55,837 [INFO] WiFi is working.
2025-08-27 01:46:11,858 [INFO] WiFi is working.
2025-08-27 01:46:27,882 [INFO] WiFi is working.
2025-08-27 01:46:43,915 [INFO] WiFi is working.
2025-08-27 01:46:59,949 [INFO] WiFi is working.
2025-08-27 01:47:15,971 [INFO] WiFi is working.
2025-08-27 01:47:31,998 [INFO] WiFi is working.
2025-08-27 01:47:48,032 [INFO] WiFi is working.
2025-08-27 01:48:04,053 [INFO] WiFi is working.
2025-08-27 01:48:20,082 [INFO] WiFi is working.
2025-08-27 01:48:36,115 [INFO] WiFi is working.
2025-08-27 01:48:52,148 [INFO] WiFi is working.
2025-08-27 01:49:08,182 [INFO] WiFi is working.
2025-08-27 01:49:24,215 [INFO] WiFi is working.
2025-08-27 01:49:40,238 [INFO] WiFi is working.
2025-08-27 01:49:56,265 [INFO] WiFi is working.
2025-08-27 01:50:12,300 [INFO] WiFi is working.
2025-08-27 01:50:28,321 [INFO] WiFi is working.
2025-08-27 01:50:44,344 [INFO] WiFi is working.
2025-08-27 01:51:00,381 [INFO] WiFi is working.
2025-08-27 01:51:16,414 [INFO] WiFi is working.
2025-08-27 01:51:32,449 [INFO] WiFi is working.
2025-08-27 01:51:48,472 [INFO] WiFi is working.
2025-08-27 01:52:04,497 [INFO] WiFi is working.
2025-08-27 01:52:20,531 [INFO] WiFi is working.
2025-08-27 01:52:36,563 [INFO] WiFi is working.
2025-08-27 01:52:52,595 [INFO] WiFi is working.
2025-08-27 01:53:08,630 [INFO] WiFi is working.
2025-08-27 01:53:24,663 [INFO] WiFi is working.
2025-08-27 01:53:40,696 [INFO] WiFi is working.
2025-08-27 01:53:56,720 [INFO] WiFi is working.
2025-08-27 01:54:12,750 [INFO] WiFi is working.
2025-08-27 01:54:28,780 [INFO] WiFi is working.
2025-08-27 01:54:44,802 [INFO] WiFi is working.
2025-08-27 01:55:00,829 [INFO] WiFi is working.
2025-08-27 01:55:16,856 [INFO] WiFi is working.
2025-08-27 01:55:32,883 [INFO] WiFi is working.
2025-08-27 01:55:48,912 [INFO] WiFi is working.
2025-08-27 01:56:04,939 [INFO] WiFi is working.
2025-08-27 01:56:20,979 [INFO] WiFi is working.
2025-08-27 01:56:37,012 [INFO] WiFi is working.
2025-08-27 01:56:53,038 [INFO] WiFi is working.
2025-08-27 01:57:09,062 [INFO] WiFi is working.
2025-08-27 01:57:25,085 [INFO] WiFi is working.
2025-08-27 01:57:41,110 [INFO] WiFi is working.
2025-08-27 01:57:57,134 [INFO] WiFi is working.
2025-08-27 01:58:13,160 [INFO] WiFi is working.
2025-08-27 01:58:29,183 [INFO] WiFi is working.
2025-08-27 01:58:45,209 [INFO] WiFi is working.
2025-08-27 01:59:01,244 [INFO] WiFi is working.
2025-08-27 01:59:17,276 [INFO] WiFi is working.
2025-08-27 01:59:33,310 [INFO] WiFi is working.
2025-08-27 01:59:49,349 [INFO] WiFi is working.
2025-08-27 02:00:05,377 [INFO] WiFi is working.
2025-08-27 02:00:21,409 [INFO] WiFi is working.
2025-08-27 02:00:37,443 [INFO] WiFi is working.
2025-08-27 02:00:53,466 [INFO] WiFi is working.
2025-08-27 02:01:09,492 [INFO] WiFi is working.
2025-08-27 02:01:25,531 [INFO] WiFi is working.
2025-08-27 02:01:41,557 [INFO] WiFi is working.
2025-08-27 02:01:57,592 [INFO] WiFi is working.
2025-08-27 02:02:13,618 [INFO] WiFi is working.
2025-08-27 02:02:29,642 [INFO] WiFi is working.
2025-08-27 02:02:45,684 [INFO] WiFi is working.
2025-08-27 02:03:01,707 [INFO] WiFi is working.
2025-08-27 02:03:17,743 [INFO] WiFi is working.
2025-08-27 02:03:33,774 [INFO] WiFi is working.
2025-08-27 02:03:49,808 [INFO] WiFi is working.
2025-08-27 02:04:05,841 [INFO] WiFi is working.
2025-08-27 02:04:21,876 [INFO] WiFi is working.
2025-08-27 02:04:37,908 [INFO] WiFi is working.
2025-08-27 02:04:53,941 [INFO] WiFi is working.
2025-08-27 02:05:09,974 [INFO] WiFi is working.
2025-08-27 02:05:25,995 [INFO] WiFi is working.
2025-08-27 02:05:42,024 [INFO] WiFi is working.
2025-08-27 02:05:58,057 [INFO] WiFi is working.
2025-08-27 02:06:14,090 [INFO] WiFi is working.
2025-08-27 02:06:30,114 [INFO] WiFi is working.
2025-08-27 02:06:46,137 [INFO] WiFi is working.
2025-08-27 02:07:02,162 [INFO] WiFi is working.
2025-08-27 02:07:18,182 [INFO] WiFi is working.
2025-08-27 02:07:34,206 [INFO] WiFi is working.
2025-08-27 02:07:50,238 [INFO] WiFi is working.
2025-08-27 02:08:06,273 [INFO] WiFi is working.
2025-08-27 02:08:22,310 [INFO] WiFi is working.
2025-08-27 02:08:38,329 [INFO] WiFi is working.
2025-08-27 02:08:54,356 [INFO] WiFi is working.
2025-08-27 02:09:10,389 [INFO] WiFi is working.
2025-08-27 02:09:26,412 [INFO] WiFi is working.
2025-08-27 02:09:42,438 [INFO] WiFi is working.
2025-08-27 02:09:58,461 [INFO] WiFi is working.
2025-08-27 02:10:14,488 [INFO] WiFi is working.
2025-08-27 02:10:30,521 [INFO] WiFi is working.
2025-08-27 02:10:46,555 [INFO] WiFi is working.
2025-08-27 02:11:02,587 [INFO] WiFi is working.
2025-08-27 02:11:18,611 [INFO] WiFi is working.
2025-08-27 02:11:34,636 [INFO] WiFi is working.
2025-08-27 02:11:50,662 [INFO] WiFi is working.
2025-08-27 02:12:06,688 [INFO] WiFi is working.
2025-08-27 02:12:22,714 [INFO] WiFi is working.
2025-08-27 02:12:38,754 [INFO] WiFi is working.
2025-08-27 02:12:54,787 [INFO] WiFi is working.
2025-08-27 02:13:10,820 [INFO] WiFi is working.
2025-08-27 02:13:26,854 [INFO] WiFi is working.
2025-08-27 02:13:42,886 [INFO] WiFi is working.
2025-08-27 02:13:58,919 [INFO] WiFi is working.
2025-08-27 02:14:14,944 [INFO] WiFi is working.
2025-08-27 02:14:30,962 [INFO] WiFi is working.
2025-08-27 02:14:46,986 [INFO] WiFi is working.
2025-08-27 02:15:03,018 [INFO] WiFi is working.
2025-08-27 02:15:19,052 [INFO] WiFi is working.
2025-08-27 02:15:35,086 [INFO] WiFi is working.
2025-08-27 02:15:51,119 [INFO] WiFi is working.
2025-08-27 02:16:07,152 [INFO] WiFi is working.
2025-08-27 02:16:23,193 [INFO] WiFi is working.
2025-08-27 02:16:39,219 [INFO] WiFi is working.
2025-08-27 02:16:55,250 [INFO] WiFi is working.
2025-08-27 02:17:11,284 [INFO] WiFi is working.
2025-08-27 02:17:27,318 [INFO] WiFi is working.
2025-08-27 02:17:43,354 [INFO] WiFi is working.
2025-08-27 02:17:59,384 [INFO] WiFi is working.
2025-08-27 02:18:15,418 [INFO] WiFi is working.
2025-08-27 02:18:31,444 [INFO] WiFi is working.
2025-08-27 02:18:57,465 [INFO] WiFi is working.
2025-08-27 02:19:13,501 [INFO] WiFi is working.
2025-08-27 02:19:29,534 [INFO] WiFi is working.
2025-08-27 02:19:45,560 [INFO] WiFi is working.
2025-08-27 02:20:01,586 [INFO] WiFi is working.
2025-08-27 02:20:17,617 [INFO] WiFi is working.
2025-08-27 02:20:33,645 [INFO] WiFi is working.
2025-08-27 02:20:49,683 [INFO] WiFi is working.
2025-08-27 02:21:05,719 [INFO] WiFi is working.
2025-08-27 02:21:21,745 [INFO] WiFi is working.
2025-08-27 02:21:37,771 [INFO] WiFi is working.
2025-08-27 02:21:53,798 [INFO] WiFi is working.
2025-08-27 02:22:09,825 [INFO] WiFi is working.
2025-08-27 02:22:25,855 [INFO] WiFi is working.
2025-08-27 02:22:41,879 [INFO] WiFi is working.
2025-08-27 02:22:57,915 [INFO] WiFi is working.
2025-08-27 02:23:13,947 [INFO] WiFi is working.
2025-08-27 02:23:29,980 [INFO] WiFi is working.
2025-08-27 02:23:45,998 [INFO] WiFi is working.
2025-08-27 02:24:02,031 [INFO] WiFi is working.
2025-08-27 02:24:18,062 [INFO] WiFi is working.
2025-08-27 02:24:34,096 [INFO] WiFi is working.
2025-08-27 02:24:50,128 [INFO] WiFi is working.
2025-08-27 02:25:06,161 [INFO] WiFi is working.
2025-08-27 02:25:34,574 [INFO] WiFi is working.
2025-08-27 02:25:50,605 [INFO] WiFi is working.
2025-08-27 02:26:06,638 [INFO] WiFi is working.
2025-08-27 02:26:22,670 [INFO] WiFi is working.
2025-08-27 02:26:38,706 [INFO] WiFi is working.
2025-08-27 02:26:54,729 [INFO] WiFi is working.
2025-08-27 02:27:26,423 [INFO] WiFi is working.
2025-08-27 02:27:42,447 [INFO] WiFi is working.
2025-08-27 02:27:58,665 [INFO] WiFi is working.
2025-08-27 02:28:14,712 [INFO] WiFi is working.
2025-08-27 02:28:30,741 [INFO] WiFi is working.
2025-08-27 02:28:46,773 [INFO] WiFi is working.
2025-08-27 02:29:02,808 [INFO] WiFi is working.
2025-08-27 02:29:18,840 [INFO] WiFi is working.
2025-08-27 02:29:34,873 [INFO] WiFi is working.
2025-08-27 02:29:50,923 [INFO] WiFi is working.
2025-08-27 02:30:06,953 [INFO] WiFi is working.
2025-08-27 02:30:22,990 [INFO] WiFi is working.
2025-08-27 02:30:39,017 [INFO] WiFi is working.
2025-08-27 02:30:55,038 [INFO] WiFi is working.
2025-08-27 02:31:11,072 [INFO] WiFi is working.
2025-08-27 02:31:27,096 [INFO] WiFi is working.
2025-08-27 02:31:43,118 [INFO] WiFi is working.
2025-08-27 02:31:59,156 [INFO] WiFi is working.
2025-08-27 02:32:15,190 [INFO] WiFi is working.
2025-08-27 02:32:31,217 [INFO] WiFi is working.
2025-08-27 02:32:47,243 [INFO] WiFi is working.
2025-08-27 02:33:03,267 [INFO] WiFi is working.
2025-08-27 02:33:19,289 [INFO] WiFi is working.
2025-08-27 02:33:35,314 [INFO] WiFi is working.
2025-08-27 02:33:51,341 [INFO] WiFi is working.
2025-08-27 02:34:07,390 [INFO] WiFi is working.
2025-08-27 02:34:23,421 [INFO] WiFi is working.
2025-08-27 02:34:39,457 [INFO] WiFi is working.
2025-08-27 02:34:55,489 [INFO] WiFi is working.
2025-08-27 02:35:11,523 [INFO] WiFi is working.
2025-08-27 02:35:27,541 [INFO] WiFi is working.
2025-08-27 02:35:43,565 [INFO] WiFi is working.
2025-08-27 02:35:59,590 [INFO] WiFi is working.
2025-08-27 02:36:15,623 [INFO] WiFi is working.
2025-08-27 02:36:31,645 [INFO] WiFi is working.
2025-08-27 02:36:47,672 [INFO] WiFi is working.
2025-08-27 02:37:03,698 [INFO] WiFi is working.
2025-08-27 02:37:19,739 [INFO] WiFi is working.
2025-08-27 02:37:35,772 [INFO] WiFi is working.
2025-08-27 02:37:51,797 [INFO] WiFi is working.
2025-08-27 02:38:07,824 [INFO] WiFi is working.
2025-08-27 02:38:23,855 [INFO] WiFi is working.
2025-08-27 02:38:39,889 [INFO] WiFi is working.
2025-08-27 02:38:55,916 [INFO] WiFi is working.
2025-08-27 02:39:11,939 [INFO] WiFi is working.
2025-08-27 02:39:27,972 [INFO] WiFi is working.
2025-08-27 02:39:44,006 [INFO] WiFi is working.
2025-08-27 02:40:00,038 [INFO] WiFi is working.
2025-08-27 02:40:16,090 [INFO] WiFi is working.
2025-08-27 02:40:32,117 [INFO] WiFi is working.
2025-08-27 02:40:48,156 [INFO] WiFi is working.
2025-08-27 02:41:04,179 [INFO] WiFi is working.
2025-08-27 02:41:20,205 [INFO] WiFi is working.
2025-08-27 02:41:36,238 [INFO] WiFi is working.
2025-08-27 02:41:52,261 [INFO] WiFi is working.
2025-08-27 02:42:08,288 [INFO] WiFi is working.
2025-08-27 02:42:24,315 [INFO] WiFi is working.
2025-08-27 02:42:40,337 [INFO] WiFi is working.
2025-08-27 02:42:56,365 [INFO] WiFi is working.
2025-08-27 02:43:12,388 [INFO] WiFi is working.
2025-08-27 02:43:28,421 [INFO] WiFi is working.
2025-08-27 02:43:44,448 [INFO] WiFi is working.
2025-08-27 02:44:00,491 [INFO] WiFi is working.
2025-08-27 02:44:16,518 [INFO] WiFi is working.
2025-08-27 02:44:32,553 [INFO] WiFi is working.
2025-08-27 02:44:48,586 [INFO] WiFi is working.
2025-08-27 02:45:04,620 [INFO] WiFi is working.
2025-08-27 02:45:20,643 [INFO] WiFi is working.
2025-08-27 02:45:36,668 [INFO] WiFi is working.
2025-08-27 02:45:52,700 [INFO] WiFi is working.
2025-08-27 02:46:08,735 [INFO] WiFi is working.
2025-08-27 02:46:24,768 [INFO] WiFi is working.
2025-08-27 02:46:40,791 [INFO] WiFi is working.
2025-08-27 02:46:56,818 [INFO] WiFi is working.
2025-08-27 02:47:12,850 [INFO] WiFi is working.
2025-08-27 02:47:28,884 [INFO] WiFi is working.
2025-08-27 02:47:44,911 [INFO] WiFi is working.
2025-08-27 02:48:00,950 [INFO] WiFi is working.
2025-08-27 02:48:16,976 [INFO] WiFi is working.
2025-08-27 02:48:33,003 [INFO] WiFi is working.
2025-08-27 02:48:49,030 [INFO] WiFi is working.
2025-08-27 02:49:05,052 [INFO] WiFi is working.
2025-08-27 02:49:21,086 [INFO] WiFi is working.
2025-08-27 02:49:37,116 [INFO] WiFi is working.
2025-08-27 02:49:53,150 [INFO] WiFi is working.
2025-08-27 02:50:09,181 [INFO] WiFi is working.
2025-08-27 02:50:25,215 [INFO] WiFi is working.
2025-08-27 02:50:41,242 [INFO] WiFi is working.
2025-08-27 02:50:57,282 [INFO] WiFi is working.
2025-08-27 02:51:13,308 [INFO] WiFi is working.
2025-08-27 02:51:29,331 [INFO] WiFi is working.
2025-08-27 02:51:45,358 [INFO] WiFi is working.
2025-08-27 02:52:01,386 [INFO] WiFi is working.
2025-08-27 02:52:17,414 [INFO] WiFi is working.
2025-08-27 02:52:33,447 [INFO] WiFi is working.
2025-08-27 02:52:49,481 [INFO] WiFi is working.
2025-08-27 02:53:05,513 [INFO] WiFi is working.
2025-08-27 02:53:21,540 [INFO] WiFi is working.
2025-08-27 02:53:37,563 [INFO] WiFi is working.
2025-08-27 02:53:53,589 [INFO] WiFi is working.
2025-08-27 02:54:09,630 [INFO] WiFi is working.
2025-08-27 02:54:25,662 [INFO] WiFi is working.
2025-08-27 02:54:41,690 [INFO] WiFi is working.
2025-08-27 02:54:57,729 [INFO] WiFi is working.
2025-08-27 02:55:13,755 [INFO] WiFi is working.
2025-08-27 02:55:29,779 [INFO] WiFi is working.
2025-08-27 02:55:45,816 [INFO] WiFi is working.
2025-08-27 02:56:01,848 [INFO] WiFi is working.
2025-08-27 02:56:17,878 [INFO] WiFi is working.
2025-08-27 02:56:33,912 [INFO] WiFi is working.
2025-08-27 02:56:49,946 [INFO] WiFi is working.
2025-08-27 02:57:05,979 [INFO] WiFi is working.
2025-08-27 02:57:22,005 [INFO] WiFi is working.
2025-08-27 02:57:38,045 [INFO] WiFi is working.
2025-08-27 02:57:54,072 [INFO] WiFi is working.
2025-08-27 02:58:10,115 [INFO] WiFi is working.
2025-08-27 02:58:26,151 [INFO] WiFi is working.
2025-08-27 02:58:42,178 [INFO] WiFi is working.
2025-08-27 02:58:58,211 [INFO] WiFi is working.
2025-08-27 02:59:14,235 [INFO] WiFi is working.
2025-08-27 02:59:30,260 [INFO] WiFi is working.
2025-08-27 02:59:46,296 [INFO] WiFi is working.
2025-08-27 03:00:02,328 [INFO] WiFi is working.
2025-08-27 03:00:18,361 [INFO] WiFi is working.
2025-08-27 03:00:34,394 [INFO] WiFi is working.
2025-08-27 03:00:50,427 [INFO] WiFi is working.
2025-08-27 03:01:06,460 [INFO] WiFi is working.
2025-08-27 03:01:22,493 [INFO] WiFi is working.
2025-08-27 03:01:38,514 [INFO] WiFi is working.
2025-08-27 03:01:54,542 [INFO] WiFi is working.
2025-08-27 03:02:10,563 [INFO] WiFi is working.
2025-08-27 03:02:26,592 [INFO] WiFi is working.
2025-08-27 03:02:42,620 [INFO] WiFi is working.
2025-08-27 03:02:58,642 [INFO] WiFi is working.
2025-08-27 03:03:14,674 [INFO] WiFi is working.
2025-08-27 03:03:30,698 [INFO] WiFi is working.
2025-08-27 03:03:46,723 [INFO] WiFi is working.
2025-08-27 03:04:02,748 [INFO] WiFi is working.
2025-08-27 03:04:18,773 [INFO] WiFi is working.
2025-08-27 03:04:34,793 [INFO] WiFi is working.
2025-08-27 03:04:50,824 [INFO] WiFi is working.
2025-08-27 03:05:06,859 [INFO] WiFi is working.
2025-08-27 03:05:22,889 [INFO] WiFi is working.
2025-08-27 03:05:38,923 [INFO] WiFi is working.
2025-08-27 03:05:54,956 [INFO] WiFi is working.
2025-08-27 03:06:10,989 [INFO] WiFi is working.
2025-08-27 03:06:27,011 [INFO] WiFi is working.
2025-08-27 03:06:43,033 [INFO] WiFi is working.
2025-08-27 03:06:59,056 [INFO] WiFi is working.
2025-08-27 03:07:15,087 [INFO] WiFi is working.
2025-08-27 03:07:31,120 [INFO] WiFi is working.
2025-08-27 03:07:47,153 [INFO] WiFi is working.
2025-08-27 03:08:03,177 [INFO] WiFi is working.
2025-08-27 03:08:19,202 [INFO] WiFi is working.
2025-08-27 03:08:35,224 [INFO] WiFi is working.
2025-08-27 03:08:51,255 [INFO] WiFi is working.
2025-08-27 03:09:07,285 [INFO] WiFi is working.
2025-08-27 03:09:23,318 [INFO] WiFi is working.
2025-08-27 03:09:39,339 [INFO] WiFi is working.
2025-08-27 03:09:55,369 [INFO] WiFi is working.
2025-08-27 03:10:11,389 [INFO] WiFi is working.
2025-08-27 03:10:27,413 [INFO] WiFi is working.
2025-08-27 03:10:43,436 [INFO] WiFi is working.
2025-08-27 03:10:59,469 [INFO] WiFi is working.
2025-08-27 03:11:15,501 [INFO] WiFi is working.
2025-08-27 03:11:31,526 [INFO] WiFi is working.
2025-08-27 03:11:47,549 [INFO] WiFi is working.
2025-08-27 03:12:03,568 [INFO] WiFi is working.
2025-08-27 03:12:19,589 [INFO] WiFi is working.
2025-08-27 03:12:35,613 [INFO] WiFi is working.
2025-08-27 03:12:51,653 [INFO] WiFi is working.
2025-08-27 03:13:07,683 [INFO] WiFi is working.
2025-08-27 03:13:23,718 [INFO] WiFi is working.
2025-08-27 03:13:39,751 [INFO] WiFi is working.
2025-08-27 03:13:55,775 [INFO] WiFi is working.
2025-08-27 03:14:11,820 [INFO] WiFi is working.
2025-08-27 03:14:27,849 [INFO] WiFi is working.
2025-08-27 03:14:43,882 [INFO] WiFi is working.
2025-08-27 03:14:59,905 [INFO] WiFi is working.
2025-08-27 03:15:15,932 [INFO] WiFi is working.
2025-08-27 03:15:31,964 [INFO] WiFi is working.
2025-08-27 03:15:47,998 [INFO] WiFi is working.
2025-08-27 03:16:04,019 [INFO] WiFi is working.
2025-08-27 03:16:20,050 [INFO] WiFi is working.
2025-08-27 03:16:36,081 [INFO] WiFi is working.
2025-08-27 03:16:52,115 [INFO] WiFi is working.
2025-08-27 03:17:08,147 [INFO] WiFi is working.
2025-08-27 03:17:24,169 [INFO] WiFi is working.
2025-08-27 03:17:40,198 [INFO] WiFi is working.
2025-08-27 03:17:56,236 [INFO] WiFi is working.
2025-08-27 03:18:12,261 [INFO] WiFi is working.
2025-08-27 03:18:28,287 [INFO] WiFi is working.
2025-08-27 03:18:44,310 [INFO] WiFi is working.
2025-08-27 03:19:00,338 [INFO] WiFi is working.
2025-08-27 03:19:16,376 [INFO] WiFi is working.
2025-08-27 03:19:32,400 [INFO] WiFi is working.
2025-08-27 03:19:48,426 [INFO] WiFi is working.
2025-08-27 03:20:04,444 [INFO] WiFi is working.
2025-08-27 03:20:20,471 [INFO] WiFi is working.
2025-08-27 03:20:36,506 [INFO] WiFi is working.
2025-08-27 03:20:52,530 [INFO] WiFi is working.
2025-08-27 03:21:08,550 [INFO] WiFi is working.
2025-08-27 03:21:24,578 [INFO] WiFi is working.
2025-08-27 03:21:40,611 [INFO] WiFi is working.
2025-08-27 03:21:56,645 [INFO] WiFi is working.
2025-08-27 03:22:12,667 [INFO] WiFi is working.
2025-08-27 03:22:28,695 [INFO] WiFi is working.
2025-08-27 03:22:44,727 [INFO] WiFi is working.
2025-08-27 03:23:00,749 [INFO] WiFi is working.
2025-08-27 03:23:16,771 [INFO] WiFi is working.
2025-08-27 03:23:32,794 [INFO] WiFi is working.
2025-08-27 03:23:48,818 [INFO] WiFi is working.
2025-08-27 03:24:04,849 [INFO] WiFi is working.
2025-08-27 03:24:20,877 [INFO] WiFi is working.
2025-08-27 03:24:36,910 [INFO] WiFi is working.
2025-08-27 03:24:52,944 [INFO] WiFi is working.
2025-08-27 03:25:08,977 [INFO] WiFi is working.
2025-08-27 03:25:25,001 [INFO] WiFi is working.
2025-08-27 03:25:41,027 [INFO] WiFi is working.
2025-08-27 03:25:57,060 [INFO] WiFi is working.
2025-08-27 03:26:13,093 [INFO] WiFi is working.
2025-08-27 03:26:29,126 [INFO] WiFi is working.
2025-08-27 03:26:45,146 [INFO] WiFi is working.
2025-08-27 03:27:01,177 [INFO] WiFi is working.
2025-08-27 03:27:17,226 [INFO] WiFi is working.
2025-08-27 03:27:33,249 [INFO] WiFi is working.
2025-08-27 03:27:49,275 [INFO] WiFi is working.
2025-08-27 03:28:05,309 [INFO] WiFi is working.
2025-08-27 03:28:21,332 [INFO] WiFi is working.
2025-08-27 03:28:37,356 [INFO] WiFi is working.
2025-08-27 03:28:53,379 [INFO] WiFi is working.
2025-08-27 03:29:09,409 [INFO] WiFi is working.
2025-08-27 03:29:25,442 [INFO] WiFi is working.
2025-08-27 03:29:41,463 [INFO] WiFi is working.
2025-08-27 03:29:57,491 [INFO] WiFi is working.
2025-08-27 03:30:13,525 [INFO] WiFi is working.
2025-08-27 03:30:29,559 [INFO] WiFi is working.
2025-08-27 03:30:45,591 [INFO] WiFi is working.
2025-08-27 03:31:01,614 [INFO] WiFi is working.
2025-08-27 03:31:17,641 [INFO] WiFi is working.
2025-08-27 03:31:33,667 [INFO] WiFi is working.
2025-08-27 03:31:49,690 [INFO] WiFi is working.
2025-08-27 03:32:05,710 [INFO] WiFi is working.
2025-08-27 03:32:21,738 [INFO] WiFi is working.
2025-08-27 03:32:37,774 [INFO] WiFi is working.
2025-08-27 03:32:53,797 [INFO] WiFi is working.
2025-08-27 03:33:09,824 [INFO] WiFi is working.
2025-08-27 03:33:25,856 [INFO] WiFi is working.
2025-08-27 03:33:41,889 [INFO] WiFi is working.
2025-08-27 03:33:57,924 [INFO] WiFi is working.
2025-08-27 03:34:13,956 [INFO] WiFi is working.
2025-08-27 03:34:29,978 [INFO] WiFi is working.
2025-08-27 03:34:46,005 [INFO] WiFi is working.
2025-08-27 03:35:02,038 [INFO] WiFi is working.
2025-08-27 03:35:18,071 [INFO] WiFi is working.
2025-08-27 03:35:34,092 [INFO] WiFi is working.
2025-08-27 03:35:50,120 [INFO] WiFi is working.
2025-08-27 03:36:06,155 [INFO] WiFi is working.
2025-08-27 03:36:22,176 [INFO] WiFi is working.
2025-08-27 03:36:38,200 [INFO] WiFi is working.
2025-08-27 03:36:54,221 [INFO] WiFi is working.
2025-08-27 03:37:10,243 [INFO] WiFi is working.
2025-08-27 03:37:26,271 [INFO] WiFi is working.
2025-08-27 03:37:42,303 [INFO] WiFi is working.
2025-08-27 03:37:58,337 [INFO] WiFi is working.
2025-08-27 03:38:14,361 [INFO] WiFi is working.
2025-08-27 03:38:30,385 [INFO] WiFi is working.
2025-08-27 03:38:46,414 [INFO] WiFi is working.
2025-08-27 03:39:02,452 [INFO] WiFi is working.
2025-08-27 03:39:18,478 [INFO] WiFi is working.
2025-08-27 03:39:34,509 [INFO] WiFi is working.
2025-08-27 03:39:50,536 [INFO] WiFi is working.
2025-08-27 03:40:06,585 [INFO] WiFi is working.
2025-08-27 03:40:22,611 [INFO] WiFi is working.
2025-08-27 03:40:38,639 [INFO] WiFi is working.
2025-08-27 03:40:54,667 [INFO] WiFi is working.
2025-08-27 03:41:10,700 [INFO] WiFi is working.
2025-08-27 03:41:26,733 [INFO] WiFi is working.
2025-08-27 03:41:42,760 [INFO] WiFi is working.
2025-08-27 03:41:58,787 [INFO] WiFi is working.
2025-08-27 03:42:14,813 [INFO] WiFi is working.
2025-08-27 03:42:30,841 [INFO] WiFi is working.
2025-08-27 03:42:46,883 [INFO] WiFi is working.
2025-08-27 03:43:02,910 [INFO] WiFi is working.
2025-08-27 03:43:18,936 [INFO] WiFi is working.
2025-08-27 03:43:34,965 [INFO] WiFi is working.
2025-08-27 03:43:50,988 [INFO] WiFi is working.
2025-08-27 03:44:07,016 [INFO] WiFi is working.
2025-08-27 03:44:23,042 [INFO] WiFi is working.
2025-08-27 03:44:39,082 [INFO] WiFi is working.
2025-08-27 03:44:55,104 [INFO] WiFi is working.
2025-08-27 03:45:11,130 [INFO] WiFi is working.
2025-08-27 03:45:27,168 [INFO] WiFi is working.
2025-08-27 03:45:43,198 [INFO] WiFi is working.
2025-08-27 03:45:59,223 [INFO] WiFi is working.
2025-08-27 03:46:15,246 [INFO] WiFi is working.
2025-08-27 03:46:31,373 [INFO] WiFi is working.
2025-08-27 03:46:48,445 [INFO] WiFi is working.
2025-08-27 03:47:04,465 [INFO] WiFi is working.
2025-08-27 03:47:20,485 [INFO] WiFi is working.
2025-08-27 03:47:36,516 [INFO] WiFi is working.
2025-08-27 03:47:52,543 [INFO] WiFi is working.
2025-08-27 03:48:08,577 [INFO] WiFi is working.
2025-08-27 03:48:24,610 [INFO] WiFi is working.
2025-08-27 03:48:40,630 [INFO] WiFi is working.
2025-08-27 03:48:56,667 [INFO] WiFi is working.
2025-08-27 03:49:12,694 [INFO] WiFi is working.
2025-08-27 03:49:28,720 [INFO] WiFi is working.
2025-08-27 03:49:44,743 [INFO] WiFi is working.
2025-08-27 03:50:00,765 [INFO] WiFi is working.
2025-08-27 03:50:16,817 [INFO] WiFi is working.
2025-08-27 03:50:32,840 [INFO] WiFi is working.
2025-08-27 03:50:48,865 [INFO] WiFi is working.
2025-08-27 03:51:04,893 [INFO] WiFi is working.
2025-08-27 03:51:20,926 [INFO] WiFi is working.
2025-08-27 03:51:36,959 [INFO] WiFi is working.
2025-08-27 03:51:52,992 [INFO] WiFi is working.
2025-08-27 03:52:24,481 [INFO] WiFi is working.
2025-08-27 03:52:40,513 [INFO] WiFi is working.
2025-08-27 03:53:12,268 [INFO] WiFi is working.
2025-08-27 03:53:28,303 [INFO] WiFi is working.
2025-08-27 03:53:44,328 [INFO] WiFi is working.
2025-08-27 03:54:00,355 [INFO] WiFi is working.
2025-08-27 03:54:16,382 [INFO] WiFi is working.
2025-08-27 03:54:32,408 [INFO] WiFi is working.
2025-08-27 03:54:48,435 [INFO] WiFi is working.
2025-08-27 03:55:04,462 [INFO] WiFi is working.
2025-08-27 03:55:20,505 [INFO] WiFi is working.
2025-08-27 03:55:36,535 [INFO] WiFi is working.
2025-08-27 03:55:52,558 [INFO] WiFi is working.
2025-08-27 03:56:08,582 [INFO] WiFi is working.
2025-08-27 03:56:24,622 [INFO] WiFi is working.
2025-08-27 03:56:40,642 [INFO] WiFi is working.
2025-08-27 03:56:56,678 [INFO] WiFi is working.
2025-08-27 03:57:12,721 [INFO] WiFi is working.
2025-08-27 03:57:28,753 [INFO] WiFi is working.
2025-08-27 03:57:44,773 [INFO] WiFi is working.
2025-08-27 03:58:00,800 [INFO] WiFi is working.
2025-08-27 03:58:16,837 [INFO] WiFi is working.
2025-08-27 03:58:32,868 [INFO] WiFi is working.
2025-08-27 03:58:48,893 [INFO] WiFi is working.
2025-08-27 03:59:04,918 [INFO] WiFi is working.
2025-08-27 03:59:20,944 [INFO] WiFi is working.
2025-08-27 03:59:36,970 [INFO] WiFi is working.
2025-08-27 03:59:53,002 [INFO] WiFi is working.
2025-08-27 04:00:09,034 [INFO] WiFi is working.
2025-08-27 04:00:25,069 [INFO] WiFi is working.
2025-08-27 04:00:41,095 [INFO] WiFi is working.
2025-08-27 04:00:57,119 [INFO] WiFi is working.
2025-08-27 04:01:13,151 [INFO] WiFi is working.
2025-08-27 04:01:29,186 [INFO] WiFi is working.
2025-08-27 04:01:45,219 [INFO] WiFi is working.
2025-08-27 04:02:01,252 [INFO] WiFi is working.
2025-08-27 04:02:17,285 [INFO] WiFi is working.
2025-08-27 04:02:33,319 [INFO] WiFi is working.
2025-08-27 04:02:49,351 [INFO] WiFi is working.
2025-08-27 04:03:05,377 [INFO] WiFi is working.
2025-08-27 04:03:21,403 [INFO] WiFi is working.
2025-08-27 04:03:37,438 [INFO] WiFi is working.
2025-08-27 04:03:53,465 [INFO] WiFi is working.
2025-08-27 04:04:09,492 [INFO] WiFi is working.
2025-08-27 04:04:25,516 [INFO] WiFi is working.
2025-08-27 04:04:41,542 [INFO] WiFi is working.
2025-08-27 04:04:57,569 [INFO] WiFi is working.
2025-08-27 04:05:25,314 [INFO] WiFi is working.
2025-08-27 04:05:41,336 [INFO] WiFi is working.
2025-09-04 23:52:25,304 [INFO] WiFi is working.
2025-09-04 23:52:41,325 [INFO] WiFi is working.
2025-09-04 23:52:57,347 [INFO] WiFi is working.
2025-09-04 23:53:13,369 [INFO] WiFi is working.
2025-09-04 23:53:29,390 [INFO] WiFi is working.
2025-09-04 23:53:45,414 [INFO] WiFi is working.
2025-09-04 23:54:01,431 [INFO] WiFi is working.
2025-09-04 23:54:23,343 [INFO] WiFi is working.
2025-09-04 23:54:39,364 [INFO] WiFi is working.
2025-09-04 23:55:10,915 [INFO] WiFi is working.
2025-09-04 23:55:26,933 [INFO] WiFi is working.
2025-09-04 23:55:42,956 [INFO] WiFi is working.
2025-09-04 23:55:58,978 [INFO] WiFi is working.
2025-09-04 23:56:15,005 [INFO] WiFi is working.
2025-09-04 23:56:31,039 [INFO] WiFi is working.
2025-09-04 23:56:47,060 [INFO] WiFi is working.
2025-09-04 23:57:03,082 [INFO] WiFi is working.
2025-09-04 23:57:19,103 [INFO] WiFi is working.
2025-09-04 23:57:35,127 [INFO] WiFi is working.
2025-09-04 23:57:51,149 [INFO] WiFi is working.
2025-09-04 23:58:07,170 [INFO] WiFi is working.
2025-09-04 23:58:23,192 [INFO] WiFi is working.
2025-09-04 23:58:39,213 [INFO] WiFi is working.
2025-09-04 23:58:55,234 [INFO] WiFi is working.
2025-09-04 23:59:11,257 [INFO] WiFi is working.
2025-09-04 23:59:27,279 [INFO] WiFi is working.
2025-09-04 23:59:43,300 [INFO] WiFi is working.
2025-09-04 23:59:59,322 [INFO] WiFi is working.
2025-09-05 00:00:15,343 [INFO] WiFi is working.
2025-09-05 00:00:31,365 [INFO] WiFi is working.
2025-09-05 00:00:47,390 [INFO] WiFi is working.
2025-09-05 00:01:03,411 [INFO] WiFi is working.
2025-09-05 00:01:19,433 [INFO] WiFi is working.
2025-09-05 00:01:35,458 [INFO] WiFi is working.
2025-09-05 00:01:51,479 [INFO] WiFi is working.
2025-09-05 00:02:07,500 [INFO] WiFi is working.
2025-09-05 00:02:23,521 [INFO] WiFi is working.
2025-09-05 00:02:39,543 [INFO] WiFi is working.
2025-09-05 00:02:55,565 [INFO] WiFi is working.
2025-09-05 00:03:11,586 [INFO] WiFi is working.
2025-09-05 00:03:27,609 [INFO] WiFi is working.
2025-09-05 00:03:43,630 [INFO] WiFi is working.
2025-09-05 00:03:59,651 [INFO] WiFi is working.
2025-09-05 00:04:15,672 [INFO] WiFi is working.
2025-09-05 00:04:31,693 [INFO] WiFi is working.
2025-09-05 00:04:47,714 [INFO] WiFi is working.
2025-09-05 00:05:03,735 [INFO] WiFi is working.
2025-09-05 00:05:19,757 [INFO] WiFi is working.
2025-09-05 00:05:35,780 [INFO] WiFi is working.
2025-09-05 00:05:51,810 [INFO] WiFi is working.
2025-09-05 00:06:07,831 [INFO] WiFi is working.
2025-09-05 00:06:23,854 [INFO] WiFi is working.
2025-09-05 00:06:39,875 [INFO] WiFi is working.
2025-09-05 00:06:55,896 [INFO] WiFi is working.
2025-09-05 00:07:11,920 [INFO] WiFi is working.
2025-09-05 00:07:27,941 [INFO] WiFi is working.
2025-09-05 00:07:43,963 [INFO] WiFi is working.
2025-09-05 00:07:59,985 [INFO] WiFi is working.
2025-09-05 00:08:16,006 [INFO] WiFi is working.
2025-09-05 00:08:32,027 [INFO] WiFi is working.
2025-09-05 00:08:48,052 [INFO] WiFi is working.
2025-09-05 00:09:04,073 [INFO] WiFi is working.
2025-09-05 00:09:20,094 [INFO] WiFi is working.
2025-09-05 00:09:36,121 [INFO] WiFi is working.
2025-09-05 00:09:52,142 [INFO] WiFi is working.
2025-09-05 00:10:08,163 [INFO] WiFi is working.
2025-09-05 00:10:24,186 [INFO] WiFi is working.
2025-09-05 00:10:40,207 [INFO] WiFi is working.
2025-09-05 00:10:56,231 [INFO] WiFi is working.
2025-09-05 00:11:12,255 [INFO] WiFi is working.
2025-09-05 00:11:28,277 [INFO] WiFi is working.
2025-09-05 00:11:44,298 [INFO] WiFi is working.
2025-09-05 00:12:00,324 [INFO] WiFi is working.
2025-09-05 00:12:16,345 [INFO] WiFi is working.
2025-09-05 00:12:32,366 [INFO] WiFi is working.
2025-09-05 00:12:48,387 [INFO] WiFi is working.
2025-09-05 00:13:04,409 [INFO] WiFi is working.
2025-09-05 00:13:20,431 [INFO] WiFi is working.
2025-09-05 00:13:36,453 [INFO] WiFi is working.
2025-09-05 00:13:52,479 [INFO] WiFi is working.
2025-09-05 00:14:08,501 [INFO] WiFi is working.
2025-09-05 00:14:24,525 [INFO] WiFi is working.
2025-09-05 00:14:40,546 [INFO] WiFi is working.
2025-09-05 00:14:56,568 [INFO] WiFi is working.
2025-09-05 00:15:12,589 [INFO] WiFi is working.
2025-09-05 00:15:28,611 [INFO] WiFi is working.
2025-09-05 00:15:44,633 [INFO] WiFi is working.
2025-09-05 00:16:00,658 [INFO] WiFi is working.
2025-09-05 00:16:16,680 [INFO] WiFi is working.
2025-09-05 00:16:32,702 [INFO] WiFi is working.
2025-09-05 00:16:48,727 [INFO] WiFi is working.
2025-09-05 00:17:04,745 [INFO] WiFi is working.
2025-09-05 00:17:20,765 [INFO] WiFi is working.
2025-09-05 00:17:36,791 [INFO] WiFi is working.
2025-09-05 00:17:52,812 [INFO] WiFi is working.
2025-09-05 00:18:08,833 [INFO] WiFi is working.
2025-09-05 00:18:24,855 [INFO] WiFi is working.
2025-09-05 00:18:40,876 [INFO] WiFi is working.
2025-09-05 00:18:56,898 [INFO] WiFi is working.
2025-09-05 00:19:12,925 [INFO] WiFi is working.
2025-09-05 00:19:28,947 [INFO] WiFi is working.
2025-09-05 00:19:44,968 [INFO] WiFi is working.
2025-09-05 00:20:00,994 [INFO] WiFi is working.
2025-09-05 00:20:17,016 [INFO] WiFi is working.
2025-09-05 00:20:33,038 [INFO] WiFi is working.
2025-09-05 00:20:49,059 [INFO] WiFi is working.
2025-09-05 00:21:05,080 [INFO] WiFi is working.
2025-09-05 00:21:21,110 [INFO] WiFi is working.
2025-09-05 00:21:37,132 [INFO] WiFi is working.
2025-09-05 00:21:53,153 [INFO] WiFi is working.
2025-09-05 00:22:09,174 [INFO] WiFi is working.
2025-09-05 00:22:25,198 [INFO] WiFi is working.
2025-09-05 00:22:41,223 [INFO] WiFi is working.
2025-09-05 00:22:57,244 [INFO] WiFi is working.
2025-09-05 00:23:13,266 [INFO] WiFi is working.
2025-09-05 00:23:29,288 [INFO] WiFi is working.
2025-09-05 00:23:45,309 [INFO] WiFi is working.
2025-09-05 00:24:01,339 [INFO] WiFi is working.
2025-09-05 00:24:17,360 [INFO] WiFi is working.
2025-09-05 00:24:33,380 [INFO] WiFi is working.
2025-09-05 00:24:49,402 [INFO] WiFi is working.
2025-09-05 00:25:05,423 [INFO] WiFi is working.
2025-09-05 00:25:21,444 [INFO] WiFi is working.
2025-09-05 00:25:37,466 [INFO] WiFi is working.
2025-09-05 00:25:53,486 [INFO] WiFi is working.
2025-09-05 00:26:09,508 [INFO] WiFi is working.
2025-09-05 00:26:25,528 [INFO] WiFi is working.
2025-09-05 00:26:41,550 [INFO] WiFi is working.
2025-09-05 00:26:57,571 [INFO] WiFi is working.
2025-09-05 00:27:13,592 [INFO] WiFi is working.
2025-09-05 00:27:29,613 [INFO] WiFi is working.
2025-09-05 00:27:45,635 [INFO] WiFi is working.
2025-09-05 00:28:01,656 [INFO] WiFi is working.
2025-09-05 00:28:17,677 [INFO] WiFi is working.
2025-09-05 00:28:33,699 [INFO] WiFi is working.
2025-09-05 00:28:49,719 [INFO] WiFi is working.
2025-09-05 00:29:05,742 [INFO] WiFi is working.
2025-09-05 00:29:21,764 [INFO] WiFi is working.
2025-09-05 00:29:37,785 [INFO] WiFi is working.
2025-09-05 00:29:53,807 [INFO] WiFi is working.
2025-09-05 00:30:09,829 [INFO] WiFi is working.
2025-09-05 00:30:25,850 [INFO] WiFi is working.
2025-09-05 00:30:41,871 [INFO] WiFi is working.
2025-09-05 00:30:57,891 [INFO] WiFi is working.
2025-09-05 00:31:13,913 [INFO] WiFi is working.
2025-09-05 00:31:29,938 [INFO] WiFi is working.
2025-09-05 00:31:45,960 [INFO] WiFi is working.
2025-09-05 00:32:01,983 [INFO] WiFi is working.
2025-09-05 00:32:18,007 [INFO] WiFi is working.
2025-09-05 00:32:34,028 [INFO] WiFi is working.
2025-09-05 00:32:50,049 [INFO] WiFi is working.
2025-09-05 00:33:06,070 [INFO] WiFi is working.
2025-09-05 00:33:22,091 [INFO] WiFi is working.
2025-09-05 00:33:38,112 [INFO] WiFi is working.
2025-09-05 00:33:54,135 [INFO] WiFi is working.
2025-09-05 00:34:10,156 [INFO] WiFi is working.
2025-09-05 00:34:26,174 [INFO] WiFi is working.
2025-09-05 00:34:42,195 [INFO] WiFi is working.
2025-09-05 00:34:58,216 [INFO] WiFi is working.
2025-09-05 00:35:14,243 [INFO] WiFi is working.
2025-09-05 00:35:30,264 [INFO] WiFi is working.
2025-09-05 00:35:46,285 [INFO] WiFi is working.
2025-09-05 00:36:02,308 [INFO] WiFi is working.
2025-09-05 00:36:18,330 [INFO] WiFi is working.
2025-09-05 00:36:34,351 [INFO] WiFi is working.
2025-09-05 00:36:50,372 [INFO] WiFi is working.
2025-09-05 00:37:06,394 [INFO] WiFi is working.
2025-09-05 00:37:22,414 [INFO] WiFi is working.
2025-09-05 00:37:38,432 [INFO] WiFi is working.
2025-09-05 00:37:54,449 [INFO] WiFi is working.
2025-09-05 00:38:10,469 [INFO] WiFi is working.
2025-09-05 00:38:26,490 [INFO] WiFi is working.
2025-09-05 00:38:42,511 [INFO] WiFi is working.
2025-09-05 00:38:58,529 [INFO] WiFi is working.
2025-09-05 00:39:18,409 [INFO] WiFi is working.
2025-09-05 00:39:34,429 [INFO] WiFi is working.
2025-09-05 00:39:50,446 [INFO] WiFi is working.
2025-09-05 00:40:22,165 [INFO] WiFi is working.
2025-09-05 00:40:38,180 [INFO] WiFi is working.
2025-09-05 00:40:54,202 [INFO] WiFi is working.
2025-09-05 00:41:10,225 [INFO] WiFi is working.
2025-09-05 00:41:26,240 [INFO] WiFi is working.
2025-09-05 00:41:42,258 [INFO] WiFi is working.
2025-09-05 00:41:58,279 [INFO] WiFi is working.
2025-09-05 00:42:14,301 [INFO] WiFi is working.
2025-09-05 00:42:30,323 [INFO] WiFi is working.
2025-09-05 00:42:46,346 [INFO] WiFi is working.
2025-09-05 00:43:02,368 [INFO] WiFi is working.
2025-09-05 00:43:18,386 [INFO] WiFi is working.
2025-09-05 00:43:34,406 [INFO] WiFi is working.
2025-09-05 00:43:50,425 [INFO] WiFi is working.
2025-09-05 00:44:07,229 [INFO] WiFi is working.
2025-09-05 00:44:23,252 [INFO] WiFi is working.
2025-09-05 00:44:54,626 [INFO] WiFi is working.
2025-09-05 00:45:10,647 [INFO] WiFi is working.
2025-09-05 00:45:26,669 [INFO] WiFi is working.
2025-09-05 00:45:42,691 [INFO] WiFi is working.
2025-09-05 00:45:58,712 [INFO] WiFi is working.
2025-09-05 00:46:14,734 [INFO] WiFi is working.
2025-09-05 00:46:30,747 [INFO] WiFi is working.
2025-09-05 00:46:46,769 [INFO] WiFi is working.
2025-09-05 00:47:02,788 [INFO] WiFi is working.
2025-09-05 00:47:18,809 [INFO] WiFi is working.
2025-09-05 00:47:34,830 [INFO] WiFi is working.
2025-09-05 00:47:50,853 [INFO] WiFi is working.
2025-09-05 00:48:06,871 [INFO] WiFi is working.
2025-09-05 00:48:22,894 [INFO] WiFi is working.
2025-09-05 00:48:38,915 [INFO] WiFi is working.
2025-09-05 00:48:54,939 [INFO] WiFi is working.
2025-09-05 00:49:10,960 [INFO] WiFi is working.
2025-09-05 00:49:26,981 [INFO] WiFi is working.
2025-09-05 00:49:51,487 [INFO] WiFi is working.
2025-09-05 00:50:07,510 [INFO] WiFi is working.
2025-09-05 00:50:23,528 [INFO] WiFi is working.
2025-09-05 00:50:55,438 [INFO] WiFi is working.
2025-09-05 00:51:11,468 [INFO] WiFi is working.
2025-09-05 00:51:27,491 [INFO] WiFi is working.
2025-09-05 00:51:43,512 [INFO] WiFi is working.
2025-09-05 00:51:59,534 [INFO] WiFi is working.
2025-09-05 00:52:15,555 [INFO] WiFi is working.
2025-09-05 00:52:34,421 [INFO] WiFi is working.
2025-09-05 00:52:50,473 [INFO] WiFi is working.
2025-09-05 00:53:21,707 [INFO] WiFi is working.
2025-09-05 00:53:37,746 [INFO] WiFi is working.
2025-09-05 00:53:53,768 [INFO] WiFi is working.
2025-09-05 00:54:19,780 [INFO] WiFi is working.
2025-09-05 00:54:35,805 [INFO] WiFi is working.
2025-09-05 00:54:51,843 [INFO] WiFi is working.
2025-09-05 00:55:07,859 [INFO] WiFi is working.
2025-09-05 00:55:23,880 [INFO] WiFi is working.
2025-09-05 00:55:39,898 [INFO] WiFi is working.
2025-09-05 00:55:55,920 [INFO] WiFi is working.
2025-09-05 00:56:11,946 [INFO] WiFi is working.
2025-09-05 00:56:27,964 [INFO] WiFi is working.
2025-09-05 00:56:43,979 [INFO] WiFi is working.
2025-09-05 00:57:00,002 [INFO] WiFi is working.
2025-09-05 00:57:16,025 [INFO] WiFi is working.
2025-09-05 00:57:32,056 [INFO] WiFi is working.
2025-09-05 00:57:48,078 [INFO] WiFi is working.
2025-09-05 00:58:04,096 [INFO] WiFi is working.
2025-09-05 00:58:20,116 [INFO] WiFi is working.
2025-09-05 00:58:36,134 [INFO] WiFi is working.
2025-09-05 00:58:52,156 [INFO] WiFi is working.
2025-09-05 00:59:15,388 [INFO] WiFi is working.
2025-09-05 00:59:32,397 [INFO] WiFi is working.
2025-09-05 01:00:03,765 [INFO] WiFi is working.
2025-09-05 01:00:19,786 [INFO] WiFi is working.
2025-09-05 01:00:45,824 [INFO] WiFi is working.
2025-09-05 01:01:01,850 [INFO] WiFi is working.
2025-09-05 01:01:17,871 [INFO] WiFi is working.
2025-09-05 01:01:33,906 [INFO] WiFi is working.
2025-09-05 01:01:49,926 [INFO] WiFi is working.
2025-09-05 01:02:05,948 [INFO] WiFi is working.
2025-09-05 01:02:21,970 [INFO] WiFi is working.
2025-09-05 01:02:37,997 [INFO] WiFi is working.
2025-09-05 01:02:54,018 [INFO] WiFi is working.
2025-09-05 01:03:10,047 [INFO] WiFi is working.
2025-09-05 01:03:26,083 [INFO] WiFi is working.
2025-09-05 01:03:42,105 [INFO] WiFi is working.
2025-09-05 01:03:58,129 [INFO] WiFi is working.
2025-09-05 01:04:14,152 [INFO] WiFi is working.
2025-09-05 01:04:30,174 [INFO] WiFi is working.
2025-09-05 01:04:46,194 [INFO] WiFi is working.
2025-09-05 01:05:02,216 [INFO] WiFi is working.
2025-09-05 01:05:18,237 [INFO] WiFi is working.
2025-09-05 01:05:34,259 [INFO] WiFi is working.
2025-09-05 01:05:50,277 [INFO] WiFi is working.
2025-09-05 01:06:16,288 [INFO] WiFi is working.
2025-09-05 01:06:32,310 [INFO] WiFi is working.
2025-09-05 01:06:48,333 [INFO] WiFi is working.
2025-09-05 01:07:04,355 [INFO] WiFi is working.
2025-09-05 01:07:20,377 [INFO] WiFi is working.
2025-09-05 01:07:46,400 [INFO] WiFi is working.
2025-09-05 01:08:02,418 [INFO] WiFi is working.
2025-09-05 01:08:18,439 [INFO] WiFi is working.
2025-09-05 01:08:34,488 [INFO] WiFi is working.
2025-09-05 01:08:50,509 [INFO] WiFi is working.
2025-09-05 01:09:06,531 [INFO] WiFi is working.
2025-09-05 01:09:22,553 [INFO] WiFi is working.
2025-09-05 01:09:38,577 [INFO] WiFi is working.
2025-09-05 01:09:54,598 [INFO] WiFi is working.
2025-09-05 01:10:10,620 [INFO] WiFi is working.
2025-09-05 01:10:26,638 [INFO] WiFi is working.
2025-09-05 01:10:42,695 [INFO] WiFi is working.
2025-09-05 01:10:58,716 [INFO] WiFi is working.
2025-09-05 01:11:14,737 [INFO] WiFi is working.
2025-09-05 01:11:30,760 [INFO] WiFi is working.
2025-09-05 01:11:46,781 [INFO] WiFi is working.
2025-09-05 01:12:02,799 [INFO] WiFi is working.
2025-09-05 01:12:18,829 [INFO] WiFi is working.
2025-09-05 01:12:34,859 [INFO] WiFi is working.
2025-09-05 01:12:50,876 [INFO] WiFi is working.
2025-09-05 01:13:06,907 [INFO] WiFi is working.
2025-09-05 01:13:23,912 [INFO] WiFi is working.
2025-09-05 01:13:49,923 [WARNING] WiFi down!
2025-09-05 01:13:49,923 [INFO] Enabling SIM800L mobile connection...
2025-09-05 01:14:08,354 [WARNING] WiFi down!
2025-09-05 01:14:34,371 [WARNING] WiFi down!
2025-09-05 01:14:50,464 [WARNING] WiFi down!
2025-09-05 01:15:08,516 [WARNING] WiFi down!
2025-09-05 01:15:34,523 [WARNING] WiFi down!
2025-09-05 01:15:50,632 [WARNING] WiFi down!
2025-09-05 01:16:08,675 [WARNING] WiFi down!
2025-09-05 01:16:34,683 [WARNING] WiFi down!
2025-09-05 01:16:50,806 [WARNING] WiFi down!
2025-09-05 01:17:08,848 [WARNING] WiFi down!
2025-09-05 01:17:26,899 [WARNING] WiFi down!
2025-09-05 01:17:44,946 [WARNING] WiFi down!
2025-09-05 01:18:02,999 [WARNING] WiFi down!
2025-09-05 01:18:29,007 [WARNING] WiFi down!
2025-09-05 01:18:45,103 [WARNING] WiFi down!
2025-09-05 01:19:03,144 [WARNING] WiFi down!
2025-09-05 01:19:29,155 [WARNING] WiFi down!
2025-09-05 01:19:45,247 [WARNING] WiFi down!
2025-09-05 01:20:03,295 [WARNING] WiFi down!
2025-09-05 01:20:21,344 [WARNING] WiFi down!
2025-09-05 01:20:47,363 [WARNING] WiFi down!
2025-09-05 01:21:03,456 [WARNING] WiFi down!
2025-09-05 01:21:21,505 [WARNING] WiFi down!
2025-09-05 01:21:39,554 [WARNING] WiFi down!
2025-09-05 01:22:05,571 [WARNING] WiFi down!
2025-09-05 01:22:21,663 [WARNING] WiFi down!
2025-09-05 01:22:39,711 [WARNING] WiFi down!
2025-09-05 01:22:57,759 [WARNING] WiFi down!
2025-09-05 01:23:15,808 [WARNING] WiFi down!
2025-09-05 01:23:33,856 [WARNING] WiFi down!
2025-09-05 01:23:51,904 [WARNING] WiFi down!
2025-09-05 01:24:09,952 [WARNING] WiFi down!
2025-09-05 01:24:27,997 [WARNING] WiFi down!
2025-09-05 01:24:46,047 [WARNING] WiFi down!
2025-09-05 01:25:04,094 [WARNING] WiFi down!
2025-09-05 01:25:22,142 [WARNING] WiFi down!
2025-09-05 01:25:40,190 [WARNING] WiFi down!
2025-09-05 01:25:58,235 [WARNING] WiFi down!
2025-09-05 01:26:16,281 [WARNING] WiFi down!
2025-09-05 01:26:42,307 [WARNING] WiFi down!
2025-09-05 01:26:58,384 [WARNING] WiFi down!
2025-09-05 01:27:16,426 [WARNING] WiFi down!
2025-09-05 01:27:34,483 [WARNING] WiFi down!
2025-09-05 01:27:52,617 [WARNING] WiFi down!
2025-09-05 01:28:10,666 [WARNING] WiFi down!
2025-09-05 01:28:28,710 [WARNING] WiFi down!
2025-09-05 01:28:46,754 [WARNING] WiFi down!
2025-09-05 01:29:04,806 [WARNING] WiFi down!
2025-09-05 01:29:22,860 [WARNING] WiFi down!
2025-09-05 01:29:40,899 [WARNING] WiFi down!
2025-09-05 01:29:58,948 [WARNING] WiFi down!
2025-09-05 01:30:16,996 [WARNING] WiFi down!
2025-09-05 01:30:35,046 [WARNING] WiFi down!
2025-09-05 01:30:53,093 [WARNING] WiFi down!
2025-09-05 01:31:11,133 [WARNING] WiFi down!
2025-09-05 01:31:29,178 [WARNING] WiFi down!
2025-09-05 01:31:47,219 [WARNING] WiFi down!
2025-09-05 01:32:05,255 [WARNING] WiFi down!
2025-09-05 01:32:23,302 [WARNING] WiFi down!
2025-09-05 01:32:41,347 [WARNING] WiFi down!
2025-09-05 01:33:07,355 [WARNING] WiFi down!
2025-09-05 01:33:23,439 [WARNING] WiFi down!
2025-09-05 01:33:49,447 [WARNING] WiFi down!
2025-09-05 01:34:05,536 [WARNING] WiFi down!
2025-09-05 01:34:23,586 [WARNING] WiFi down!
2025-09-05 01:34:41,636 [WARNING] WiFi down!
2025-09-05 01:34:59,686 [WARNING] WiFi down!
2025-09-05 01:35:17,733 [WARNING] WiFi down!
2025-09-05 01:35:35,778 [WARNING] WiFi down!
2025-09-05 01:35:53,822 [WARNING] WiFi down!
2025-09-05 01:36:11,871 [WARNING] WiFi down!
2025-09-05 01:36:29,915 [WARNING] WiFi down!
2025-09-05 01:36:47,959 [WARNING] WiFi down!
2025-09-05 01:37:06,012 [WARNING] WiFi down!
2025-09-05 01:37:24,060 [WARNING] WiFi down!
2025-09-05 01:37:42,104 [WARNING] WiFi down!
2025-09-05 01:38:00,153 [WARNING] WiFi down!
2025-09-05 01:38:18,201 [WARNING] WiFi down!
2025-09-05 01:38:36,245 [WARNING] WiFi down!
2025-09-05 01:38:54,294 [WARNING] WiFi down!
2025-09-05 01:39:12,342 [WARNING] WiFi down!
2025-09-05 01:39:30,391 [WARNING] WiFi down!
2025-09-05 01:39:48,441 [WARNING] WiFi down!
2025-09-05 01:40:06,484 [WARNING] WiFi down!
2025-09-05 01:40:24,532 [WARNING] WiFi down!
2025-09-05 01:40:42,580 [WARNING] WiFi down!
2025-09-05 01:41:00,627 [WARNING] WiFi down!
2025-09-05 01:41:26,659 [WARNING] WiFi down!
2025-09-05 01:41:42,737 [WARNING] WiFi down!
2025-09-05 01:42:08,771 [WARNING] WiFi down!
2025-09-05 01:42:24,838 [WARNING] WiFi down!
2025-09-05 01:42:42,883 [WARNING] WiFi down!
2025-09-05 01:43:00,926 [WARNING] WiFi down!
2025-09-05 01:43:18,969 [WARNING] WiFi down!
2025-09-05 01:43:37,016 [WARNING] WiFi down!
2025-09-05 01:43:53,044 [INFO] WiFi is working.
2025-09-05 01:43:53,044 [INFO] Disabling SIM800L mobile connection...
2025-09-05 01:43:53,075 [ERROR] Failed to stop PPP: Command '['sudo', 'poff']' returned non-zero exit status 1.
2025-09-05 01:44:09,099 [INFO] WiFi is working.
2025-09-05 01:44:25,146 [INFO] WiFi is working.
2025-09-05 01:44:41,167 [INFO] WiFi is working.
2025-09-05 01:44:57,188 [INFO] WiFi is working.
2025-09-05 01:45:13,209 [INFO] WiFi is working.
2025-09-05 01:45:29,246 [INFO] WiFi is working.
2025-09-05 01:45:45,267 [INFO] WiFi is working.
2025-09-05 01:46:01,295 [INFO] WiFi is working.
2025-09-05 01:46:17,316 [INFO] WiFi is working.
2025-09-05 01:46:33,337 [INFO] WiFi is working.
2025-09-05 01:46:49,358 [INFO] WiFi is working.
2025-09-05 01:47:05,393 [INFO] WiFi is working.
2025-09-05 01:47:21,414 [INFO] WiFi is working.
2025-09-05 01:47:37,444 [INFO] WiFi is working.
2025-09-05 01:47:53,476 [INFO] WiFi is working.
2025-09-05 01:48:09,510 [INFO] WiFi is working.
2025-09-05 01:48:25,529 [INFO] WiFi is working.
2025-09-05 01:48:41,550 [INFO] WiFi is working.
2025-09-05 01:48:57,576 [INFO] WiFi is working.
2025-09-05 01:49:13,596 [INFO] WiFi is working.
2025-09-05 01:49:29,626 [INFO] WiFi is working.
2025-09-05 01:49:45,646 [INFO] WiFi is working.
2025-09-05 01:50:01,667 [INFO] WiFi is working.
2025-09-05 01:50:17,688 [INFO] WiFi is working.
2025-09-05 01:50:33,724 [INFO] WiFi is working.
2025-09-05 01:50:49,746 [INFO] WiFi is working.
2025-09-05 01:51:05,767 [WARNING] WiFi down!
2025-09-05 01:51:05,768 [INFO] Enabling SIM800L mobile connection...
2025-09-05 01:51:31,779 [WARNING] WiFi down!
2025-09-05 01:51:47,800 [WARNING] WiFi down!
2025-09-05 01:52:03,817 [WARNING] WiFi down!
2025-09-05 01:52:19,833 [WARNING] WiFi down!
2025-09-05 01:52:35,846 [WARNING] WiFi down!
2025-09-05 01:53:01,859 [WARNING] WiFi down!
2025-09-05 01:53:27,875 [WARNING] WiFi down!
2025-09-05 01:53:53,890 [WARNING] WiFi down!
2025-09-05 01:54:09,923 [INFO] WiFi is working.
2025-09-05 01:54:09,923 [INFO] Disabling SIM800L mobile connection...
2025-09-05 01:54:09,949 [ERROR] Failed to stop PPP: Command '['sudo', 'poff']' returned non-zero exit status 1.
2025-09-05 01:54:25,973 [INFO] WiFi is working.
2025-09-05 01:54:42,006 [INFO] WiFi is working.
2025-09-05 01:54:58,026 [INFO] WiFi is working.
2025-09-05 01:55:14,046 [INFO] WiFi is working.
2025-09-05 01:55:30,066 [INFO] WiFi is working.
2025-09-05 01:55:46,091 [INFO] WiFi is working.
2025-09-05 01:56:02,112 [INFO] WiFi is working.
2025-09-05 01:56:18,133 [INFO] WiFi is working.
2025-09-05 01:56:34,153 [INFO] WiFi is working.
2025-09-05 01:56:50,170 [INFO] WiFi is working.
2025-09-05 01:57:06,191 [INFO] WiFi is working.
2025-09-05 01:57:22,210 [INFO] WiFi is working.
2025-09-05 01:57:38,235 [INFO] WiFi is working.
2025-09-05 01:57:54,256 [INFO] WiFi is working.
2025-09-05 01:58:10,277 [INFO] WiFi is working.
2025-09-05 01:58:26,297 [INFO] WiFi is working.
2025-09-05 01:58:42,318 [INFO] WiFi is working.
2025-09-05 01:58:58,351 [INFO] WiFi is working.
2025-09-05 01:59:14,371 [INFO] WiFi is working.
2025-09-05 01:59:30,392 [INFO] WiFi is working.
2025-09-05 01:59:46,413 [INFO] WiFi is working.
2025-09-05 02:00:02,433 [INFO] WiFi is working.
2025-09-05 02:00:18,456 [INFO] WiFi is working.
2025-09-05 02:00:34,476 [INFO] WiFi is working.
2025-09-05 02:00:50,496 [INFO] WiFi is working.
2025-09-05 02:01:06,519 [INFO] WiFi is working.
2025-09-05 02:01:22,549 [INFO] WiFi is working.
2025-09-05 02:01:38,569 [INFO] WiFi is working.
2025-09-05 02:01:54,588 [INFO] WiFi is working.
2025-09-05 02:02:10,615 [INFO] WiFi is working.
2025-09-05 02:02:26,637 [INFO] WiFi is working.
2025-09-05 02:02:42,657 [INFO] WiFi is working.
2025-09-05 02:02:58,678 [INFO] WiFi is working.
2025-09-05 02:03:14,698 [INFO] WiFi is working.
2025-09-05 02:03:30,730 [INFO] WiFi is working.
2025-09-05 02:03:46,751 [INFO] WiFi is working.
2025-09-05 02:04:02,772 [INFO] WiFi is working.
2025-09-05 02:04:18,792 [INFO] WiFi is working.
2025-09-05 02:04:34,813 [INFO] WiFi is working.
2025-09-05 02:04:50,833 [INFO] WiFi is working.
2025-09-05 02:05:06,854 [INFO] WiFi is working.
2025-09-05 02:05:32,864 [INFO] WiFi is working.
2025-09-05 02:05:48,884 [INFO] WiFi is working.
2025-09-05 02:06:04,904 [INFO] WiFi is working.
2025-09-05 02:06:20,924 [INFO] WiFi is working.
2025-09-05 02:06:36,945 [INFO] WiFi is working.
2025-09-05 02:06:52,965 [INFO] WiFi is working.
2025-09-05 02:07:08,985 [INFO] WiFi is working.
2025-09-05 02:07:25,005 [INFO] WiFi is working.
2025-09-05 02:07:41,025 [INFO] WiFi is working.
2025-09-05 02:08:07,043 [WARNING] WiFi down!
2025-09-05 02:08:07,043 [INFO] Enabling SIM800L mobile connection...
2025-09-05 02:08:23,068 [INFO] WiFi is working.
2025-09-05 02:08:23,068 [INFO] Disabling SIM800L mobile connection...
2025-09-05 02:08:23,094 [ERROR] Failed to stop PPP: Command '['sudo', 'poff']' returned non-zero exit status 1.
2025-09-05 02:08:39,113 [INFO] WiFi is working.
2025-09-05 02:08:55,133 [INFO] WiFi is working.
2025-09-05 02:09:11,153 [INFO] WiFi is working.
2025-09-05 02:09:27,174 [INFO] WiFi is working.
2025-09-05 02:09:43,201 [INFO] WiFi is working.
2025-09-05 02:09:59,227 [INFO] WiFi is working.
2025-09-05 02:10:15,293 [INFO] WiFi is working.
2025-09-05 02:10:31,314 [INFO] WiFi is working.
2025-09-05 02:10:47,334 [INFO] WiFi is working.
2025-09-05 02:11:03,356 [INFO] WiFi is working.
2025-09-05 02:11:19,375 [INFO] WiFi is working.
2025-09-05 02:11:35,395 [INFO] WiFi is working.
2025-09-05 02:11:52,399 [INFO] WiFi is working.
2025-09-05 02:12:08,420 [INFO] WiFi is working.
2025-09-05 02:12:24,455 [INFO] WiFi is working.
2025-09-05 02:12:40,476 [INFO] WiFi is working.
2025-09-05 02:12:56,497 [INFO] WiFi is working.
2025-09-05 02:13:12,517 [INFO] WiFi is working.
2025-09-05 02:13:28,537 [INFO] WiFi is working.
2025-09-05 02:13:44,557 [INFO] WiFi is working.
2025-09-05 02:14:00,579 [INFO] WiFi is working.
2025-09-05 02:14:23,295 [INFO] WiFi is working.
2025-09-05 02:14:39,322 [INFO] WiFi is working.
2025-09-07 19:05:10,877 [INFO] WiFi is working.
2025-09-07 19:05:26,907 [INFO] WiFi is working.
2025-09-07 19:05:42,935 [INFO] WiFi is working.
2025-09-07 19:05:58,982 [INFO] WiFi is working.
2025-09-07 19:06:15,009 [INFO] WiFi is working.
2025-09-07 19:06:31,039 [INFO] WiFi is working.
2025-09-07 19:06:57,061 [INFO] WiFi is working.
2025-09-07 19:07:13,093 [INFO] WiFi is working.
2025-09-07 19:07:29,121 [INFO] WiFi is working.
2025-09-07 19:07:45,148 [INFO] WiFi is working.
2025-09-07 19:08:01,179 [INFO] WiFi is working.
2025-09-07 19:08:17,206 [INFO] WiFi is working.
2025-09-07 19:08:33,233 [INFO] WiFi is working.
2025-09-07 19:08:49,260 [INFO] WiFi is working.
2025-09-07 19:09:05,288 [INFO] WiFi is working.
2025-09-07 19:09:21,315 [INFO] WiFi is working.
2025-09-07 19:09:37,343 [INFO] WiFi is working.
2025-09-07 19:09:53,369 [INFO] WiFi is working.
2025-09-07 19:10:09,396 [INFO] WiFi is working.
2025-09-07 19:10:25,423 [INFO] WiFi is working.
2025-09-07 19:10:41,451 [INFO] WiFi is working.
2025-09-07 19:10:57,477 [INFO] WiFi is working.
2025-09-07 19:11:13,503 [INFO] WiFi is working.
2025-09-07 19:11:29,531 [INFO] WiFi is working.
2025-09-07 19:11:45,557 [INFO] WiFi is working.
2025-09-07 19:12:01,584 [INFO] WiFi is working.
2025-09-07 19:12:17,611 [INFO] WiFi is working.
2025-09-07 19:12:33,638 [INFO] WiFi is working.
2025-09-07 19:12:49,664 [INFO] WiFi is working.
2025-09-07 19:13:05,692 [INFO] WiFi is working.
2025-09-07 19:13:21,720 [INFO] WiFi is working.
2025-09-07 19:13:37,750 [INFO] WiFi is working.
2025-09-07 19:13:53,778 [INFO] WiFi is working.
2025-09-07 19:14:09,817 [INFO] WiFi is working.
2025-09-07 19:14:25,856 [INFO] WiFi is working.
2025-09-07 19:14:41,884 [INFO] WiFi is working.
2025-09-07 19:14:57,912 [INFO] WiFi is working.
2025-09-07 19:15:13,945 [INFO] WiFi is working.
2025-09-07 19:15:29,973 [INFO] WiFi is working.
2025-09-07 19:15:45,999 [INFO] WiFi is working.
2025-09-07 19:16:02,027 [INFO] WiFi is working.
2025-09-07 19:16:18,055 [INFO] WiFi is working.
2025-09-07 19:16:34,083 [INFO] WiFi is working.
2025-09-07 19:16:50,110 [INFO] WiFi is working.
2025-09-07 19:17:06,138 [INFO] WiFi is working.
2025-09-07 19:17:22,165 [INFO] WiFi is working.
2025-09-07 19:17:38,192 [INFO] WiFi is working.
2025-09-07 19:17:54,220 [INFO] WiFi is working.
2025-09-07 19:18:10,247 [INFO] WiFi is working.
2025-09-07 19:18:26,274 [INFO] WiFi is working.
2025-09-07 19:18:42,301 [INFO] WiFi is working.
2025-09-07 19:18:58,329 [INFO] WiFi is working.
2025-09-07 19:19:14,357 [INFO] WiFi is working.
2025-09-07 19:19:30,385 [INFO] WiFi is working.
2025-09-07 19:19:46,408 [INFO] WiFi is working.
2025-09-07 19:20:02,460 [INFO] WiFi is working.
2025-09-07 19:20:18,487 [INFO] WiFi is working.
2025-09-07 19:20:34,516 [INFO] WiFi is working.
2025-09-07 19:20:50,543 [INFO] WiFi is working.
2025-09-07 19:21:06,571 [INFO] WiFi is working.
2025-09-07 19:21:22,639 [INFO] WiFi is working.
2025-09-07 19:21:38,674 [INFO] WiFi is working.
2025-09-07 19:21:54,708 [INFO] WiFi is working.
2025-09-07 19:22:10,743 [INFO] WiFi is working.
2025-09-07 19:22:26,770 [INFO] WiFi is working.
2025-09-07 19:22:42,798 [INFO] WiFi is working.
2025-09-07 19:22:58,829 [INFO] WiFi is working.
2025-09-07 19:23:14,856 [INFO] WiFi is working.
2025-09-07 19:23:30,884 [INFO] WiFi is working.
2025-09-07 19:23:56,908 [WARNING] WiFi down!
2025-09-07 19:23:56,908 [INFO] Enabling SIM800L mobile connection...
2025-09-07 19:24:12,941 [INFO] WiFi is working.
2025-09-07 19:24:12,942 [INFO] Disabling SIM800L mobile connection...
2025-09-07 19:24:13,002 [ERROR] Failed to stop PPP: Command '['sudo', 'poff']' returned non-zero exit status 1.
2025-09-07 19:24:29,030 [INFO] WiFi is working.
2025-09-07 19:24:45,064 [INFO] WiFi is working.
2025-09-07 19:25:01,098 [INFO] WiFi is working.
2025-09-07 19:25:17,185 [INFO] WiFi is working.
2025-09-07 19:25:33,212 [INFO] WiFi is working.
2025-09-07 19:25:49,239 [INFO] WiFi is working.
2025-09-07 19:26:05,265 [INFO] WiFi is working.
2025-09-07 19:26:21,293 [INFO] WiFi is working.
2025-09-07 19:26:37,333 [INFO] WiFi is working.
2025-09-07 19:26:53,361 [INFO] WiFi is working.
2025-09-07 19:27:09,522 [INFO] WiFi is working.
2025-09-07 19:27:25,549 [INFO] WiFi is working.
2025-09-07 19:27:41,577 [INFO] WiFi is working.
2025-09-07 19:27:57,605 [INFO] WiFi is working.
2025-09-07 19:28:13,628 [INFO] WiFi is working.
2025-09-07 19:28:29,656 [INFO] WiFi is working.
2025-09-07 19:28:45,684 [INFO] WiFi is working.
2025-09-07 19:29:01,711 [INFO] WiFi is working.
2025-09-07 19:29:17,738 [INFO] WiFi is working.
2025-09-07 19:29:33,766 [INFO] WiFi is working.
2025-09-07 19:29:49,792 [INFO] WiFi is working.
2025-09-07 19:30:05,820 [INFO] WiFi is working.
2025-09-07 19:30:21,848 [INFO] WiFi is working.
2025-09-07 19:30:37,876 [INFO] WiFi is working.
2025-09-07 19:30:53,906 [INFO] WiFi is working.
2025-09-07 19:31:09,933 [INFO] WiFi is working.
2025-09-07 19:31:25,960 [INFO] WiFi is working.
2025-09-07 19:31:41,988 [INFO] WiFi is working.
2025-09-07 19:31:58,016 [INFO] WiFi is working.
2025-09-07 19:32:14,045 [INFO] WiFi is working.
2025-09-07 19:32:30,071 [INFO] WiFi is working.
2025-09-07 19:32:46,101 [INFO] WiFi is working.
2025-09-07 19:33:02,129 [INFO] WiFi is working.
2025-09-07 19:33:18,151 [INFO] WiFi is working.
2025-09-07 19:33:34,180 [INFO] WiFi is working.
2025-09-07 19:33:50,211 [INFO] WiFi is working.
2025-09-07 19:34:06,240 [INFO] WiFi is working.
2025-09-07 19:34:22,270 [INFO] WiFi is working.
2025-09-07 19:34:38,297 [INFO] WiFi is working.
2025-09-07 19:34:54,324 [INFO] WiFi is working.
2025-09-07 19:35:10,351 [INFO] WiFi is working.
2025-09-07 19:35:26,379 [INFO] WiFi is working.
2025-09-07 19:35:42,407 [INFO] WiFi is working.
2025-09-07 19:35:58,434 [INFO] WiFi is working.
2025-09-07 19:36:14,463 [INFO] WiFi is working.
2025-09-07 19:36:30,495 [INFO] WiFi is working.
2025-09-07 19:36:46,526 [INFO] WiFi is working.
2025-09-07 19:37:02,565 [INFO] WiFi is working.
2025-09-07 19:37:18,597 [INFO] WiFi is working.
2025-09-07 19:37:34,626 [INFO] WiFi is working.
2025-09-07 19:37:50,656 [INFO] WiFi is working.
2025-09-07 19:38:06,684 [INFO] WiFi is working.
2025-09-07 19:38:22,715 [INFO] WiFi is working.
2025-09-07 19:38:38,741 [INFO] WiFi is working.
2025-09-07 19:38:54,768 [INFO] WiFi is working.
2025-09-07 19:39:10,797 [INFO] WiFi is working.
2025-09-07 19:39:26,825 [INFO] WiFi is working.
2025-09-07 19:39:42,871 [INFO] WiFi is working.
2025-09-07 19:39:58,901 [INFO] WiFi is working.
2025-09-07 19:40:14,930 [INFO] WiFi is working.
2025-09-07 19:40:30,956 [INFO] WiFi is working.
2025-09-07 19:40:46,983 [INFO] WiFi is working.
2025-09-07 19:41:03,009 [INFO] WiFi is working.
2025-09-07 19:41:19,036 [INFO] WiFi is working.
2025-09-07 19:41:35,062 [INFO] WiFi is working.
2025-09-07 19:41:51,088 [INFO] WiFi is working.
2025-09-07 19:42:07,127 [INFO] WiFi is working.
2025-09-07 19:42:23,153 [INFO] WiFi is working.
2025-09-07 19:42:39,179 [INFO] WiFi is working.
2025-09-07 19:42:55,205 [INFO] WiFi is working.
2025-09-07 19:43:11,235 [INFO] WiFi is working.
2025-09-07 19:43:27,263 [INFO] WiFi is working.
2025-09-07 19:43:53,285 [INFO] WiFi is working.
2025-09-07 19:44:09,311 [INFO] WiFi is working.
2025-09-07 19:44:25,337 [INFO] WiFi is working.
2025-09-07 19:44:41,363 [INFO] WiFi is working.
2025-09-07 19:44:57,389 [INFO] WiFi is working.
2025-09-07 19:45:13,439 [INFO] WiFi is working.
2025-09-07 19:45:29,465 [INFO] WiFi is working.
2025-09-07 19:45:45,491 [INFO] WiFi is working.
2025-09-07 19:46:01,517 [INFO] WiFi is working.
2025-09-07 19:46:17,543 [INFO] WiFi is working.
2025-09-07 19:46:33,568 [INFO] WiFi is working.
2025-09-07 19:46:49,594 [INFO] WiFi is working.
2025-09-07 19:47:05,621 [INFO] WiFi is working.
2025-09-07 19:47:21,646 [INFO] WiFi is working.
2025-09-07 19:47:37,673 [INFO] WiFi is working.
2025-09-07 19:47:53,700 [INFO] WiFi is working.
2025-09-07 19:48:09,726 [INFO] WiFi is working.
2025-09-07 19:48:25,752 [INFO] WiFi is working.
2025-09-07 19:48:41,778 [INFO] WiFi is working.
2025-09-07 19:48:57,804 [INFO] WiFi is working.
2025-09-07 19:49:13,829 [INFO] WiFi is working.
2025-09-07 19:49:39,845 [INFO] WiFi is working.
2025-09-07 19:49:55,871 [INFO] WiFi is working.
2025-09-07 19:50:11,897 [INFO] WiFi is working.
2025-09-07 19:50:27,922 [INFO] WiFi is working.
2025-09-07 19:50:43,950 [INFO] WiFi is working.
2025-09-07 19:50:59,976 [INFO] WiFi is working.
2025-09-07 19:51:16,004 [INFO] WiFi is working.
2025-09-07 19:51:32,030 [INFO] WiFi is working.
2025-09-07 19:51:48,055 [INFO] WiFi is working.
2025-09-07 19:52:04,084 [INFO] WiFi is working.
2025-09-07 19:52:20,114 [INFO] WiFi is working.
2025-09-07 19:52:36,144 [INFO] WiFi is working.
2025-09-07 19:52:52,172 [INFO] WiFi is working.
2025-09-07 19:53:08,199 [INFO] WiFi is working.
2025-09-07 19:53:24,224 [INFO] WiFi is working.
2025-09-07 19:53:40,253 [INFO] WiFi is working.
2025-09-07 19:53:56,279 [INFO] WiFi is working.
2025-09-07 19:54:12,309 [INFO] WiFi is working.
2025-09-07 19:54:28,337 [INFO] WiFi is working.
2025-09-07 19:54:44,363 [INFO] WiFi is working.
2025-09-07 19:55:00,389 [INFO] WiFi is working.
2025-09-07 19:55:16,415 [INFO] WiFi is working.
2025-09-07 19:55:32,444 [INFO] WiFi is working.
2025-09-07 19:55:48,469 [INFO] WiFi is working.
2025-09-07 19:56:04,499 [INFO] WiFi is working.
2025-09-07 19:56:20,529 [INFO] WiFi is working.
2025-09-07 19:56:36,555 [INFO] WiFi is working.
2025-09-07 19:56:52,581 [INFO] WiFi is working.
2025-09-07 19:57:08,611 [INFO] WiFi is working.
2025-09-07 19:57:24,637 [INFO] WiFi is working.
2025-09-07 19:57:40,663 [INFO] WiFi is working.
2025-09-07 19:57:56,689 [INFO] WiFi is working.
2025-09-07 19:58:12,719 [INFO] WiFi is working.
2025-09-07 19:58:28,749 [INFO] WiFi is working.
2025-09-07 19:58:44,781 [INFO] WiFi is working.
2025-09-07 19:59:00,811 [INFO] WiFi is working.
2025-09-07 19:59:16,841 [INFO] WiFi is working.
2025-09-07 19:59:32,884 [INFO] WiFi is working.
2025-09-07 19:59:48,912 [INFO] WiFi is working.
2025-09-07 20:00:04,939 [INFO] WiFi is working.
2025-09-07 20:00:20,965 [INFO] WiFi is working.
2025-09-07 20:00:36,991 [INFO] WiFi is working.
2025-09-07 20:00:53,031 [INFO] WiFi is working.
2025-09-07 20:01:09,057 [INFO] WiFi is working.
2025-09-07 20:01:25,084 [INFO] WiFi is working.
2025-09-07 20:01:41,111 [INFO] WiFi is working.
2025-09-07 20:01:57,138 [INFO] WiFi is working.
2025-09-07 20:02:13,164 [INFO] WiFi is working.
2025-09-07 20:02:29,190 [INFO] WiFi is working.
2025-09-07 20:02:45,218 [INFO] WiFi is working.
2025-09-07 20:03:01,243 [INFO] WiFi is working.
2025-09-07 20:03:17,270 [INFO] WiFi is working.
2025-09-07 20:03:33,295 [INFO] WiFi is working.
2025-09-07 20:03:49,325 [INFO] WiFi is working.
2025-09-07 20:04:05,352 [INFO] WiFi is working.
2025-09-07 20:04:21,377 [INFO] WiFi is working.
2025-09-07 20:04:37,407 [INFO] WiFi is working.
2025-09-07 20:04:53,435 [INFO] WiFi is working.
2025-09-07 20:05:09,463 [INFO] WiFi is working.
2025-09-07 20:05:25,488 [INFO] WiFi is working.
2025-09-07 20:05:41,514 [INFO] WiFi is working.
2025-09-07 20:05:57,540 [INFO] WiFi is working.
2025-09-07 20:06:13,566 [INFO] WiFi is working.
2025-09-07 20:06:29,592 [INFO] WiFi is working.
2025-09-07 20:06:45,618 [INFO] WiFi is working.
2025-09-07 20:07:01,645 [INFO] WiFi is working.
2025-09-07 20:07:17,672 [INFO] WiFi is working.
2025-09-07 20:07:33,698 [INFO] WiFi is working.
2025-09-07 20:07:49,724 [INFO] WiFi is working.
2025-09-07 20:08:05,749 [INFO] WiFi is working.
2025-09-07 20:08:21,776 [INFO] WiFi is working.
2025-09-07 20:08:37,812 [INFO] WiFi is working.
2025-09-07 20:08:53,838 [INFO] WiFi is working.
2025-09-07 20:09:09,870 [INFO] WiFi is working.
2025-09-07 20:09:25,896 [INFO] WiFi is working.
2025-09-07 20:09:41,923 [INFO] WiFi is working.
2025-09-07 20:09:57,951 [INFO] WiFi is working.
2025-09-07 20:10:13,977 [INFO] WiFi is working.
2025-09-07 20:10:30,004 [INFO] WiFi is working.
2025-09-07 20:10:46,030 [INFO] WiFi is working.
2025-09-07 20:11:02,057 [INFO] WiFi is working.
2025-09-07 20:11:18,083 [INFO] WiFi is working.
2025-09-07 20:11:34,107 [INFO] WiFi is working.
2025-09-07 20:11:50,133 [INFO] WiFi is working.
2025-09-07 20:12:06,160 [INFO] WiFi is working.
2025-09-07 20:12:22,191 [INFO] WiFi is working.
2025-09-07 20:12:38,218 [INFO] WiFi is working.
2025-09-07 20:12:54,246 [INFO] WiFi is working.
2025-09-07 20:13:10,271 [INFO] WiFi is working.
2025-09-07 20:13:26,300 [INFO] WiFi is working.
2025-09-07 20:13:42,326 [INFO] WiFi is working.
2025-09-07 20:13:58,353 [INFO] WiFi is working.
2025-09-07 20:14:14,384 [INFO] WiFi is working.
2025-09-07 20:14:30,411 [INFO] WiFi is working.
2025-09-07 20:14:46,438 [INFO] WiFi is working.
2025-09-07 20:15:02,464 [INFO] WiFi is working.
2025-09-07 20:15:18,491 [INFO] WiFi is working.
2025-09-07 20:15:34,517 [INFO] WiFi is working.
2025-09-07 20:15:50,544 [INFO] WiFi is working.
2025-09-07 20:16:06,570 [INFO] WiFi is working.
2025-09-07 20:16:22,596 [INFO] WiFi is working.
2025-09-07 20:16:38,622 [INFO] WiFi is working.
2025-09-07 20:16:54,649 [INFO] WiFi is working.
2025-09-07 20:17:10,676 [INFO] WiFi is working.
2025-09-07 20:17:26,703 [INFO] WiFi is working.
2025-09-07 20:17:42,734 [INFO] WiFi is working.
2025-09-07 20:17:58,763 [INFO] WiFi is working.
2025-09-07 20:18:14,791 [INFO] WiFi is working.
2025-09-07 20:18:30,818 [INFO] WiFi is working.
2025-09-07 20:18:46,846 [INFO] WiFi is working.
2025-09-07 20:19:02,873 [INFO] WiFi is working.
2025-09-07 20:19:18,900 [INFO] WiFi is working.
2025-09-07 20:19:34,927 [INFO] WiFi is working.
2025-09-07 20:19:50,952 [INFO] WiFi is working.
2025-09-07 20:20:06,980 [INFO] WiFi is working.
2025-09-07 20:20:23,010 [INFO] WiFi is working.
2025-09-07 20:20:39,038 [INFO] WiFi is working.
2025-09-07 20:21:05,061 [INFO] WiFi is working.
2025-09-07 20:21:21,088 [INFO] WiFi is working.
2025-09-07 20:21:37,116 [INFO] WiFi is working.
2025-09-07 20:21:53,156 [INFO] WiFi is working.
2025-09-07 20:22:09,183 [INFO] WiFi is working.
2025-09-07 20:22:25,209 [INFO] WiFi is working.
2025-09-07 20:22:41,235 [INFO] WiFi is working.
2025-09-07 20:22:57,261 [INFO] WiFi is working.
2025-09-07 20:23:13,302 [INFO] WiFi is working.
2025-09-07 20:23:29,325 [INFO] WiFi is working.
2025-09-07 20:23:45,352 [INFO] WiFi is working.
2025-09-07 20:24:01,377 [INFO] WiFi is working.
2025-09-07 20:24:17,403 [INFO] WiFi is working.
2025-09-07 20:24:33,438 [INFO] WiFi is working.
2025-09-07 20:24:49,464 [INFO] WiFi is working.
2025-09-07 20:25:05,491 [INFO] WiFi is working.
2025-09-07 20:25:21,517 [INFO] WiFi is working.
2025-09-07 20:25:37,544 [INFO] WiFi is working.
2025-09-07 20:25:53,572 [INFO] WiFi is working.
2025-09-07 20:26:09,599 [INFO] WiFi is working.
2025-09-07 20:26:25,626 [INFO] WiFi is working.
2025-09-07 20:26:41,652 [INFO] WiFi is working.
2025-09-07 20:26:57,679 [INFO] WiFi is working.
2025-09-07 20:27:13,705 [INFO] WiFi is working.
2025-09-07 20:27:29,731 [INFO] WiFi is working.
2025-09-07 20:27:45,757 [INFO] WiFi is working.
2025-09-07 20:28:01,783 [INFO] WiFi is working.
2025-09-07 20:28:17,808 [INFO] WiFi is working.
2025-09-07 20:28:33,834 [INFO] WiFi is working.
2025-09-07 20:28:49,860 [INFO] WiFi is working.
2025-09-07 20:29:05,886 [INFO] WiFi is working.
2025-09-07 20:29:21,912 [INFO] WiFi is working.
2025-09-07 20:29:37,938 [INFO] WiFi is working.
2025-09-07 20:29:53,964 [INFO] WiFi is working.
2025-09-07 20:30:09,991 [INFO] WiFi is working.
2025-09-07 20:30:26,018 [INFO] WiFi is working.
2025-09-07 20:30:42,044 [INFO] WiFi is working.
2025-09-07 20:30:58,071 [INFO] WiFi is working.
2025-09-07 20:31:14,098 [INFO] WiFi is working.
2025-09-07 20:31:30,124 [INFO] WiFi is working.
2025-09-07 20:31:46,151 [INFO] WiFi is working.
2025-09-07 20:32:02,180 [INFO] WiFi is working.
2025-09-07 20:32:18,208 [INFO] WiFi is working.
2025-09-07 20:32:34,236 [INFO] WiFi is working.
2025-09-07 20:32:50,263 [INFO] WiFi is working.
2025-09-07 20:33:06,290 [INFO] WiFi is working.
2025-09-07 20:33:22,317 [INFO] WiFi is working.
2025-09-07 20:33:38,343 [INFO] WiFi is working.
2025-09-07 20:33:54,371 [INFO] WiFi is working.
2025-09-07 20:34:10,398 [INFO] WiFi is working.
2025-09-07 20:34:26,424 [INFO] WiFi is working.
2025-09-07 20:34:42,449 [INFO] WiFi is working.
2025-09-07 20:34:58,476 [INFO] WiFi is working.
2025-09-07 20:35:14,503 [INFO] WiFi is working.
2025-09-07 20:35:30,528 [INFO] WiFi is working.
2025-09-07 20:35:46,556 [INFO] WiFi is working.
2025-09-07 20:36:02,582 [INFO] WiFi is working.
2025-09-07 20:36:18,608 [INFO] WiFi is working.
2025-09-07 20:36:34,635 [INFO] WiFi is working.
2025-09-07 20:36:50,662 [INFO] WiFi is working.
2025-09-07 20:37:06,688 [INFO] WiFi is working.
2025-09-07 20:37:22,715 [INFO] WiFi is working.
2025-09-07 20:37:38,742 [INFO] WiFi is working.
2025-09-07 20:37:54,767 [INFO] WiFi is working.
2025-09-07 20:38:10,794 [INFO] WiFi is working.
2025-09-07 20:38:26,821 [INFO] WiFi is working.
2025-09-07 20:38:42,848 [INFO] WiFi is working.
2025-09-07 20:38:58,875 [INFO] WiFi is working.
2025-09-07 20:39:14,902 [INFO] WiFi is working.
2025-09-07 20:39:30,928 [INFO] WiFi is working.
2025-09-07 20:39:46,954 [INFO] WiFi is working.
2025-09-07 20:40:02,980 [INFO] WiFi is working.
2025-09-07 20:40:19,006 [INFO] WiFi is working.
2025-09-07 20:40:35,032 [INFO] WiFi is working.
2025-09-07 20:40:51,060 [INFO] WiFi is working.
2025-09-07 20:41:07,086 [INFO] WiFi is working.
2025-09-07 20:41:23,113 [INFO] WiFi is working.
2025-09-07 20:41:39,140 [INFO] WiFi is working.
2025-09-07 20:41:55,167 [INFO] WiFi is working.
2025-09-07 20:42:11,192 [INFO] WiFi is working.
2025-09-07 20:42:27,222 [INFO] WiFi is working.
2025-09-07 20:42:43,269 [INFO] WiFi is working.
2025-09-07 20:42:59,297 [INFO] WiFi is working.
2025-09-07 20:43:15,323 [INFO] WiFi is working.
2025-09-07 20:43:31,350 [INFO] WiFi is working.
2025-09-07 20:43:47,376 [INFO] WiFi is working.
2025-09-07 20:44:03,415 [INFO] WiFi is working.
2025-09-07 20:44:19,442 [INFO] WiFi is working.
2025-09-07 20:44:35,470 [INFO] WiFi is working.
2025-09-07 20:44:51,497 [INFO] WiFi is working.
2025-09-07 20:45:07,524 [INFO] WiFi is working.
2025-09-07 20:45:23,551 [INFO] WiFi is working.
2025-09-07 20:45:39,578 [INFO] WiFi is working.
2025-09-07 20:45:55,606 [INFO] WiFi is working.
2025-09-07 20:46:11,632 [INFO] WiFi is working.
2025-09-07 20:46:27,659 [INFO] WiFi is working.
2025-09-07 20:46:43,686 [INFO] WiFi is working.
2025-09-07 20:46:59,715 [INFO] WiFi is working.
2025-09-07 20:47:15,746 [INFO] WiFi is working.
2025-09-07 20:47:31,774 [INFO] WiFi is working.
2025-09-07 20:47:47,800 [INFO] WiFi is working.
2025-09-07 20:48:03,827 [INFO] WiFi is working.
2025-09-07 20:48:19,853 [INFO] WiFi is working.
2025-09-07 20:48:35,879 [INFO] WiFi is working.
2025-09-07 20:48:51,906 [INFO] WiFi is working.
2025-09-07 20:49:07,933 [INFO] WiFi is working.
2025-09-07 20:49:23,959 [INFO] WiFi is working.
2025-09-07 20:49:39,985 [INFO] WiFi is working.
2025-09-07 20:49:56,011 [INFO] WiFi is working.
2025-09-07 20:50:12,038 [INFO] WiFi is working.
2025-09-07 20:50:28,065 [INFO] WiFi is working.
2025-09-07 20:50:44,093 [INFO] WiFi is working.
2025-09-07 20:51:00,122 [INFO] WiFi is working.
2025-09-07 20:51:16,148 [INFO] WiFi is working.
2025-09-07 20:51:32,174 [INFO] WiFi is working.
2025-09-07 20:51:48,200 [INFO] WiFi is working.
2025-09-07 20:52:04,227 [INFO] WiFi is working.
2025-09-07 20:52:20,253 [INFO] WiFi is working.
2025-09-07 20:52:36,279 [INFO] WiFi is working.
2025-09-07 20:52:52,305 [INFO] WiFi is working.
2025-09-07 20:53:08,331 [INFO] WiFi is working.
2025-09-07 20:53:24,358 [INFO] WiFi is working.
2025-09-07 20:53:40,384 [INFO] WiFi is working.
2025-09-07 20:53:56,411 [INFO] WiFi is working.
2025-09-07 20:54:12,437 [INFO] WiFi is working.
2025-09-07 20:54:28,464 [INFO] WiFi is working.
2025-09-07 20:54:44,490 [INFO] WiFi is working.
2025-09-07 20:55:00,516 [INFO] WiFi is working.
2025-09-07 20:55:16,551 [INFO] WiFi is working.
2025-09-07 20:55:32,576 [INFO] WiFi is working.
2025-09-07 20:55:48,603 [INFO] WiFi is working.
2025-09-07 20:56:04,629 [INFO] WiFi is working.
2025-09-07 20:56:20,655 [INFO] WiFi is working.
2025-09-07 20:56:36,682 [INFO] WiFi is working.
2025-09-07 20:56:52,709 [INFO] WiFi is working.
2025-09-07 20:57:08,736 [INFO] WiFi is working.
2025-09-07 20:57:24,762 [INFO] WiFi is working.
2025-09-07 20:57:40,788 [INFO] WiFi is working.
2025-09-07 20:57:56,815 [INFO] WiFi is working.
2025-09-07 20:58:12,841 [INFO] WiFi is working.
2025-09-07 20:58:28,867 [INFO] WiFi is working.
2025-09-07 20:58:44,893 [INFO] WiFi is working.
2025-09-07 20:59:00,920 [INFO] WiFi is working.
2025-09-07 20:59:16,948 [INFO] WiFi is working.
2025-09-07 20:59:32,975 [INFO] WiFi is working.
2025-09-07 20:59:49,001 [INFO] WiFi is working.
2025-09-07 21:00:05,031 [INFO] WiFi is working.
2025-09-07 21:00:21,058 [INFO] WiFi is working.
2025-09-07 21:00:37,084 [INFO] WiFi is working.
2025-09-07 21:00:53,112 [INFO] WiFi is working.
2025-09-07 21:01:09,139 [INFO] WiFi is working.
2025-09-07 21:01:25,165 [INFO] WiFi is working.
2025-09-07 21:01:41,193 [INFO] WiFi is working.
2025-09-07 21:01:57,219 [INFO] WiFi is working.
2025-09-07 21:02:13,246 [INFO] WiFi is working.
2025-09-07 21:02:29,272 [INFO] WiFi is working.
2025-09-07 21:02:45,298 [INFO] WiFi is working.
2025-09-07 21:03:01,327 [INFO] WiFi is working.
2025-09-07 21:03:17,353 [INFO] WiFi is working.
2025-09-07 21:03:33,383 [INFO] WiFi is working.
2025-09-07 21:03:49,410 [INFO] WiFi is working.
2025-09-07 21:04:05,436 [INFO] WiFi is working.
2025-09-07 21:04:21,463 [INFO] WiFi is working.
2025-09-07 21:04:37,490 [INFO] WiFi is working.
2025-09-07 21:04:53,531 [INFO] WiFi is working.
2025-09-07 21:05:09,557 [INFO] WiFi is working.
2025-09-07 21:05:25,583 [INFO] WiFi is working.
2025-09-07 21:05:41,610 [INFO] WiFi is working.
2025-09-07 21:05:57,639 [INFO] WiFi is working.
2025-09-07 21:06:13,668 [INFO] WiFi is working.
2025-09-07 21:06:29,694 [INFO] WiFi is working.
2025-09-07 21:06:45,721 [INFO] WiFi is working.
2025-09-07 21:07:01,747 [INFO] WiFi is working.
2025-09-07 21:07:17,774 [INFO] WiFi is working.
2025-09-07 21:07:33,830 [INFO] WiFi is working.
2025-09-07 21:07:49,857 [INFO] WiFi is working.
2025-09-07 21:08:05,883 [INFO] WiFi is working.
2025-09-07 21:08:21,909 [INFO] WiFi is working.
2025-09-07 21:08:37,936 [INFO] WiFi is working.
2025-09-07 21:08:53,963 [INFO] WiFi is working.
2025-09-07 21:09:09,989 [INFO] WiFi is working.
2025-09-07 21:09:26,015 [INFO] WiFi is working.
2025-09-07 21:09:42,044 [INFO] WiFi is working.
2025-09-07 21:09:58,072 [INFO] WiFi is working.
2025-09-07 21:10:14,099 [INFO] WiFi is working.
2025-09-07 21:10:30,125 [INFO] WiFi is working.
2025-09-07 21:10:46,151 [INFO] WiFi is working.
2025-09-07 21:11:02,177 [INFO] WiFi is working.
2025-09-07 21:11:18,204 [INFO] WiFi is working.
2025-09-07 21:11:34,235 [INFO] WiFi is working.
2025-09-07 21:11:50,262 [INFO] WiFi is working.
2025-09-07 21:12:06,290 [INFO] WiFi is working.
2025-09-07 21:12:22,316 [INFO] WiFi is working.
2025-09-07 21:12:38,343 [INFO] WiFi is working.
2025-09-07 21:12:54,370 [INFO] WiFi is working.
2025-09-07 21:13:10,396 [INFO] WiFi is working.
2025-09-07 21:13:26,423 [INFO] WiFi is working.
2025-09-07 21:13:42,449 [INFO] WiFi is working.
2025-09-07 21:13:58,480 [INFO] WiFi is working.
2025-09-07 21:14:14,507 [INFO] WiFi is working.
2025-09-07 21:14:30,534 [INFO] WiFi is working.
2025-09-07 21:14:46,560 [INFO] WiFi is working.
2025-09-07 21:15:02,589 [INFO] WiFi is working.
2025-09-07 21:15:18,616 [INFO] WiFi is working.
2025-09-07 21:15:34,643 [INFO] WiFi is working.
2025-09-07 21:15:50,669 [INFO] WiFi is working.
2025-09-07 21:16:06,696 [INFO] WiFi is working.
2025-09-07 21:16:22,722 [INFO] WiFi is working.
2025-09-07 21:16:38,749 [INFO] WiFi is working.
2025-09-07 21:16:54,775 [INFO] WiFi is working.
2025-09-07 21:17:10,802 [INFO] WiFi is working.
2025-09-07 21:17:26,832 [INFO] WiFi is working.
2025-09-07 21:17:42,860 [INFO] WiFi is working.
2025-09-07 21:17:58,888 [INFO] WiFi is working.
2025-09-07 21:18:14,914 [INFO] WiFi is working.
2025-09-07 21:18:30,941 [INFO] WiFi is working.
2025-09-07 21:18:46,968 [INFO] WiFi is working.
2025-09-07 21:19:02,992 [INFO] WiFi is working.
2025-09-07 21:19:19,022 [INFO] WiFi is working.
2025-09-07 21:19:35,054 [INFO] WiFi is working.
2025-09-07 21:19:51,080 [INFO] WiFi is working.
2025-09-07 21:20:07,109 [INFO] WiFi is working.
2025-09-07 21:20:23,136 [INFO] WiFi is working.
2025-09-07 21:20:39,162 [INFO] WiFi is working.
2025-09-07 21:20:55,188 [INFO] WiFi is working.
2025-09-07 21:21:11,216 [INFO] WiFi is working.
2025-09-07 21:21:27,243 [INFO] WiFi is working.
2025-09-07 21:21:43,269 [INFO] WiFi is working.
2025-09-07 21:21:59,296 [INFO] WiFi is working.
2025-09-07 21:22:15,323 [INFO] WiFi is working.
2025-09-07 21:22:31,349 [INFO] WiFi is working.
2025-09-07 21:22:47,375 [INFO] WiFi is working.
2025-09-07 21:23:03,401 [INFO] WiFi is working.
2025-09-07 21:23:19,427 [INFO] WiFi is working.
2025-09-07 21:23:35,454 [INFO] WiFi is working.
2025-09-07 21:23:51,481 [INFO] WiFi is working.
2025-09-07 21:24:07,507 [INFO] WiFi is working.
2025-09-07 21:24:23,534 [INFO] WiFi is working.
2025-09-07 21:24:39,561 [INFO] WiFi is working.
2025-09-07 21:24:55,588 [INFO] WiFi is working.
2025-09-07 21:25:11,615 [INFO] WiFi is working.
2025-09-07 21:25:27,645 [INFO] WiFi is working.
2025-09-07 21:25:43,678 [INFO] WiFi is working.
2025-09-07 21:25:59,704 [INFO] WiFi is working.
2025-09-07 21:26:15,730 [INFO] WiFi is working.
2025-09-07 21:26:31,758 [INFO] WiFi is working.
2025-09-07 21:26:47,784 [INFO] WiFi is working.
2025-09-07 21:27:03,813 [INFO] WiFi is working.
2025-09-07 21:27:19,839 [INFO] WiFi is working.
2025-09-07 21:27:35,865 [INFO] WiFi is working.
2025-09-07 21:27:51,894 [INFO] WiFi is working.
2025-09-07 21:28:07,925 [INFO] WiFi is working.
2025-09-07 21:28:23,953 [INFO] WiFi is working.
2025-09-07 21:28:39,979 [INFO] WiFi is working.
2025-09-07 21:28:56,005 [INFO] WiFi is working.
2025-09-07 21:29:12,032 [INFO] WiFi is working.
2025-09-07 21:29:28,058 [INFO] WiFi is working.
2025-09-07 21:29:44,087 [INFO] WiFi is working.
2025-09-07 21:30:00,114 [INFO] WiFi is working.
2025-09-07 21:30:16,137 [INFO] WiFi is working.
2025-09-07 21:30:32,166 [INFO] WiFi is working.
2025-09-07 21:30:48,193 [INFO] WiFi is working.
2025-09-07 21:31:04,219 [INFO] WiFi is working.
2025-09-07 21:31:20,247 [INFO] WiFi is working.
2025-09-07 21:31:36,274 [INFO] WiFi is working.
2025-09-07 21:31:52,302 [INFO] WiFi is working.
2025-09-07 21:32:08,329 [INFO] WiFi is working.
2025-09-07 21:32:24,356 [INFO] WiFi is working.
2025-09-07 21:32:40,382 [INFO] WiFi is working.
2025-09-07 21:32:56,409 [INFO] WiFi is working.
2025-09-07 21:33:12,435 [INFO] WiFi is working.
2025-09-07 21:33:28,462 [INFO] WiFi is working.
2025-09-07 21:33:44,489 [INFO] WiFi is working.
2025-09-07 21:34:00,515 [INFO] WiFi is working.
2025-09-07 21:34:16,544 [INFO] WiFi is working.
2025-09-07 21:34:32,571 [INFO] WiFi is working.
2025-09-07 21:34:48,601 [INFO] WiFi is working.
2025-09-07 21:35:04,628 [INFO] WiFi is working.
2025-09-07 21:35:20,655 [INFO] WiFi is working.
2025-09-07 21:35:36,682 [INFO] WiFi is working.
2025-09-07 21:35:52,708 [INFO] WiFi is working.
2025-09-07 21:36:08,735 [INFO] WiFi is working.
2025-09-07 21:36:24,761 [INFO] WiFi is working.
2025-09-07 21:36:40,788 [INFO] WiFi is working.
2025-09-07 21:36:56,814 [INFO] WiFi is working.
2025-09-07 21:37:12,841 [INFO] WiFi is working.
2025-09-07 21:37:28,870 [INFO] WiFi is working.
2025-09-07 21:37:44,896 [INFO] WiFi is working.
2025-09-07 21:38:00,928 [INFO] WiFi is working.
2025-09-07 21:38:16,953 [INFO] WiFi is working.
2025-09-07 21:38:32,979 [INFO] WiFi is working.
2025-09-07 21:38:49,005 [INFO] WiFi is working.
2025-09-07 21:39:05,031 [INFO] WiFi is working.
2025-09-07 21:39:21,058 [INFO] WiFi is working.
2025-09-07 21:39:37,085 [INFO] WiFi is working.
2025-09-07 21:39:53,112 [INFO] WiFi is working.
2025-09-07 21:40:09,138 [INFO] WiFi is working.
2025-09-07 21:40:25,165 [INFO] WiFi is working.
2025-09-07 21:40:41,192 [INFO] WiFi is working.
2025-09-07 21:40:57,219 [INFO] WiFi is working.
2025-09-07 21:41:13,246 [INFO] WiFi is working.
2025-09-07 21:41:29,271 [INFO] WiFi is working.
2025-09-07 21:41:45,298 [INFO] WiFi is working.
2025-09-07 21:42:01,325 [INFO] WiFi is working.
2025-09-07 21:42:17,349 [INFO] WiFi is working.
2025-09-07 21:42:33,376 [INFO] WiFi is working.
2025-09-07 21:42:49,402 [INFO] WiFi is working.
2025-09-07 21:43:05,428 [INFO] WiFi is working.
2025-09-07 21:43:21,455 [INFO] WiFi is working.
2025-09-07 21:43:37,481 [INFO] WiFi is working.
2025-09-07 21:43:53,508 [INFO] WiFi is working.
2025-09-07 21:44:09,535 [INFO] WiFi is working.
2025-09-07 21:44:25,562 [INFO] WiFi is working.
2025-09-07 21:44:41,587 [INFO] WiFi is working.
2025-09-07 21:44:57,613 [INFO] WiFi is working.
2025-09-07 21:45:13,640 [INFO] WiFi is working.
2025-09-07 21:45:29,666 [INFO] WiFi is working.
2025-09-07 21:45:45,690 [INFO] WiFi is working.
2025-09-07 21:46:01,718 [INFO] WiFi is working.
2025-09-07 21:46:17,744 [INFO] WiFi is working.
2025-09-07 21:46:33,772 [INFO] WiFi is working.
2025-09-07 21:46:49,800 [INFO] WiFi is working.
2025-09-07 21:47:05,827 [INFO] WiFi is working.
2025-09-07 21:47:21,853 [INFO] WiFi is working.
2025-09-07 21:47:37,879 [INFO] WiFi is working.
2025-09-07 21:47:53,920 [INFO] WiFi is working.
2025-09-07 21:48:09,948 [INFO] WiFi is working.
2025-09-07 21:48:25,975 [INFO] WiFi is working.
2025-09-07 21:48:42,002 [INFO] WiFi is working.
2025-09-07 21:48:58,028 [INFO] WiFi is working.
2025-09-07 21:49:14,083 [INFO] WiFi is working.
2025-09-07 21:49:30,111 [INFO] WiFi is working.
2025-09-07 21:49:46,135 [INFO] WiFi is working.
2025-09-07 21:50:02,160 [INFO] WiFi is working.
2025-09-07 21:50:18,188 [INFO] WiFi is working.
2025-09-07 21:50:34,214 [INFO] WiFi is working.
2025-09-07 21:50:50,241 [INFO] WiFi is working.
2025-09-07 21:51:06,268 [INFO] WiFi is working.
2025-09-07 21:51:22,295 [INFO] WiFi is working.
2025-09-07 21:51:38,322 [INFO] WiFi is working.
2025-09-07 21:51:54,348 [INFO] WiFi is working.
2025-09-07 21:52:10,374 [INFO] WiFi is working.
2025-09-07 21:52:26,400 [INFO] WiFi is working.
2025-09-07 21:52:42,426 [INFO] WiFi is working.
2025-09-07 21:52:58,452 [INFO] WiFi is working.
2025-09-07 21:53:14,476 [INFO] WiFi is working.
2025-09-07 21:53:30,503 [INFO] WiFi is working.
2025-09-07 21:53:46,530 [INFO] WiFi is working.
2025-09-07 21:54:02,559 [INFO] WiFi is working.
2025-09-07 21:54:18,589 [INFO] WiFi is working.
2025-09-07 21:54:34,617 [INFO] WiFi is working.
2025-09-07 21:54:50,646 [INFO] WiFi is working.
2025-09-07 21:55:06,673 [INFO] WiFi is working.
2025-09-07 21:55:22,701 [INFO] WiFi is working.
2025-09-07 21:55:38,728 [INFO] WiFi is working.
2025-09-07 21:55:54,754 [INFO] WiFi is working.
2025-09-07 21:56:10,780 [INFO] WiFi is working.
2025-09-07 21:56:26,808 [INFO] WiFi is working.
2025-09-07 21:56:42,833 [INFO] WiFi is working.
2025-09-07 21:56:58,859 [INFO] WiFi is working.
2025-09-07 21:57:14,887 [INFO] WiFi is working.
2025-09-07 21:57:30,914 [INFO] WiFi is working.
2025-09-07 21:57:46,939 [INFO] WiFi is working.
2025-09-07 21:58:02,965 [INFO] WiFi is working.
2025-09-07 21:58:18,991 [INFO] WiFi is working.
2025-09-07 21:58:35,019 [INFO] WiFi is working.
2025-09-07 21:58:51,046 [INFO] WiFi is working.
2025-09-07 21:59:07,072 [INFO] WiFi is working.
2025-09-07 21:59:23,099 [INFO] WiFi is working.
2025-09-07 21:59:39,125 [INFO] WiFi is working.
2025-09-07 21:59:55,151 [INFO] WiFi is working.
2025-09-07 22:00:11,177 [INFO] WiFi is working.
2025-09-07 22:00:27,204 [INFO] WiFi is working.
2025-09-07 22:00:43,232 [INFO] WiFi is working.
2025-09-07 22:00:59,258 [INFO] WiFi is working.
2025-09-07 22:01:15,283 [INFO] WiFi is working.
2025-09-07 22:01:31,309 [INFO] WiFi is working.
2025-09-07 22:01:47,335 [INFO] WiFi is working.
2025-09-07 22:02:03,361 [INFO] WiFi is working.
2025-09-07 22:02:19,386 [INFO] WiFi is working.
2025-09-07 22:02:35,413 [INFO] WiFi is working.
2025-09-07 22:02:51,440 [INFO] WiFi is working.
2025-09-07 22:03:07,467 [INFO] WiFi is working.
2025-09-07 22:03:23,494 [INFO] WiFi is working.
2025-09-07 22:03:39,523 [INFO] WiFi is working.
2025-09-07 22:03:55,550 [INFO] WiFi is working.
2025-09-07 22:04:11,576 [INFO] WiFi is working.
2025-09-07 22:04:27,603 [INFO] WiFi is working.
2025-09-07 22:04:43,632 [INFO] WiFi is working.
2025-09-07 22:04:59,657 [INFO] WiFi is working.
2025-09-07 22:05:15,684 [INFO] WiFi is working.
2025-09-07 22:05:31,706 [INFO] WiFi is working.
2025-09-07 22:05:47,731 [INFO] WiFi is working.
2025-09-07 22:06:03,759 [INFO] WiFi is working.
2025-09-07 22:06:19,784 [INFO] WiFi is working.
2025-09-07 22:06:35,810 [INFO] WiFi is working.
2025-09-07 22:06:51,836 [INFO] WiFi is working.
2025-09-07 22:07:07,862 [INFO] WiFi is working.
2025-09-07 22:07:23,889 [INFO] WiFi is working.
2025-09-07 22:07:39,914 [INFO] WiFi is working.
2025-09-07 22:07:55,939 [INFO] WiFi is working.
2025-09-07 22:08:11,965 [INFO] WiFi is working.
2025-09-07 22:08:27,991 [INFO] WiFi is working.
2025-09-07 22:08:44,017 [INFO] WiFi is working.
2025-09-07 22:09:00,044 [INFO] WiFi is working.
2025-09-07 22:09:16,073 [INFO] WiFi is working.
2025-09-07 22:09:32,098 [INFO] WiFi is working.
2025-09-07 22:09:48,125 [INFO] WiFi is working.
2025-09-07 22:10:04,156 [INFO] WiFi is working.
2025-09-07 22:10:20,182 [INFO] WiFi is working.
2025-09-07 22:10:36,209 [INFO] WiFi is working.
2025-09-07 22:10:52,238 [INFO] WiFi is working.
2025-09-07 22:11:08,268 [INFO] WiFi is working.
2025-09-07 22:11:24,305 [INFO] WiFi is working.
2025-09-07 22:11:40,333 [INFO] WiFi is working.
2025-09-07 22:11:56,359 [INFO] WiFi is working.
2025-09-07 22:12:12,386 [INFO] WiFi is working.
2025-09-07 22:12:28,412 [INFO] WiFi is working.
2025-09-07 22:12:44,440 [INFO] WiFi is working.
2025-09-07 22:13:00,470 [INFO] WiFi is working.
2025-09-07 22:13:16,496 [INFO] WiFi is working.
2025-09-07 22:13:32,522 [INFO] WiFi is working.
2025-09-07 22:13:48,549 [INFO] WiFi is working.
2025-09-07 22:14:04,576 [INFO] WiFi is working.
2025-09-07 22:14:20,602 [INFO] WiFi is working.
2025-09-07 22:14:36,628 [INFO] WiFi is working.
2025-09-07 22:14:52,653 [INFO] WiFi is working.
2025-09-07 22:15:08,682 [INFO] WiFi is working.
2025-09-07 22:15:24,708 [INFO] WiFi is working.
2025-09-07 22:15:40,736 [INFO] WiFi is working.
2025-09-07 22:15:56,763 [INFO] WiFi is working.
2025-09-07 22:16:12,790 [INFO] WiFi is working.
2025-09-07 22:16:28,818 [INFO] WiFi is working.
2025-09-07 22:16:44,844 [INFO] WiFi is working.
2025-09-07 22:17:00,870 [INFO] WiFi is working.
2025-09-07 22:17:16,896 [INFO] WiFi is working.
2025-09-07 22:17:32,923 [INFO] WiFi is working.
2025-09-07 22:17:48,949 [INFO] WiFi is working.
2025-09-07 22:18:04,976 [INFO] WiFi is working.
2025-09-07 22:18:21,003 [INFO] WiFi is working.
2025-09-07 22:18:37,029 [INFO] WiFi is working.
2025-09-07 22:18:53,059 [INFO] WiFi is working.
2025-09-07 22:19:09,085 [INFO] WiFi is working.
2025-09-07 22:19:25,111 [INFO] WiFi is working.
2025-09-07 22:19:41,139 [INFO] WiFi is working.
2025-09-07 22:19:57,169 [INFO] WiFi is working.
2025-09-07 22:20:13,195 [INFO] WiFi is working.
2025-09-07 22:20:29,220 [INFO] WiFi is working.
2025-09-07 22:20:45,249 [INFO] WiFi is working.
2025-09-07 22:21:01,275 [INFO] WiFi is working.
2025-09-07 22:21:17,302 [INFO] WiFi is working.
2025-09-07 22:21:33,329 [INFO] WiFi is working.
2025-09-07 22:21:49,356 [INFO] WiFi is working.
2025-09-07 22:22:05,383 [INFO] WiFi is working.
2025-09-07 22:22:21,411 [INFO] WiFi is working.
2025-09-07 22:22:37,438 [INFO] WiFi is working.
2025-09-07 22:22:53,464 [INFO] WiFi is working.
2025-09-07 22:23:09,495 [INFO] WiFi is working.
2025-09-07 22:23:25,522 [INFO] WiFi is working.
2025-09-07 22:23:41,551 [INFO] WiFi is working.
2025-09-07 22:23:57,576 [INFO] WiFi is working.
2025-09-07 22:24:13,604 [INFO] WiFi is working.
2025-09-07 22:24:29,630 [INFO] WiFi is working.
2025-09-07 22:24:45,656 [INFO] WiFi is working.
2025-09-07 22:25:01,683 [INFO] WiFi is working.
2025-09-07 22:25:17,711 [INFO] WiFi is working.
2025-09-07 22:25:33,738 [INFO] WiFi is working.
2025-09-07 22:25:49,768 [INFO] WiFi is working.
2025-09-07 22:26:05,794 [INFO] WiFi is working.
2025-09-07 22:26:22,804 [INFO] WiFi is working.
2025-09-07 22:26:38,830 [INFO] WiFi is working.
2025-09-07 22:26:54,857 [INFO] WiFi is working.
2025-09-07 22:27:10,885 [INFO] WiFi is working.
2025-09-07 22:27:26,912 [INFO] WiFi is working.
2025-09-07 22:27:42,939 [INFO] WiFi is working.
2025-09-07 22:27:58,975 [INFO] WiFi is working.
2025-09-07 22:28:15,000 [INFO] WiFi is working.
2025-09-07 22:28:31,032 [INFO] WiFi is working.
2025-09-07 22:28:47,058 [INFO] WiFi is working.
2025-09-07 22:29:03,084 [INFO] WiFi is working.
2025-09-07 22:29:19,112 [INFO] WiFi is working.
2025-09-07 22:29:35,139 [INFO] WiFi is working.
2025-09-07 22:29:51,164 [INFO] WiFi is working.
2025-09-07 22:30:07,192 [INFO] WiFi is working.
2025-09-07 22:30:23,220 [INFO] WiFi is working.
2025-09-07 22:30:39,247 [INFO] WiFi is working.
2025-09-07 22:30:55,272 [INFO] WiFi is working.
2025-09-07 22:31:11,298 [INFO] WiFi is working.
2025-09-07 22:31:27,324 [INFO] WiFi is working.
2025-09-07 22:31:43,349 [INFO] WiFi is working.
2025-09-07 22:31:59,374 [INFO] WiFi is working.
2025-09-07 22:32:15,400 [INFO] WiFi is working.
2025-09-07 22:32:41,413 [INFO] WiFi is working.
2025-09-07 22:32:57,438 [INFO] WiFi is working.
2025-09-07 22:33:13,465 [INFO] WiFi is working.
2025-09-07 22:33:29,493 [INFO] WiFi is working.
2025-09-07 22:33:45,520 [INFO] WiFi is working.
2025-09-07 22:34:01,546 [INFO] WiFi is working.
2025-09-07 22:34:17,582 [INFO] WiFi is working.
2025-09-07 22:34:33,608 [INFO] WiFi is working.
2025-09-07 22:34:49,634 [INFO] WiFi is working.
2025-09-07 22:35:05,660 [INFO] WiFi is working.
2025-09-07 22:35:21,696 [INFO] WiFi is working.
2025-09-07 22:35:37,721 [INFO] WiFi is working.
2025-09-07 22:35:53,748 [INFO] WiFi is working.
2025-09-07 22:36:09,774 [INFO] WiFi is working.
2025-09-07 22:36:25,800 [INFO] WiFi is working.
2025-09-07 22:36:41,825 [INFO] WiFi is working.
2025-09-07 22:36:57,852 [INFO] WiFi is working.
2025-09-07 22:37:13,878 [INFO] WiFi is working.
2025-09-07 22:37:29,904 [INFO] WiFi is working.
2025-09-07 22:37:45,931 [INFO] WiFi is working.
2025-09-07 22:38:01,956 [INFO] WiFi is working.
2025-09-07 22:38:27,973 [INFO] WiFi is working.
2025-09-07 22:38:44,004 [INFO] WiFi is working.
2025-09-07 22:39:00,030 [INFO] WiFi is working.
2025-09-07 22:39:16,060 [INFO] WiFi is working.
2025-09-07 22:39:32,085 [INFO] WiFi is working.
2025-09-07 22:39:48,111 [INFO] WiFi is working.
2025-09-07 22:40:04,133 [INFO] WiFi is working.
2025-09-07 22:40:20,161 [INFO] WiFi is working.
2025-09-07 22:40:36,187 [INFO] WiFi is working.
2025-09-07 22:40:52,213 [INFO] WiFi is working.
2025-09-07 22:41:09,222 [INFO] WiFi is working.
2025-09-07 22:41:25,248 [INFO] WiFi is working.
2025-09-07 22:41:41,274 [INFO] WiFi is working.
2025-09-07 22:41:57,300 [INFO] WiFi is working.
2025-09-07 22:42:13,326 [INFO] WiFi is working.
2025-09-07 22:42:29,352 [INFO] WiFi is working.
2025-09-07 22:42:45,378 [INFO] WiFi is working.
2025-09-07 22:43:01,405 [INFO] WiFi is working.
2025-09-07 22:43:17,430 [INFO] WiFi is working.
2025-09-07 22:43:33,456 [INFO] WiFi is working.
2025-09-07 22:43:49,481 [INFO] WiFi is working.
2025-09-07 22:44:05,507 [INFO] WiFi is working.
2025-09-07 22:44:21,534 [INFO] WiFi is working.
2025-09-07 22:44:37,561 [INFO] WiFi is working.
2025-09-07 22:44:53,587 [INFO] WiFi is working.
2025-09-07 22:45:09,612 [INFO] WiFi is working.
2025-09-07 22:45:25,638 [INFO] WiFi is working.
2025-09-07 22:45:41,665 [INFO] WiFi is working.
2025-09-07 22:46:07,685 [INFO] WiFi is working.
2025-09-07 22:46:23,712 [INFO] WiFi is working.
2025-09-07 22:46:39,737 [INFO] WiFi is working.
2025-09-07 22:46:55,767 [INFO] WiFi is working.
2025-09-07 22:47:11,793 [INFO] WiFi is working.
2025-09-07 22:47:27,820 [INFO] WiFi is working.
2025-09-07 22:47:43,846 [INFO] WiFi is working.
2025-09-07 22:48:09,868 [WARNING] WiFi down!
2025-09-07 22:48:09,869 [INFO] Enabling SIM800L mobile connection...
2025-09-07 22:48:25,899 [INFO] WiFi is working.
2025-09-07 22:48:25,899 [INFO] Disabling SIM800L mobile connection...
2025-09-07 22:48:25,953 [ERROR] Failed to stop PPP: Command '['sudo', 'poff']' returned non-zero exit status 1.
2025-09-07 22:48:41,980 [INFO] WiFi is working.
2025-09-07 22:48:58,008 [INFO] WiFi is working.
2025-09-07 22:49:14,036 [INFO] WiFi is working.
2025-09-07 22:49:30,064 [INFO] WiFi is working.
2025-09-07 22:49:46,090 [INFO] WiFi is working.
2025-09-07 22:50:02,116 [INFO] WiFi is working.
2025-09-07 22:50:18,141 [INFO] WiFi is working.
2025-09-07 22:50:34,171 [INFO] WiFi is working.
2025-09-07 22:50:50,198 [INFO] WiFi is working.
2025-09-07 22:51:06,225 [INFO] WiFi is working.
2025-09-07 22:51:22,251 [INFO] WiFi is working.
2025-09-07 22:51:38,278 [INFO] WiFi is working.
2025-09-07 22:51:54,310 [INFO] WiFi is working.
2025-09-07 22:52:10,351 [INFO] WiFi is working.
2025-09-07 22:52:26,378 [INFO] WiFi is working.
2025-09-07 22:52:42,408 [INFO] WiFi is working.
2025-09-07 22:52:58,433 [INFO] WiFi is working.
2025-09-07 22:53:14,459 [INFO] WiFi is working.
2025-09-07 22:53:40,485 [INFO] WiFi is working.
2025-09-07 22:53:56,511 [INFO] WiFi is working.
2025-09-07 22:54:12,560 [INFO] WiFi is working.
2025-09-07 22:54:28,586 [INFO] WiFi is working.
2025-09-07 22:54:44,643 [INFO] WiFi is working.
2025-09-07 22:55:00,668 [INFO] WiFi is working.
2025-09-07 22:55:16,700 [INFO] WiFi is working.
2025-09-07 22:55:32,726 [INFO] WiFi is working.
2025-09-07 22:55:48,753 [INFO] WiFi is working.
2025-09-07 22:56:04,788 [INFO] WiFi is working.
2025-09-07 22:56:20,814 [INFO] WiFi is working.
2025-09-07 22:56:36,840 [INFO] WiFi is working.
2025-09-07 22:56:52,865 [INFO] WiFi is working.
2025-09-07 22:57:08,893 [INFO] WiFi is working.
2025-09-07 22:57:24,932 [INFO] WiFi is working.
2025-09-07 22:57:40,959 [INFO] WiFi is working.
2025-09-07 22:57:56,985 [INFO] WiFi is working.
2025-09-07 22:58:13,010 [INFO] WiFi is working.
2025-09-07 22:58:29,039 [INFO] WiFi is working.
2025-09-07 22:58:55,084 [WARNING] WiFi down!
2025-09-07 22:58:55,084 [INFO] Enabling SIM800L mobile connection...
2025-09-07 22:59:11,113 [INFO] WiFi is working.
2025-09-07 22:59:11,113 [INFO] Disabling SIM800L mobile connection...
2025-09-07 22:59:11,172 [ERROR] Failed to stop PPP: Command '['sudo', 'poff']' returned non-zero exit status 1.
2025-09-07 22:59:27,198 [INFO] WiFi is working.
2025-09-07 22:59:43,224 [INFO] WiFi is working.
2025-09-07 22:59:59,249 [INFO] WiFi is working.
2025-09-07 23:00:15,274 [INFO] WiFi is working.
2025-09-07 23:00:31,301 [INFO] WiFi is working.
2025-09-07 23:00:47,326 [INFO] WiFi is working.
2025-09-07 23:01:03,352 [INFO] WiFi is working.
2025-09-07 23:01:19,381 [INFO] WiFi is working.
2025-09-07 23:01:35,407 [INFO] WiFi is working.
2025-09-07 23:01:51,433 [INFO] WiFi is working.
2025-09-07 23:02:17,445 [INFO] WiFi is working.
2025-09-07 23:02:33,472 [INFO] WiFi is working.
2025-09-07 23:02:50,480 [INFO] WiFi is working.
2025-09-07 23:03:06,506 [INFO] WiFi is working.
2025-09-07 23:03:22,531 [INFO] WiFi is working.
2025-09-07 23:03:38,557 [INFO] WiFi is working.
2025-09-07 23:03:54,615 [INFO] WiFi is working.
2025-09-07 23:04:10,641 [INFO] WiFi is working.
2025-09-07 23:04:26,667 [INFO] WiFi is working.
2025-09-07 23:04:42,701 [INFO] WiFi is working.
2025-09-07 23:04:58,731 [INFO] WiFi is working.
2025-09-07 23:05:14,781 [INFO] WiFi is working.
2025-09-07 23:05:30,808 [INFO] WiFi is working.
2025-09-07 23:05:46,834 [INFO] WiFi is working.
2025-09-07 23:06:02,862 [INFO] WiFi is working.
2025-09-07 23:06:18,889 [INFO] WiFi is working.
2025-09-07 23:06:34,920 [INFO] WiFi is working.
2025-09-07 23:06:50,946 [INFO] WiFi is working.
2025-09-07 23:07:06,972 [INFO] WiFi is working.
2025-09-07 23:07:22,998 [INFO] WiFi is working.
2025-09-07 23:07:39,024 [INFO] WiFi is working.
2025-09-07 23:07:55,051 [INFO] WiFi is working.
2025-09-07 23:08:11,076 [INFO] WiFi is working.
2025-09-07 23:08:27,106 [INFO] WiFi is working.
2025-09-07 23:08:43,132 [INFO] WiFi is working.
2025-09-07 23:08:59,162 [INFO] WiFi is working.
2025-09-07 23:09:15,191 [INFO] WiFi is working.
2025-09-07 23:09:31,217 [INFO] WiFi is working.
2025-09-07 23:09:47,241 [INFO] WiFi is working.
2025-09-07 23:10:03,267 [INFO] WiFi is working.
2025-09-07 23:10:19,294 [INFO] WiFi is working.
2025-09-07 23:10:35,321 [INFO] WiFi is working.
2025-09-07 23:10:51,347 [INFO] WiFi is working.
2025-09-07 23:11:07,376 [INFO] WiFi is working.
2025-09-07 23:11:23,402 [INFO] WiFi is working.
2025-09-07 23:11:39,428 [INFO] WiFi is working.
2025-09-07 23:11:55,454 [INFO] WiFi is working.
2025-09-07 23:12:11,482 [INFO] WiFi is working.
2025-09-07 23:12:27,508 [INFO] WiFi is working.
2025-09-07 23:12:43,533 [INFO] WiFi is working.
2025-09-07 23:12:59,560 [INFO] WiFi is working.
2025-09-07 23:13:15,586 [INFO] WiFi is working.
2025-09-07 23:13:31,614 [INFO] WiFi is working.
2025-09-07 23:13:47,640 [INFO] WiFi is working.
2025-09-07 23:14:13,669 [INFO] WiFi is working.
2025-09-07 23:14:29,697 [INFO] WiFi is working.
2025-09-07 23:14:46,706 [INFO] WiFi is working.
2025-09-07 23:15:02,738 [INFO] WiFi is working.
2025-09-07 23:15:18,764 [INFO] WiFi is working.
2025-09-07 23:15:34,798 [INFO] WiFi is working.
2025-09-07 23:15:50,824 [INFO] WiFi is working.
2025-09-07 23:16:06,852 [INFO] WiFi is working.
2025-09-07 23:16:22,883 [INFO] WiFi is working.
2025-09-07 23:16:38,907 [INFO] WiFi is working.
2025-09-07 23:16:54,949 [INFO] WiFi is working.
2025-09-07 23:17:10,977 [INFO] WiFi is working.
2025-09-07 23:17:27,005 [INFO] WiFi is working.
2025-09-07 23:17:43,031 [INFO] WiFi is working.
2025-09-07 23:17:59,058 [INFO] WiFi is working.
2025-09-07 23:18:15,091 [INFO] WiFi is working.
2025-09-07 23:18:31,117 [INFO] WiFi is working.
2025-09-07 23:18:47,144 [INFO] WiFi is working.
2025-09-07 23:19:03,173 [INFO] WiFi is working.
2025-09-07 23:19:19,202 [INFO] WiFi is working.
2025-09-07 23:19:35,228 [INFO] WiFi is working.
2025-09-07 23:19:51,253 [INFO] WiFi is working.
2025-09-07 23:20:07,279 [INFO] WiFi is working.
2025-09-07 23:20:23,305 [INFO] WiFi is working.
2025-09-07 23:20:39,364 [INFO] WiFi is working.
2025-09-07 23:20:55,391 [INFO] WiFi is working.
2025-09-07 23:21:11,417 [INFO] WiFi is working.
2025-09-07 23:21:27,442 [INFO] WiFi is working.
2025-09-07 23:21:43,468 [INFO] WiFi is working.
2025-09-07 23:21:59,493 [INFO] WiFi is working.
2025-09-07 23:22:15,519 [INFO] WiFi is working.
2025-09-07 23:22:31,546 [INFO] WiFi is working.
2025-09-07 23:22:47,571 [INFO] WiFi is working.
2025-09-07 23:23:03,598 [INFO] WiFi is working.
2025-09-07 23:23:19,624 [INFO] WiFi is working.
2025-09-07 23:23:35,652 [INFO] WiFi is working.
2025-09-07 23:23:51,686 [INFO] WiFi is working.
2025-09-07 23:24:07,716 [INFO] WiFi is working.
2025-09-07 23:24:23,743 [INFO] WiFi is working.
2025-09-07 23:24:39,769 [INFO] WiFi is working.
2025-09-07 23:24:55,794 [INFO] WiFi is working.
2025-09-07 23:25:11,820 [INFO] WiFi is working.
2025-09-07 23:25:27,849 [INFO] WiFi is working.
2025-09-07 23:25:43,879 [INFO] WiFi is working.
2025-09-07 23:25:59,904 [INFO] WiFi is working.
2025-09-07 23:26:15,930 [INFO] WiFi is working.
2025-09-07 23:26:31,956 [INFO] WiFi is working.
2025-09-07 23:26:47,982 [INFO] WiFi is working.
2025-09-07 23:27:04,008 [INFO] WiFi is working.
2025-09-07 23:27:20,035 [INFO] WiFi is working.
2025-09-07 23:27:36,061 [INFO] WiFi is working.
2025-09-07 23:27:52,088 [INFO] WiFi is working.
2025-09-07 23:28:08,114 [INFO] WiFi is working.
2025-09-07 23:28:24,139 [INFO] WiFi is working.
2025-09-07 23:28:40,166 [INFO] WiFi is working.
2025-09-07 23:28:56,192 [INFO] WiFi is working.
2025-09-07 23:29:12,218 [INFO] WiFi is working.
2025-09-07 23:29:28,244 [INFO] WiFi is working.
2025-09-07 23:29:44,270 [INFO] WiFi is working.
2025-09-07 23:30:00,297 [INFO] WiFi is working.
2025-09-07 23:30:16,324 [INFO] WiFi is working.
2025-09-07 23:30:32,353 [INFO] WiFi is working.
2025-09-07 23:30:48,381 [INFO] WiFi is working.
2025-09-07 23:31:04,407 [INFO] WiFi is working.
2025-09-07 23:31:20,434 [INFO] WiFi is working.
2025-09-07 23:31:36,460 [INFO] WiFi is working.
2025-09-07 23:31:52,486 [INFO] WiFi is working.
2025-09-07 23:32:08,512 [INFO] WiFi is working.
2025-09-07 23:32:24,538 [INFO] WiFi is working.
2025-09-07 23:32:40,567 [INFO] WiFi is working.
2025-09-07 23:32:56,594 [INFO] WiFi is working.
2025-09-07 23:33:12,624 [INFO] WiFi is working.
2025-09-07 23:33:28,650 [INFO] WiFi is working.
2025-09-07 23:33:44,676 [INFO] WiFi is working.
2025-09-07 23:34:00,703 [INFO] WiFi is working.
2025-09-07 23:34:16,730 [INFO] WiFi is working.
2025-09-07 23:34:32,756 [INFO] WiFi is working.
2025-09-07 23:34:48,783 [INFO] WiFi is working.
2025-09-07 23:35:04,809 [INFO] WiFi is working.
2025-09-07 23:35:20,835 [INFO] WiFi is working.
2025-09-07 23:35:36,861 [INFO] WiFi is working.
2025-09-07 23:35:52,891 [INFO] WiFi is working.
2025-09-07 23:36:08,915 [INFO] WiFi is working.
2025-09-07 23:36:24,971 [INFO] WiFi is working.
2025-09-07 23:36:40,997 [INFO] WiFi is working.
2025-09-07 23:36:57,025 [INFO] WiFi is working.
2025-09-07 23:37:13,051 [INFO] WiFi is working.
2025-09-07 23:37:29,077 [INFO] WiFi is working.
2025-09-07 23:37:45,117 [INFO] WiFi is working.
2025-09-07 23:38:01,144 [INFO] WiFi is working.
2025-09-07 23:38:17,169 [INFO] WiFi is working.
2025-09-07 23:38:33,196 [INFO] WiFi is working.
2025-09-07 23:38:49,224 [INFO] WiFi is working.
2025-09-07 23:39:05,261 [INFO] WiFi is working.
2025-09-07 23:39:21,290 [INFO] WiFi is working.
2025-09-07 23:39:37,316 [INFO] WiFi is working.
2025-09-07 23:39:53,342 [INFO] WiFi is working.
2025-09-07 23:40:09,370 [INFO] WiFi is working.
2025-09-07 23:40:25,436 [INFO] WiFi is working.
2025-09-07 23:40:41,463 [INFO] WiFi is working.
2025-09-07 23:40:57,490 [INFO] WiFi is working.
2025-09-07 23:41:13,523 [INFO] WiFi is working.
2025-09-07 23:41:29,557 [INFO] WiFi is working.
2025-09-07 23:41:45,584 [INFO] WiFi is working.
2025-09-07 23:42:11,621 [INFO] WiFi is working.
2025-09-07 23:42:27,648 [INFO] WiFi is working.
2025-09-07 23:42:43,674 [INFO] WiFi is working.
2025-09-07 23:42:59,700 [INFO] WiFi is working.
2025-09-07 23:43:15,730 [INFO] WiFi is working.
2025-09-07 23:43:31,761 [INFO] WiFi is working.
2025-09-07 23:43:47,788 [INFO] WiFi is working.
2025-09-07 23:44:03,815 [INFO] WiFi is working.
2025-09-07 23:44:19,841 [INFO] WiFi is working.
2025-09-07 23:44:35,866 [INFO] WiFi is working.
2025-09-07 23:44:51,896 [INFO] WiFi is working.
2025-09-07 23:45:07,921 [INFO] WiFi is working.
2025-09-07 23:45:23,946 [INFO] WiFi is working.
2025-09-07 23:45:39,971 [INFO] WiFi is working.
2025-09-07 23:46:05,989 [INFO] WiFi is working.
2025-09-07 23:46:22,015 [INFO] WiFi is working.
2025-09-07 23:46:38,041 [INFO] WiFi is working.
2025-09-07 23:46:54,071 [INFO] WiFi is working.
2025-09-07 23:47:10,100 [INFO] WiFi is working.
2025-09-07 23:47:26,126 [INFO] WiFi is working.
2025-09-07 23:47:42,151 [INFO] WiFi is working.
2025-09-07 23:47:58,178 [INFO] WiFi is working.
2025-09-07 23:48:14,204 [INFO] WiFi is working.
2025-09-07 23:48:30,236 [INFO] WiFi is working.
2025-09-07 23:48:46,267 [INFO] WiFi is working.
2025-09-07 23:49:02,293 [INFO] WiFi is working.
2025-09-07 23:49:18,320 [INFO] WiFi is working.
2025-09-07 23:49:34,351 [INFO] WiFi is working.
2025-09-07 23:49:50,380 [INFO] WiFi is working.
2025-09-07 23:50:06,409 [INFO] WiFi is working.
2025-09-07 23:50:22,439 [INFO] WiFi is working.
2025-09-07 23:50:38,470 [INFO] WiFi is working.
2025-09-07 23:50:54,501 [INFO] WiFi is working.
2025-09-07 23:51:10,535 [INFO] WiFi is working.
2025-09-07 23:51:26,562 [INFO] WiFi is working.
2025-09-07 23:51:42,588 [INFO] WiFi is working.
2025-09-07 23:51:58,614 [INFO] WiFi is working.
2025-09-07 23:52:14,640 [INFO] WiFi is working.
2025-09-07 23:52:30,666 [INFO] WiFi is working.
2025-09-07 23:52:46,693 [INFO] WiFi is working.
2025-09-07 23:53:02,720 [INFO] WiFi is working.
2025-09-07 23:53:18,746 [INFO] WiFi is working.
2025-09-07 23:53:34,778 [INFO] WiFi is working.
2025-09-07 23:53:50,804 [INFO] WiFi is working.
2025-09-07 23:54:06,830 [INFO] WiFi is working.
2025-09-07 23:54:22,857 [INFO] WiFi is working.
2025-09-07 23:54:38,887 [INFO] WiFi is working.
2025-09-07 23:54:54,914 [INFO] WiFi is working.
2025-09-07 23:55:10,940 [INFO] WiFi is working.
2025-09-07 23:55:26,966 [INFO] WiFi is working.
2025-09-07 23:55:42,992 [INFO] WiFi is working.
2025-09-07 23:55:59,021 [INFO] WiFi is working.
2025-09-07 23:56:15,048 [INFO] WiFi is working.
2025-09-07 23:56:31,074 [INFO] WiFi is working.
2025-09-07 23:56:47,109 [INFO] WiFi is working.
2025-09-07 23:57:03,134 [INFO] WiFi is working.
2025-09-07 23:57:19,160 [INFO] WiFi is working.
2025-09-07 23:57:35,190 [INFO] WiFi is working.
2025-09-07 23:57:51,219 [INFO] WiFi is working.
2025-09-07 23:58:07,245 [INFO] WiFi is working.
2025-09-07 23:58:23,275 [INFO] WiFi is working.
2025-09-07 23:58:39,301 [INFO] WiFi is working.
2025-09-07 23:58:55,340 [INFO] WiFi is working.
2025-09-07 23:59:11,365 [INFO] WiFi is working.
2025-09-07 23:59:27,391 [INFO] WiFi is working.
2025-09-07 23:59:43,418 [INFO] WiFi is working.
2025-09-07 23:59:59,450 [INFO] WiFi is working.
2025-09-08 00:00:15,730 [INFO] WiFi is working.
2025-09-08 00:00:31,758 [INFO] WiFi is working.
2025-09-08 00:00:47,790 [INFO] WiFi is working.
2025-09-08 00:01:03,816 [INFO] WiFi is working.
2025-09-08 00:01:19,843 [INFO] WiFi is working.
2025-09-08 00:01:35,868 [INFO] WiFi is working.
2025-09-08 00:01:51,894 [INFO] WiFi is working.
2025-09-08 00:02:07,921 [INFO] WiFi is working.
2025-09-08 00:02:33,957 [INFO] WiFi is working.
2025-09-08 00:02:49,984 [INFO] WiFi is working.
2025-09-08 00:03:06,010 [INFO] WiFi is working.
2025-09-08 00:03:22,035 [INFO] WiFi is working.
2025-09-08 00:03:38,066 [INFO] WiFi is working.
2025-09-08 00:03:54,093 [INFO] WiFi is working.
2025-09-08 00:04:10,131 [INFO] WiFi is working.
2025-09-08 00:04:26,162 [INFO] WiFi is working.
2025-09-08 00:04:42,188 [INFO] WiFi is working.
2025-09-08 00:04:58,214 [INFO] WiFi is working.
2025-09-08 00:05:14,240 [INFO] WiFi is working.
2025-09-08 00:05:30,266 [INFO] WiFi is working.
2025-09-08 00:05:46,293 [INFO] WiFi is working.
2025-09-08 00:06:02,323 [INFO] WiFi is working.
2025-09-08 00:06:19,332 [INFO] WiFi is working.
2025-09-08 00:06:35,361 [INFO] WiFi is working.
2025-09-08 00:06:51,387 [INFO] WiFi is working.
2025-09-08 00:07:07,414 [INFO] WiFi is working.
2025-09-08 00:07:23,439 [INFO] WiFi is working.
2025-09-08 00:07:39,465 [INFO] WiFi is working.
2025-09-08 00:07:55,498 [INFO] WiFi is working.
2025-09-08 00:08:11,525 [INFO] WiFi is working.
2025-09-08 00:08:27,557 [INFO] WiFi is working.
2025-09-08 00:08:43,586 [INFO] WiFi is working.
2025-09-08 00:08:59,612 [INFO] WiFi is working.
2025-09-08 00:09:15,638 [INFO] WiFi is working.
2025-09-08 00:09:31,664 [INFO] WiFi is working.
2025-09-08 00:09:47,697 [INFO] WiFi is working.
2025-09-08 00:10:03,723 [INFO] WiFi is working.
2025-09-08 00:10:19,747 [INFO] WiFi is working.
2025-09-08 00:10:35,773 [INFO] WiFi is working.
2025-09-08 00:10:51,803 [INFO] WiFi is working.
2025-09-08 00:11:07,834 [INFO] WiFi is working.
2025-09-08 00:11:23,863 [INFO] WiFi is working.
2025-09-08 00:11:39,889 [INFO] WiFi is working.
2025-09-08 00:11:55,915 [INFO] WiFi is working.
2025-09-08 00:12:11,944 [INFO] WiFi is working.
2025-09-08 00:12:27,969 [INFO] WiFi is working.
2025-09-08 00:12:43,995 [INFO] WiFi is working.
2025-09-08 00:13:00,021 [INFO] WiFi is working.
2025-09-08 00:13:16,048 [INFO] WiFi is working.
2025-09-08 00:13:32,079 [INFO] WiFi is working.
2025-09-08 00:13:48,105 [INFO] WiFi is working.
2025-09-08 00:14:04,127 [INFO] WiFi is working.
2025-09-08 00:14:20,153 [INFO] WiFi is working.
2025-09-08 00:14:36,179 [INFO] WiFi is working.
2025-09-08 00:14:52,205 [INFO] WiFi is working.
2025-09-08 00:15:08,230 [INFO] WiFi is working.
2025-09-08 00:15:24,253 [INFO] WiFi is working.
2025-09-08 00:15:40,279 [INFO] WiFi is working.
2025-09-08 00:15:56,320 [INFO] WiFi is working.
2025-09-08 00:16:12,345 [INFO] WiFi is working.
2025-09-08 00:16:28,371 [INFO] WiFi is working.
2025-09-08 00:16:44,400 [INFO] WiFi is working.
2025-09-08 00:17:00,426 [INFO] WiFi is working.
2025-09-08 00:17:16,452 [INFO] WiFi is working.
2025-09-08 00:17:32,483 [INFO] WiFi is working.
2025-09-08 00:17:48,510 [INFO] WiFi is working.
2025-09-08 00:18:14,540 [WARNING] WiFi down!
2025-09-08 00:18:14,540 [INFO] Enabling SIM800L mobile connection...
2025-09-08 00:18:30,568 [INFO] WiFi is working.
2025-09-08 00:18:30,568 [INFO] Disabling SIM800L mobile connection...
2025-09-08 00:18:30,628 [ERROR] Failed to stop PPP: Command '['sudo', 'poff']' returned non-zero exit status 1.
2025-09-08 00:18:46,653 [INFO] WiFi is working.
2025-09-08 00:19:02,680 [INFO] WiFi is working.
2025-09-08 00:19:18,710 [INFO] WiFi is working.
2025-09-08 00:19:34,735 [INFO] WiFi is working.
2025-09-08 00:19:50,766 [INFO] WiFi is working.
2025-09-08 00:20:06,792 [INFO] WiFi is working.
2025-09-08 00:20:22,818 [INFO] WiFi is working.
2025-09-08 00:20:38,847 [INFO] WiFi is working.
2025-09-08 00:20:54,874 [INFO] WiFi is working.
2025-09-08 00:21:10,903 [INFO] WiFi is working.
2025-09-08 00:21:26,930 [INFO] WiFi is working.
2025-09-08 00:21:42,955 [INFO] WiFi is working.
2025-09-08 00:21:58,982 [INFO] WiFi is working.
2025-09-08 00:22:15,010 [INFO] WiFi is working.
2025-09-08 00:22:31,036 [INFO] WiFi is working.
2025-09-08 00:22:47,059 [INFO] WiFi is working.
2025-09-08 00:23:13,093 [INFO] WiFi is working.
2025-09-08 00:23:29,120 [INFO] WiFi is working.
2025-09-08 00:23:45,146 [INFO] WiFi is working.
2025-09-08 00:24:01,172 [INFO] WiFi is working.
2025-09-08 00:24:17,200 [INFO] WiFi is working.
2025-09-08 00:24:33,227 [INFO] WiFi is working.
2025-09-08 00:24:49,254 [INFO] WiFi is working.
2025-09-08 00:25:06,263 [INFO] WiFi is working.
2025-09-08 00:25:22,290 [INFO] WiFi is working.
2025-09-08 00:25:38,316 [INFO] WiFi is working.
2025-09-08 00:25:54,343 [INFO] WiFi is working.
2025-09-08 00:26:10,379 [INFO] WiFi is working.
2025-09-08 00:26:26,407 [INFO] WiFi is working.
2025-09-08 00:26:42,443 [INFO] WiFi is working.
2025-09-08 00:26:58,473 [INFO] WiFi is working.
2025-09-08 00:27:14,498 [INFO] WiFi is working.
2025-09-08 00:27:30,524 [INFO] WiFi is working.
2025-09-08 00:27:46,553 [INFO] WiFi is working.
2025-09-08 00:28:02,582 [INFO] WiFi is working.
2025-09-08 00:28:18,611 [INFO] WiFi is working.
2025-09-08 00:28:34,637 [INFO] WiFi is working.
2025-09-08 00:28:50,665 [INFO] WiFi is working.
2025-09-08 00:29:06,694 [INFO] WiFi is working.
2025-09-08 00:29:22,724 [INFO] WiFi is working.
2025-09-08 00:29:38,751 [INFO] WiFi is working.
2025-09-08 00:29:54,780 [INFO] WiFi is working.
2025-09-08 00:30:10,807 [INFO] WiFi is working.
2025-09-08 00:30:26,835 [INFO] WiFi is working.
2025-09-08 00:30:42,860 [INFO] WiFi is working.
2025-09-08 00:30:58,886 [INFO] WiFi is working.
2025-09-08 00:31:14,913 [INFO] WiFi is working.
2025-09-08 00:31:30,941 [INFO] WiFi is working.
2025-09-08 00:31:46,967 [INFO] WiFi is working.
2025-09-08 00:32:02,994 [INFO] WiFi is working.
2025-09-08 00:32:19,021 [INFO] WiFi is working.
2025-09-08 00:32:35,053 [INFO] WiFi is working.
2025-09-08 00:32:51,081 [INFO] WiFi is working.
2025-09-08 00:33:07,108 [INFO] WiFi is working.
2025-09-08 00:33:23,135 [INFO] WiFi is working.
2025-09-08 00:33:39,160 [INFO] WiFi is working.
2025-09-08 00:33:55,190 [INFO] WiFi is working.
2025-09-08 00:34:11,220 [INFO] WiFi is working.
2025-09-08 00:34:27,246 [INFO] WiFi is working.
2025-09-08 00:34:43,271 [INFO] WiFi is working.
2025-09-08 00:34:59,298 [INFO] WiFi is working.
2025-09-08 00:35:15,325 [INFO] WiFi is working.
2025-09-08 00:35:32,334 [INFO] WiFi is working.
2025-09-08 00:35:48,359 [INFO] WiFi is working.
2025-09-08 00:36:04,387 [INFO] WiFi is working.
2025-09-08 00:36:20,415 [INFO] WiFi is working.
2025-09-08 00:36:36,441 [INFO] WiFi is working.
2025-09-08 00:36:52,467 [INFO] WiFi is working.
2025-09-08 00:37:08,495 [INFO] WiFi is working.
2025-09-08 00:37:24,525 [INFO] WiFi is working.
2025-09-08 00:37:40,550 [INFO] WiFi is working.
2025-09-08 00:37:56,576 [INFO] WiFi is working.
2025-09-08 00:38:12,602 [INFO] WiFi is working.
2025-09-08 00:38:28,628 [INFO] WiFi is working.
2025-09-08 00:38:44,655 [INFO] WiFi is working.
2025-09-08 00:39:00,682 [INFO] WiFi is working.
2025-09-08 00:39:16,708 [INFO] WiFi is working.
2025-09-08 00:39:32,734 [INFO] WiFi is working.
2025-09-08 00:39:48,763 [INFO] WiFi is working.
2025-09-08 00:40:04,788 [INFO] WiFi is working.
2025-09-08 00:40:20,814 [INFO] WiFi is working.
2025-09-08 00:40:36,840 [INFO] WiFi is working.
2025-09-08 00:40:52,864 [INFO] WiFi is working.
2025-09-08 00:41:08,894 [INFO] WiFi is working.
2025-09-08 00:41:24,922 [INFO] WiFi is working.
2025-09-08 00:41:40,953 [INFO] WiFi is working.
2025-09-08 00:41:56,980 [INFO] WiFi is working.
2025-09-08 00:42:13,007 [INFO] WiFi is working.
2025-09-08 00:42:29,032 [INFO] WiFi is working.
2025-09-08 00:42:45,058 [INFO] WiFi is working.
2025-09-08 00:43:01,084 [INFO] WiFi is working.
2025-09-08 00:43:17,111 [INFO] WiFi is working.
2025-09-08 00:43:33,137 [INFO] WiFi is working.
2025-09-08 00:43:49,169 [INFO] WiFi is working.
2025-09-08 00:44:05,196 [INFO] WiFi is working.
2025-09-08 00:44:21,223 [INFO] WiFi is working.
2025-09-08 00:44:37,250 [INFO] WiFi is working.
2025-09-08 00:44:53,276 [INFO] WiFi is working.
2025-09-08 00:45:09,322 [INFO] WiFi is working.
2025-09-08 00:45:25,348 [INFO] WiFi is working.
2025-09-08 00:45:41,375 [INFO] WiFi is working.
2025-09-08 00:45:57,402 [INFO] WiFi is working.
2025-09-08 00:46:13,428 [INFO] WiFi is working.
2025-09-08 00:46:29,454 [INFO] WiFi is working.
2025-09-08 00:46:45,480 [INFO] WiFi is working.
2025-09-08 00:47:01,506 [INFO] WiFi is working.
2025-09-08 00:47:17,532 [INFO] WiFi is working.
2025-09-08 00:47:33,558 [INFO] WiFi is working.
2025-09-08 00:47:49,583 [INFO] WiFi is working.
2025-09-08 00:48:05,622 [INFO] WiFi is working.
2025-09-08 00:48:21,649 [INFO] WiFi is working.
2025-09-08 00:48:37,678 [INFO] WiFi is working.
2025-09-08 00:48:53,704 [INFO] WiFi is working.
2025-09-08 00:49:09,730 [INFO] WiFi is working.
2025-09-08 00:49:25,758 [INFO] WiFi is working.
2025-09-08 00:49:41,785 [INFO] WiFi is working.
2025-09-08 00:49:57,813 [INFO] WiFi is working.
2025-09-08 00:50:13,839 [INFO] WiFi is working.
2025-09-08 00:50:29,864 [INFO] WiFi is working.
2025-09-08 00:50:45,896 [INFO] WiFi is working.
2025-09-08 00:51:01,921 [INFO] WiFi is working.
2025-09-08 00:51:17,948 [INFO] WiFi is working.
2025-09-08 00:51:33,976 [INFO] WiFi is working.
2025-09-08 00:51:50,002 [INFO] WiFi is working.
2025-09-08 00:52:06,028 [INFO] WiFi is working.
2025-09-08 00:52:22,054 [INFO] WiFi is working.
2025-09-08 00:52:38,080 [INFO] WiFi is working.
2025-09-08 00:52:54,109 [INFO] WiFi is working.
2025-09-08 00:53:10,133 [INFO] WiFi is working.
2025-09-08 00:53:26,159 [INFO] WiFi is working.
2025-09-08 00:53:42,185 [INFO] WiFi is working.
2025-09-08 00:53:58,212 [INFO] WiFi is working.
2025-09-08 00:54:14,238 [INFO] WiFi is working.
2025-09-08 00:54:30,266 [INFO] WiFi is working.
2025-09-08 00:54:46,292 [INFO] WiFi is working.
2025-09-08 00:55:02,319 [INFO] WiFi is working.
2025-09-08 00:55:18,345 [INFO] WiFi is working.
2025-09-08 00:55:34,372 [INFO] WiFi is working.
2025-09-08 00:55:50,398 [INFO] WiFi is working.
2025-09-08 00:56:06,424 [INFO] WiFi is working.
2025-09-08 00:56:22,450 [INFO] WiFi is working.
2025-09-08 00:56:38,476 [INFO] WiFi is working.
2025-09-08 00:56:54,502 [INFO] WiFi is working.
2025-09-08 00:57:10,529 [INFO] WiFi is working.
2025-09-08 00:57:26,555 [INFO] WiFi is working.
2025-09-08 00:57:42,582 [INFO] WiFi is working.
2025-09-08 00:57:58,609 [INFO] WiFi is working.
2025-09-08 00:58:14,670 [INFO] WiFi is working.
2025-09-08 00:58:30,696 [INFO] WiFi is working.
2025-09-08 00:58:46,723 [INFO] WiFi is working.
2025-09-08 00:59:02,750 [INFO] WiFi is working.
2025-09-08 00:59:18,776 [INFO] WiFi is working.
2025-09-08 00:59:34,802 [INFO] WiFi is working.
2025-09-08 00:59:50,829 [INFO] WiFi is working.
2025-09-08 01:00:06,855 [INFO] WiFi is working.
2025-09-08 01:00:22,881 [INFO] WiFi is working.
2025-09-08 01:00:38,907 [INFO] WiFi is working.
2025-09-08 01:00:54,935 [INFO] WiFi is working.
2025-09-08 01:01:10,961 [INFO] WiFi is working.
2025-09-08 01:01:26,988 [INFO] WiFi is working.
2025-09-08 01:01:43,014 [INFO] WiFi is working.
2025-09-08 01:01:59,040 [INFO] WiFi is working.
2025-09-08 01:02:15,066 [INFO] WiFi is working.
2025-09-08 01:02:31,093 [INFO] WiFi is working.
2025-09-08 01:02:47,127 [INFO] WiFi is working.
2025-09-08 01:03:03,153 [INFO] WiFi is working.
2025-09-08 01:03:19,179 [INFO] WiFi is working.
2025-09-08 01:03:35,205 [INFO] WiFi is working.
2025-09-08 01:03:51,232 [INFO] WiFi is working.
2025-09-08 01:04:07,260 [INFO] WiFi is working.
2025-09-08 01:04:23,286 [INFO] WiFi is working.
2025-09-08 01:04:39,315 [INFO] WiFi is working.
2025-09-08 01:04:55,342 [INFO] WiFi is working.
2025-09-08 01:05:11,368 [INFO] WiFi is working.
2025-09-08 01:05:27,393 [INFO] WiFi is working.
2025-09-08 01:05:43,419 [INFO] WiFi is working.
2025-09-08 01:05:59,444 [INFO] WiFi is working.
2025-09-08 01:06:15,471 [INFO] WiFi is working.
2025-09-08 01:06:31,496 [INFO] WiFi is working.
2025-09-08 01:06:47,523 [INFO] WiFi is working.
2025-09-08 01:07:03,550 [INFO] WiFi is working.
2025-09-08 01:07:19,576 [INFO] WiFi is working.
2025-09-08 01:07:35,603 [INFO] WiFi is working.
2025-09-08 01:07:51,629 [INFO] WiFi is working.
2025-09-08 01:08:07,654 [INFO] WiFi is working.
2025-09-08 01:08:23,681 [INFO] WiFi is working.
2025-09-08 01:08:39,706 [INFO] WiFi is working.
2025-09-08 01:08:55,733 [INFO] WiFi is working.
2025-09-08 01:09:11,761 [INFO] WiFi is working.
2025-09-08 01:09:27,805 [INFO] WiFi is working.
2025-09-08 01:09:43,831 [INFO] WiFi is working.
2025-09-08 01:09:59,857 [INFO] WiFi is working.
2025-09-08 01:10:15,906 [INFO] WiFi is working.
2025-09-08 01:10:31,931 [INFO] WiFi is working.
2025-09-08 01:10:47,957 [INFO] WiFi is working.
2025-09-08 01:11:03,983 [INFO] WiFi is working.
2025-09-08 01:11:20,010 [INFO] WiFi is working.
2025-09-08 01:11:36,047 [INFO] WiFi is working.
2025-09-08 01:11:52,078 [INFO] WiFi is working.
2025-09-08 01:12:08,105 [INFO] WiFi is working.
2025-09-08 01:12:34,117 [INFO] WiFi is working.
2025-09-08 01:12:50,143 [INFO] WiFi is working.
2025-09-08 01:13:06,175 [INFO] WiFi is working.
2025-09-08 01:13:22,202 [INFO] WiFi is working.
2025-09-08 01:13:38,229 [INFO] WiFi is working.
2025-09-08 01:13:54,256 [INFO] WiFi is working.
2025-09-08 01:14:10,282 [INFO] WiFi is working.
2025-09-08 01:14:26,308 [INFO] WiFi is working.
2025-09-08 01:14:42,335 [INFO] WiFi is working.
2025-09-08 01:14:58,361 [INFO] WiFi is working.
2025-09-08 01:15:14,388 [INFO] WiFi is working.
2025-09-08 01:15:30,413 [INFO] WiFi is working.
2025-09-08 01:15:46,440 [INFO] WiFi is working.
2025-09-08 01:16:02,489 [INFO] WiFi is working.
2025-09-08 01:16:18,515 [INFO] WiFi is working.
2025-09-08 01:16:34,541 [INFO] WiFi is working.
2025-09-08 01:16:50,567 [INFO] WiFi is working.
2025-09-08 01:17:06,593 [INFO] WiFi is working.
2025-09-08 01:17:22,620 [INFO] WiFi is working.
2025-09-08 01:17:48,645 [INFO] WiFi is working.
2025-09-08 01:18:05,655 [INFO] WiFi is working.
2025-09-08 01:18:21,681 [INFO] WiFi is working.
2025-09-08 01:18:37,707 [INFO] WiFi is working.
2025-09-08 01:18:53,733 [INFO] WiFi is working.
2025-09-08 01:19:09,759 [INFO] WiFi is working.
2025-09-08 01:19:25,787 [INFO] WiFi is working.
2025-09-08 01:19:41,814 [INFO] WiFi is working.
2025-09-08 01:19:57,839 [INFO] WiFi is working.
2025-09-08 01:20:13,865 [INFO] WiFi is working.
2025-09-08 01:20:29,891 [INFO] WiFi is working.
2025-09-08 01:20:45,917 [INFO] WiFi is working.
2025-09-08 01:21:01,943 [INFO] WiFi is working.
2025-09-08 01:21:17,970 [INFO] WiFi is working.
2025-09-08 01:21:34,009 [INFO] WiFi is working.
2025-09-08 01:21:50,037 [INFO] WiFi is working.
2025-09-08 01:22:06,078 [INFO] WiFi is working.
2025-09-08 01:22:22,103 [INFO] WiFi is working.
2025-09-08 01:22:38,130 [INFO] WiFi is working.
2025-09-08 01:22:54,156 [INFO] WiFi is working.
2025-09-08 01:23:10,184 [INFO] WiFi is working.
2025-09-08 01:23:26,216 [INFO] WiFi is working.
2025-09-08 01:23:42,244 [INFO] WiFi is working.
2025-09-08 01:23:58,270 [INFO] WiFi is working.
2025-09-08 01:24:14,297 [INFO] WiFi is working.
2025-09-08 01:24:30,323 [INFO] WiFi is working.
2025-09-08 01:24:46,349 [INFO] WiFi is working.
2025-09-08 01:25:02,411 [INFO] WiFi is working.
2025-09-08 01:25:18,437 [INFO] WiFi is working.
2025-09-08 01:25:35,445 [INFO] WiFi is working.
2025-09-08 01:25:51,472 [INFO] WiFi is working.
2025-09-08 01:26:07,498 [INFO] WiFi is working.
2025-09-08 01:26:23,541 [INFO] WiFi is working.
2025-09-08 01:26:39,566 [INFO] WiFi is working.
2025-09-08 01:26:55,592 [INFO] WiFi is working.
2025-09-08 01:27:11,625 [INFO] WiFi is working.
2025-09-08 01:27:27,652 [INFO] WiFi is working.
2025-09-08 01:27:43,677 [INFO] WiFi is working.
2025-09-08 01:27:59,704 [INFO] WiFi is working.
2025-09-08 01:28:15,731 [INFO] WiFi is working.
2025-09-08 01:28:31,756 [INFO] WiFi is working.
2025-09-08 01:28:47,784 [INFO] WiFi is working.
2025-09-08 01:29:03,825 [INFO] WiFi is working.
2025-09-08 01:29:19,852 [INFO] WiFi is working.
2025-09-08 01:29:35,877 [INFO] WiFi is working.
2025-09-08 01:29:51,904 [INFO] WiFi is working.
2025-09-08 01:30:07,930 [INFO] WiFi is working.
2025-09-08 01:30:23,957 [INFO] WiFi is working.
2025-09-08 01:30:39,992 [INFO] WiFi is working.
2025-09-08 01:30:56,028 [INFO] WiFi is working.
2025-09-08 01:31:12,054 [INFO] WiFi is working.
2025-09-08 01:31:28,080 [INFO] WiFi is working.
2025-09-08 01:31:44,107 [INFO] WiFi is working.
2025-09-08 01:32:00,133 [INFO] WiFi is working.
2025-09-08 01:32:16,185 [INFO] WiFi is working.
2025-09-08 01:32:42,213 [INFO] WiFi is working.
2025-09-08 01:32:58,240 [INFO] WiFi is working.
2025-09-08 01:33:14,273 [INFO] WiFi is working.
2025-09-08 01:33:30,302 [INFO] WiFi is working.
2025-09-08 01:33:46,330 [INFO] WiFi is working.
2025-09-08 01:34:02,356 [INFO] WiFi is working.
2025-09-08 01:34:18,383 [INFO] WiFi is working.
2025-09-08 01:34:34,422 [INFO] WiFi is working.
2025-09-08 01:34:50,448 [INFO] WiFi is working.
2025-09-08 01:35:06,474 [INFO] WiFi is working.
2025-09-08 01:35:22,500 [INFO] WiFi is working.
2025-09-08 01:35:38,526 [INFO] WiFi is working.
2025-09-08 01:35:54,553 [INFO] WiFi is working.
2025-09-08 01:36:10,580 [INFO] WiFi is working.
2025-09-08 01:36:26,607 [INFO] WiFi is working.
2025-09-08 01:36:42,634 [INFO] WiFi is working.
2025-09-08 01:36:58,671 [INFO] WiFi is working.
2025-09-08 01:37:14,698 [INFO] WiFi is working.
2025-09-08 01:37:30,724 [INFO] WiFi is working.
2025-09-08 01:37:46,749 [INFO] WiFi is working.
2025-09-08 01:38:02,776 [INFO] WiFi is working.
2025-09-08 01:38:18,802 [INFO] WiFi is working.
2025-09-08 01:38:34,827 [INFO] WiFi is working.
2025-09-08 01:38:50,854 [INFO] WiFi is working.
2025-09-08 01:39:06,885 [INFO] WiFi is working.
2025-09-08 01:39:22,912 [INFO] WiFi is working.
2025-09-08 01:39:38,939 [INFO] WiFi is working.
2025-09-08 01:39:54,970 [INFO] WiFi is working.
2025-09-08 01:40:11,001 [INFO] WiFi is working.
2025-09-08 01:40:27,032 [INFO] WiFi is working.
2025-09-08 01:40:43,058 [INFO] WiFi is working.
2025-09-08 01:40:59,083 [INFO] WiFi is working.
2025-09-08 01:41:15,110 [INFO] WiFi is working.
2025-09-08 01:41:31,136 [INFO] WiFi is working.
2025-09-08 01:41:47,166 [INFO] WiFi is working.
2025-09-08 01:42:03,193 [INFO] WiFi is working.
2025-09-08 01:42:19,219 [INFO] WiFi is working.
2025-09-08 01:42:35,247 [INFO] WiFi is working.
2025-09-08 01:42:51,273 [INFO] WiFi is working.
2025-09-08 01:43:07,304 [INFO] WiFi is working.
2025-09-08 01:43:23,329 [INFO] WiFi is working.
2025-09-08 01:43:39,355 [INFO] WiFi is working.
2025-09-08 01:43:55,382 [INFO] WiFi is working.
2025-09-08 01:44:11,407 [INFO] WiFi is working.
2025-09-08 01:44:27,434 [INFO] WiFi is working.
2025-09-08 01:44:43,459 [INFO] WiFi is working.
2025-09-08 01:44:59,484 [INFO] WiFi is working.
2025-09-08 01:45:15,511 [INFO] WiFi is working.
2025-09-08 01:45:31,538 [INFO] WiFi is working.
2025-09-08 01:45:47,564 [INFO] WiFi is working.
2025-09-08 01:46:03,591 [INFO] WiFi is working.
2025-09-08 01:46:19,618 [INFO] WiFi is working.
2025-09-08 01:46:35,643 [INFO] WiFi is working.
2025-09-08 01:46:51,670 [INFO] WiFi is working.
2025-09-08 01:47:07,696 [INFO] WiFi is working.
2025-09-08 01:47:23,722 [INFO] WiFi is working.
2025-09-08 01:47:39,747 [INFO] WiFi is working.
2025-09-08 01:47:55,772 [INFO] WiFi is working.
2025-09-08 01:48:11,812 [INFO] WiFi is working.
2025-09-08 01:48:27,838 [INFO] WiFi is working.
2025-09-08 01:48:43,864 [INFO] WiFi is working.
2025-09-08 01:48:59,890 [INFO] WiFi is working.
2025-09-08 01:49:15,916 [INFO] WiFi is working.
2025-09-08 01:49:31,942 [INFO] WiFi is working.
2025-09-08 01:49:47,968 [INFO] WiFi is working.
2025-09-08 01:50:03,996 [INFO] WiFi is working.
2025-09-08 01:50:20,022 [INFO] WiFi is working.
2025-09-08 01:50:36,050 [INFO] WiFi is working.
2025-09-08 01:51:02,085 [INFO] WiFi is working.
2025-09-08 01:51:18,127 [INFO] WiFi is working.
2025-09-08 01:51:34,180 [INFO] WiFi is working.
2025-09-08 01:51:50,207 [INFO] WiFi is working.
2025-09-08 01:52:06,247 [INFO] WiFi is working.
2025-09-08 01:52:22,280 [INFO] WiFi is working.
2025-09-08 01:52:38,306 [INFO] WiFi is working.
2025-09-08 01:52:54,332 [INFO] WiFi is working.
2025-09-08 01:53:10,358 [INFO] WiFi is working.
2025-09-08 01:53:26,390 [INFO] WiFi is working.
2025-09-08 01:53:42,416 [INFO] WiFi is working.
2025-09-08 01:53:58,442 [INFO] WiFi is working.
2025-09-08 01:54:14,468 [INFO] WiFi is working.
2025-09-08 01:54:30,494 [INFO] WiFi is working.
2025-09-08 01:54:46,523 [INFO] WiFi is working.
2025-09-08 01:55:02,549 [INFO] WiFi is working.
2025-09-08 01:55:18,575 [INFO] WiFi is working.
2025-09-08 01:55:34,602 [INFO] WiFi is working.
2025-09-08 01:55:50,631 [INFO] WiFi is working.
2025-09-08 01:56:06,658 [INFO] WiFi is working.
2025-09-08 01:56:22,685 [INFO] WiFi is working.
2025-09-08 01:56:38,711 [INFO] WiFi is working.
2025-09-08 01:56:54,738 [INFO] WiFi is working.
2025-09-08 01:57:10,765 [INFO] WiFi is working.
2025-09-08 01:57:26,791 [INFO] WiFi is working.
2025-09-08 01:57:42,817 [INFO] WiFi is working.
2025-09-08 01:57:58,844 [INFO] WiFi is working.
2025-09-08 01:58:14,869 [INFO] WiFi is working.
2025-09-08 01:58:30,896 [INFO] WiFi is working.
2025-09-08 01:58:46,922 [INFO] WiFi is working.
2025-09-08 01:59:02,947 [INFO] WiFi is working.
2025-09-08 01:59:18,973 [INFO] WiFi is working.
2025-09-08 01:59:34,999 [INFO] WiFi is working.
2025-09-08 01:59:51,039 [INFO] WiFi is working.
2025-09-08 02:00:17,061 [INFO] WiFi is working.
2025-09-08 02:00:33,087 [INFO] WiFi is working.
2025-09-08 02:00:49,113 [INFO] WiFi is working.
2025-09-08 02:01:05,139 [INFO] WiFi is working.
2025-09-08 02:01:21,165 [INFO] WiFi is working.
2025-09-08 02:01:37,192 [INFO] WiFi is working.
2025-09-08 02:01:53,218 [INFO] WiFi is working.
2025-09-08 02:02:09,245 [INFO] WiFi is working.
2025-09-08 02:02:25,270 [INFO] WiFi is working.
2025-09-08 02:02:41,296 [INFO] WiFi is working.
2025-09-08 02:02:57,321 [INFO] WiFi is working.
2025-09-08 02:03:13,348 [INFO] WiFi is working.
2025-09-08 02:03:29,375 [INFO] WiFi is working.
2025-09-08 02:03:45,401 [INFO] WiFi is working.
2025-09-08 02:04:01,436 [INFO] WiFi is working.
2025-09-08 02:04:17,517 [INFO] WiFi is working.
2025-09-08 02:04:33,544 [INFO] WiFi is working.
2025-09-08 02:04:49,570 [INFO] WiFi is working.
2025-09-08 02:05:05,626 [INFO] WiFi is working.
2025-09-08 02:05:21,654 [INFO] WiFi is working.
2025-09-08 02:05:37,687 [INFO] WiFi is working.
2025-09-08 02:05:53,714 [INFO] WiFi is working.
2025-09-08 02:06:09,740 [INFO] WiFi is working.
2025-09-08 02:06:25,766 [INFO] WiFi is working.
2025-09-08 02:06:41,793 [INFO] WiFi is working.
2025-09-08 02:06:57,824 [INFO] WiFi is working.
2025-09-08 02:07:13,851 [INFO] WiFi is working.
2025-09-08 02:07:29,878 [INFO] WiFi is working.
2025-09-08 02:07:45,904 [INFO] WiFi is working.
2025-09-08 02:08:01,931 [INFO] WiFi is working.
2025-09-08 02:08:17,958 [INFO] WiFi is working.
2025-09-08 02:08:33,983 [INFO] WiFi is working.
2025-09-08 02:08:50,009 [INFO] WiFi is working.
2025-09-08 02:09:06,048 [INFO] WiFi is working.
2025-09-08 02:09:22,075 [INFO] WiFi is working.
2025-09-08 02:09:38,102 [INFO] WiFi is working.
2025-09-08 02:09:54,128 [INFO] WiFi is working.
2025-09-08 02:10:10,161 [INFO] WiFi is working.
2025-09-08 02:10:26,187 [INFO] WiFi is working.
2025-09-08 02:10:42,213 [INFO] WiFi is working.
2025-09-08 02:10:58,240 [INFO] WiFi is working.
2025-09-08 02:11:14,267 [INFO] WiFi is working.
2025-09-08 02:11:30,294 [INFO] WiFi is working.
2025-09-08 02:11:46,320 [INFO] WiFi is working.
2025-09-08 02:12:02,347 [INFO] WiFi is working.
2025-09-08 02:12:18,373 [INFO] WiFi is working.
2025-09-08 02:12:34,416 [INFO] WiFi is working.
2025-09-08 02:12:50,443 [INFO] WiFi is working.
2025-09-08 02:13:06,497 [INFO] WiFi is working.
2025-09-08 02:13:32,517 [INFO] WiFi is working.
2025-09-08 02:13:48,543 [INFO] WiFi is working.
2025-09-08 02:14:04,596 [INFO] WiFi is working.
2025-09-08 02:14:20,623 [INFO] WiFi is working.
2025-09-08 02:14:36,648 [INFO] WiFi is working.
2025-09-08 02:14:53,657 [INFO] WiFi is working.
2025-09-08 02:15:09,679 [INFO] WiFi is working.
2025-09-08 02:15:25,704 [INFO] WiFi is working.
2025-09-08 02:15:41,730 [INFO] WiFi is working.
2025-09-08 02:15:57,757 [INFO] WiFi is working.
2025-09-08 02:16:13,794 [INFO] WiFi is working.
2025-09-08 02:16:29,827 [INFO] WiFi is working.
2025-09-08 02:16:45,861 [INFO] WiFi is working.
2025-09-08 02:17:01,893 [INFO] WiFi is working.
2025-09-08 02:17:17,926 [INFO] WiFi is working.
2025-09-08 02:17:33,953 [INFO] WiFi is working.
2025-09-08 02:17:49,980 [INFO] WiFi is working.
2025-09-08 02:18:06,007 [INFO] WiFi is working.
2025-09-08 02:18:22,042 [INFO] WiFi is working.
2025-09-08 02:18:38,076 [INFO] WiFi is working.
2025-09-08 02:18:54,102 [INFO] WiFi is working.
2025-09-08 02:19:10,125 [INFO] WiFi is working.
2025-09-08 02:19:26,151 [INFO] WiFi is working.
2025-09-08 02:19:42,175 [INFO] WiFi is working.
2025-09-08 02:19:58,201 [INFO] WiFi is working.
2025-09-08 02:20:14,228 [INFO] WiFi is working.
2025-09-08 02:20:30,257 [INFO] WiFi is working.
2025-09-08 02:20:46,284 [INFO] WiFi is working.
2025-09-08 02:21:02,324 [INFO] WiFi is working.
2025-09-08 02:21:18,357 [INFO] WiFi is working.
2025-09-08 02:21:34,384 [INFO] WiFi is working.
2025-09-08 02:21:50,410 [INFO] WiFi is working.
2025-09-08 02:22:06,438 [INFO] WiFi is working.
2025-09-08 02:22:22,463 [INFO] WiFi is working.
2025-09-08 02:22:38,490 [INFO] WiFi is working.
2025-09-08 02:22:54,521 [INFO] WiFi is working.
2025-09-08 02:23:10,548 [INFO] WiFi is working.
2025-09-08 02:23:26,583 [INFO] WiFi is working.
2025-09-08 02:23:42,610 [INFO] WiFi is working.
2025-09-08 02:23:58,632 [INFO] WiFi is working.
2025-09-08 02:24:14,658 [INFO] WiFi is working.
2025-09-08 02:24:30,685 [INFO] WiFi is working.
2025-09-08 02:24:46,716 [INFO] WiFi is working.
2025-09-08 02:25:02,743 [INFO] WiFi is working.
2025-09-08 02:25:18,770 [INFO] WiFi is working.
2025-09-08 02:25:34,803 [INFO] WiFi is working.
2025-09-08 02:25:50,838 [INFO] WiFi is working.
2025-09-08 02:26:07,058 [INFO] WiFi is working.
2025-09-08 02:26:23,080 [INFO] WiFi is working.
2025-09-08 02:26:39,103 [INFO] WiFi is working.
2025-09-08 02:26:55,136 [INFO] WiFi is working.
2025-09-08 02:27:11,171 [INFO] WiFi is working.
2025-09-08 02:27:27,202 [INFO] WiFi is working.
2025-09-08 02:27:43,236 [INFO] WiFi is working.
2025-09-08 02:27:59,263 [INFO] WiFi is working.
2025-09-08 02:28:15,290 [INFO] WiFi is working.
2025-09-08 02:28:31,318 [INFO] WiFi is working.
2025-09-08 02:28:47,344 [INFO] WiFi is working.
2025-09-08 02:29:03,370 [INFO] WiFi is working.
2025-09-08 02:29:19,396 [INFO] WiFi is working.
2025-09-08 02:29:35,423 [INFO] WiFi is working.
2025-09-08 02:29:51,450 [INFO] WiFi is working.
2025-09-08 02:30:07,482 [INFO] WiFi is working.
2025-09-08 02:30:23,508 [INFO] WiFi is working.
2025-09-08 02:30:39,549 [INFO] WiFi is working.
2025-09-08 02:30:55,583 [INFO] WiFi is working.
2025-09-08 02:31:11,610 [INFO] WiFi is working.
2025-09-08 02:31:27,653 [INFO] WiFi is working.
2025-09-08 02:31:43,683 [INFO] WiFi is working.
2025-09-08 02:31:59,716 [INFO] WiFi is working.
2025-09-08 02:32:15,750 [INFO] WiFi is working.
2025-09-08 02:32:31,776 [INFO] WiFi is working.
2025-09-08 02:32:47,802 [INFO] WiFi is working.
2025-09-08 02:33:03,829 [INFO] WiFi is working.
2025-09-08 02:33:19,867 [INFO] WiFi is working.
2025-09-08 02:33:35,900 [INFO] WiFi is working.
2025-09-08 02:33:51,927 [INFO] WiFi is working.
2025-09-08 02:34:17,957 [INFO] WiFi is working.
2025-09-08 02:34:34,011 [INFO] WiFi is working.
2025-09-08 02:34:50,038 [INFO] WiFi is working.
2025-09-08 02:35:06,081 [INFO] WiFi is working.
2025-09-08 02:35:22,107 [INFO] WiFi is working.
2025-09-08 02:35:38,134 [INFO] WiFi is working.
2025-09-08 02:35:54,163 [INFO] WiFi is working.
2025-09-08 02:36:10,198 [INFO] WiFi is working.
2025-09-08 02:36:26,224 [INFO] WiFi is working.
2025-09-08 02:36:42,246 [INFO] WiFi is working.
2025-09-08 02:36:58,273 [INFO] WiFi is working.
2025-09-08 02:37:14,314 [INFO] WiFi is working.
2025-09-08 02:37:30,348 [INFO] WiFi is working.
2025-09-08 02:37:46,378 [INFO] WiFi is working.
2025-09-08 02:38:02,411 [INFO] WiFi is working.
2025-09-08 02:38:18,438 [INFO] WiFi is working.
2025-09-08 02:38:35,446 [INFO] WiFi is working.
2025-09-08 02:38:51,504 [INFO] WiFi is working.
2025-09-08 02:39:07,543 [INFO] WiFi is working.
2025-09-08 02:39:23,579 [INFO] WiFi is working.
2025-09-08 02:39:39,604 [INFO] WiFi is working.
2025-09-08 02:39:55,643 [INFO] WiFi is working.
2025-09-08 02:40:11,670 [INFO] WiFi is working.
2025-09-08 02:40:27,697 [INFO] WiFi is working.
2025-09-08 02:40:43,723 [INFO] WiFi is working.
2025-09-08 02:40:59,750 [INFO] WiFi is working.
2025-09-08 02:41:15,776 [INFO] WiFi is working.
2025-09-08 02:41:41,797 [INFO] WiFi is working.
2025-09-08 02:41:57,825 [INFO] WiFi is working.
2025-09-08 02:42:13,859 [INFO] WiFi is working.
2025-09-08 02:42:29,886 [INFO] WiFi is working.
2025-09-08 02:42:45,913 [INFO] WiFi is working.
2025-09-08 02:43:01,943 [INFO] WiFi is working.
2025-09-08 02:43:17,971 [INFO] WiFi is working.
2025-09-08 02:43:34,009 [INFO] WiFi is working.
2025-09-08 02:43:50,042 [INFO] WiFi is working.
2025-09-08 02:44:06,074 [INFO] WiFi is working.
2025-09-08 02:44:22,101 [INFO] WiFi is working.
2025-09-08 02:44:48,133 [INFO] WiFi is working.
2025-09-08 02:45:04,160 [INFO] WiFi is working.
2025-09-08 02:45:20,189 [INFO] WiFi is working.
2025-09-08 02:45:36,215 [INFO] WiFi is working.
2025-09-08 02:45:52,237 [INFO] WiFi is working.
2025-09-08 02:46:08,268 [INFO] WiFi is working.
2025-09-08 02:46:24,304 [INFO] WiFi is working.
2025-09-08 02:46:40,331 [INFO] WiFi is working.
2025-09-08 02:46:56,372 [INFO] WiFi is working.
2025-09-08 02:47:12,406 [INFO] WiFi is working.
2025-09-08 02:47:28,438 [INFO] WiFi is working.
2025-09-08 02:47:44,472 [INFO] WiFi is working.
2025-09-08 02:48:00,505 [INFO] WiFi is working.
2025-09-08 02:48:16,538 [INFO] WiFi is working.
2025-09-08 02:48:42,565 [INFO] WiFi is working.
2025-09-08 02:48:58,605 [INFO] WiFi is working.
2025-09-08 02:49:14,638 [INFO] WiFi is working.
2025-09-08 02:49:30,666 [INFO] WiFi is working.
2025-09-08 02:49:46,701 [INFO] WiFi is working.
2025-09-08 02:50:02,728 [INFO] WiFi is working.
2025-09-08 02:50:18,752 [INFO] WiFi is working.
2025-09-08 02:50:44,773 [INFO] WiFi is working.
2025-09-08 02:51:00,800 [INFO] WiFi is working.
2025-09-08 02:51:16,840 [INFO] WiFi is working.
2025-09-08 02:51:32,869 [INFO] WiFi is working.
2025-09-08 02:51:48,901 [INFO] WiFi is working.
2025-09-08 02:52:04,926 [INFO] WiFi is working.
2025-09-08 02:52:20,949 [INFO] WiFi is working.
2025-09-08 02:52:36,980 [INFO] WiFi is working.
2025-09-08 02:52:53,005 [INFO] WiFi is working.
2025-09-08 02:53:09,031 [INFO] WiFi is working.
2025-09-08 02:53:25,068 [INFO] WiFi is working.
2025-09-08 02:53:41,094 [INFO] WiFi is working.
2025-09-08 02:53:57,144 [INFO] WiFi is working.
2025-09-08 02:54:13,171 [INFO] WiFi is working.
2025-09-08 02:54:29,200 [INFO] WiFi is working.
2025-09-08 02:54:45,226 [INFO] WiFi is working.
2025-09-08 02:55:01,266 [INFO] WiFi is working.
2025-09-08 02:55:17,299 [INFO] WiFi is working.
2025-09-08 02:55:33,332 [INFO] WiFi is working.
2025-09-08 02:55:49,364 [INFO] WiFi is working.
2025-09-08 02:56:05,397 [INFO] WiFi is working.
2025-09-08 02:56:21,416 [INFO] WiFi is working.
2025-09-08 02:56:37,442 [INFO] WiFi is working.
2025-09-08 02:56:53,481 [INFO] WiFi is working.
2025-09-08 02:57:09,514 [INFO] WiFi is working.
2025-09-08 02:57:25,540 [INFO] WiFi is working.
2025-09-08 02:57:41,580 [INFO] WiFi is working.
2025-09-08 02:57:57,603 [INFO] WiFi is working.
2025-09-08 02:58:13,630 [INFO] WiFi is working.
2025-09-08 02:58:29,664 [INFO] WiFi is working.
2025-09-08 02:58:45,687 [INFO] WiFi is working.
2025-09-08 02:59:01,714 [INFO] WiFi is working.
2025-09-08 02:59:17,747 [INFO] WiFi is working.
2025-09-08 02:59:33,780 [INFO] WiFi is working.
2025-09-08 02:59:49,813 [INFO] WiFi is working.
2025-09-08 03:00:05,846 [INFO] WiFi is working.
2025-09-08 03:00:21,879 [INFO] WiFi is working.
2025-09-08 03:00:47,909 [INFO] WiFi is working.
2025-09-08 03:01:03,952 [INFO] WiFi is working.
2025-09-08 03:01:19,979 [INFO] WiFi is working.
2025-09-08 03:01:36,008 [INFO] WiFi is working.
2025-09-08 03:01:52,045 [INFO] WiFi is working.
2025-09-08 03:02:08,071 [INFO] WiFi is working.
2025-09-08 03:02:24,111 [INFO] WiFi is working.
2025-09-08 03:02:40,144 [INFO] WiFi is working.
2025-09-08 03:02:56,171 [INFO] WiFi is working.
2025-09-08 03:03:12,193 [INFO] WiFi is working.
2025-09-08 03:03:28,214 [INFO] WiFi is working.
2025-09-08 03:03:43,451 [INFO] WiFi is working.
2025-09-08 03:03:59,483 [INFO] WiFi is working.
2025-09-08 03:04:15,506 [INFO] WiFi is working.
2025-09-08 03:04:31,536 [INFO] WiFi is working.
2025-09-08 03:04:47,566 [INFO] WiFi is working.
2025-09-08 03:05:03,590 [INFO] WiFi is working.
2025-09-08 03:05:19,625 [INFO] WiFi is working.
2025-09-08 03:05:51,377 [INFO] WiFi is working.
2025-09-08 03:06:07,400 [INFO] WiFi is working.
2025-09-08 03:06:23,429 [INFO] WiFi is working.
2025-09-08 03:06:39,828 [INFO] WiFi is working.
2025-09-08 03:06:55,855 [INFO] WiFi is working.
2025-09-08 03:07:11,886 [INFO] WiFi is working.
2025-09-08 03:07:27,913 [INFO] WiFi is working.
2025-09-08 03:07:43,939 [INFO] WiFi is working.
2025-09-08 03:07:59,964 [INFO] WiFi is working.
2025-09-08 03:08:15,993 [INFO] WiFi is working.
2025-09-08 03:08:32,027 [INFO] WiFi is working.
2025-09-08 03:08:48,053 [INFO] WiFi is working.
2025-09-08 03:09:04,075 [INFO] WiFi is working.
2025-09-08 03:09:20,102 [INFO] WiFi is working.
2025-09-08 03:09:36,152 [INFO] WiFi is working.
2025-09-08 03:09:52,178 [INFO] WiFi is working.
2025-09-08 03:10:08,209 [INFO] WiFi is working.
2025-09-08 03:10:24,245 [INFO] WiFi is working.
2025-09-08 03:10:40,271 [INFO] WiFi is working.
2025-09-08 03:10:56,296 [INFO] WiFi is working.
2025-09-08 03:11:12,320 [INFO] WiFi is working.
2025-09-08 03:11:28,347 [INFO] WiFi is working.
2025-09-08 03:11:44,377 [INFO] WiFi is working.
2025-09-08 03:12:00,409 [INFO] WiFi is working.
2025-09-08 03:12:16,435 [INFO] WiFi is working.
2025-09-08 03:12:32,458 [INFO] WiFi is working.
2025-09-08 03:12:48,484 [INFO] WiFi is working.
2025-09-08 03:13:04,510 [INFO] WiFi is working.
2025-09-08 03:13:20,537 [INFO] WiFi is working.
2025-09-08 03:13:36,563 [INFO] WiFi is working.
2025-09-08 03:13:52,590 [INFO] WiFi is working.
2025-09-08 03:14:08,621 [INFO] WiFi is working.
2025-09-08 03:14:24,647 [INFO] WiFi is working.
2025-09-08 03:14:40,689 [INFO] WiFi is working.
2025-09-08 03:14:56,715 [INFO] WiFi is working.
2025-09-08 03:15:12,741 [INFO] WiFi is working.
2025-09-08 03:15:28,767 [INFO] WiFi is working.
2025-09-08 03:15:44,805 [INFO] WiFi is working.
2025-09-08 03:16:00,838 [INFO] WiFi is working.
2025-09-08 03:16:16,866 [INFO] WiFi is working.
2025-09-08 03:16:32,904 [INFO] WiFi is working.
2025-09-08 03:16:48,928 [INFO] WiFi is working.
2025-09-08 03:17:04,955 [INFO] WiFi is working.
2025-09-08 03:17:20,987 [INFO] WiFi is working.
2025-09-08 03:17:37,013 [INFO] WiFi is working.
2025-09-08 03:17:53,040 [INFO] WiFi is working.
2025-09-08 03:18:09,068 [INFO] WiFi is working.
2025-09-08 03:18:25,094 [INFO] WiFi is working.
2025-09-08 03:18:41,124 [INFO] WiFi is working.
2025-09-08 03:18:57,156 [INFO] WiFi is working.
2025-09-08 03:19:13,181 [INFO] WiFi is working.
2025-09-08 03:19:29,207 [INFO] WiFi is working.
2025-09-08 03:19:45,233 [INFO] WiFi is working.
2025-09-08 03:20:01,267 [INFO] WiFi is working.
2025-09-08 03:20:17,301 [INFO] WiFi is working.
2025-09-08 03:20:33,335 [INFO] WiFi is working.
2025-09-08 03:20:49,367 [INFO] WiFi is working.
2025-09-08 03:21:05,399 [INFO] WiFi is working.
2025-09-08 03:21:21,426 [INFO] WiFi is working.
2025-09-08 03:21:37,449 [INFO] WiFi is working.
2025-09-08 03:21:53,476 [INFO] WiFi is working.
2025-09-08 03:22:09,513 [INFO] WiFi is working.
2025-09-08 03:22:25,539 [INFO] WiFi is working.
2025-09-08 03:22:41,565 [INFO] WiFi is working.
2025-09-08 03:22:57,591 [INFO] WiFi is working.
2025-09-08 03:23:13,633 [INFO] WiFi is working.
2025-09-08 03:23:29,668 [INFO] WiFi is working.
2025-09-08 03:23:45,700 [INFO] WiFi is working.
2025-09-08 03:24:01,735 [INFO] WiFi is working.
2025-09-08 03:24:17,763 [INFO] WiFi is working.
2025-09-08 03:24:33,789 [INFO] WiFi is working.
2025-09-08 03:24:49,815 [INFO] WiFi is working.
2025-09-08 03:25:05,843 [INFO] WiFi is working.
2025-09-08 03:25:21,869 [INFO] WiFi is working.
2025-09-08 03:25:37,894 [INFO] WiFi is working.
2025-09-08 03:25:53,936 [INFO] WiFi is working.
2025-09-08 03:26:09,965 [INFO] WiFi is working.
2025-09-08 03:26:26,002 [INFO] WiFi is working.
2025-09-08 03:26:42,029 [INFO] WiFi is working.
2025-09-08 03:26:58,056 [INFO] WiFi is working.
2025-09-08 03:27:14,081 [INFO] WiFi is working.
2025-09-08 03:27:30,108 [INFO] WiFi is working.
2025-09-08 03:27:46,135 [INFO] WiFi is working.
2025-09-08 03:28:02,161 [INFO] WiFi is working.
2025-09-08 03:28:18,188 [INFO] WiFi is working.
2025-09-08 03:28:34,219 [INFO] WiFi is working.
2025-09-08 03:28:50,245 [INFO] WiFi is working.
2025-09-08 03:29:06,286 [INFO] WiFi is working.
2025-09-08 03:29:22,313 [INFO] WiFi is working.
2025-09-08 03:29:38,339 [INFO] WiFi is working.
2025-09-08 03:29:54,365 [INFO] WiFi is working.
2025-09-08 03:30:10,404 [INFO] WiFi is working.
2025-09-08 03:30:26,430 [INFO] WiFi is working.
2025-09-08 03:30:42,457 [INFO] WiFi is working.
2025-09-08 03:31:14,498 [INFO] WiFi is working.
2025-09-08 03:31:30,523 [INFO] WiFi is working.
2025-09-09 18:43:15,385 [INFO] WiFi is working.
2025-09-09 18:43:41,406 [INFO] WiFi is working.
2025-09-09 18:43:57,430 [INFO] WiFi is working.
2025-09-09 18:44:13,454 [INFO] WiFi is working.
2025-09-09 18:44:29,478 [INFO] WiFi is working.
2025-09-09 18:44:45,502 [INFO] WiFi is working.
2025-09-09 18:45:01,526 [INFO] WiFi is working.
2025-09-09 18:45:17,550 [INFO] WiFi is working.
2025-09-09 18:45:33,573 [INFO] WiFi is working.
2025-09-09 18:45:49,597 [INFO] WiFi is working.
2025-09-09 18:46:05,620 [INFO] WiFi is working.
2025-09-09 18:46:21,644 [INFO] WiFi is working.
2025-09-09 18:46:47,678 [INFO] WiFi is working.
2025-09-09 18:47:03,702 [INFO] WiFi is working.
2025-09-09 18:47:19,726 [INFO] WiFi is working.
2025-09-09 18:47:35,748 [INFO] WiFi is working.
2025-09-09 18:47:51,772 [INFO] WiFi is working.
2025-09-09 18:48:07,796 [INFO] WiFi is working.
2025-09-09 18:48:23,819 [INFO] WiFi is working.
2025-09-09 18:48:39,845 [INFO] WiFi is working.
2025-09-09 18:48:55,868 [INFO] WiFi is working.
2025-09-09 18:49:11,892 [INFO] WiFi is working.
2025-09-09 18:49:27,917 [INFO] WiFi is working.
2025-09-09 18:49:43,933 [INFO] WiFi is working.
2025-09-09 18:49:59,952 [INFO] WiFi is working.
2025-09-09 18:50:15,977 [INFO] WiFi is working.
2025-09-09 18:50:32,005 [INFO] WiFi is working.
2025-09-09 18:50:48,029 [INFO] WiFi is working.
2025-09-09 18:51:04,054 [INFO] WiFi is working.
2025-09-09 18:51:20,077 [INFO] WiFi is working.
2025-09-09 18:51:36,101 [INFO] WiFi is working.
2025-09-09 18:51:52,134 [INFO] WiFi is working.
2025-09-09 18:52:08,158 [INFO] WiFi is working.
2025-09-09 18:52:24,184 [INFO] WiFi is working.
2025-09-09 18:52:40,209 [INFO] WiFi is working.
2025-09-09 18:52:56,239 [INFO] WiFi is working.
2025-09-09 18:53:12,268 [INFO] WiFi is working.
2025-09-09 18:53:28,292 [INFO] WiFi is working.
2025-09-09 18:53:44,315 [INFO] WiFi is working.
2025-09-09 18:54:00,339 [INFO] WiFi is working.
2025-09-09 18:54:16,363 [INFO] WiFi is working.
2025-09-09 18:54:32,384 [INFO] WiFi is working.
2025-09-09 18:54:48,408 [INFO] WiFi is working.
2025-09-09 18:55:04,429 [INFO] WiFi is working.
2025-09-09 18:55:20,452 [INFO] WiFi is working.
2025-09-09 18:55:36,477 [INFO] WiFi is working.
2025-09-09 18:55:52,503 [INFO] WiFi is working.
2025-09-09 18:56:08,527 [INFO] WiFi is working.
2025-09-09 18:56:24,551 [INFO] WiFi is working.
2025-09-09 18:56:40,576 [INFO] WiFi is working.
2025-09-09 18:56:56,599 [INFO] WiFi is working.
2025-09-09 18:57:12,623 [INFO] WiFi is working.
2025-09-09 18:57:28,651 [INFO] WiFi is working.
2025-09-09 18:57:44,671 [INFO] WiFi is working.
2025-09-09 18:58:00,705 [INFO] WiFi is working.
2025-09-09 18:58:16,736 [INFO] WiFi is working.
2025-09-09 18:58:32,783 [INFO] WiFi is working.
2025-09-09 18:58:48,811 [INFO] WiFi is working.
2025-09-09 18:59:04,842 [INFO] WiFi is working.
2025-09-09 18:59:20,907 [INFO] WiFi is working.
2025-09-09 18:59:36,942 [INFO] WiFi is working.
2025-09-09 18:59:52,963 [INFO] WiFi is working.
2025-09-09 19:00:08,981 [INFO] WiFi is working.
2025-09-09 19:00:25,003 [INFO] WiFi is working.
2025-09-09 19:00:41,057 [INFO] WiFi is working.
2025-09-09 19:00:57,076 [INFO] WiFi is working.
2025-09-09 19:01:13,095 [INFO] WiFi is working.
2025-09-09 19:01:29,116 [INFO] WiFi is working.
2025-09-09 19:01:45,136 [INFO] WiFi is working.
2025-09-09 19:02:01,167 [INFO] WiFi is working.
2025-09-09 19:02:17,202 [INFO] WiFi is working.
2025-09-09 19:02:33,236 [INFO] WiFi is working.
2025-09-09 19:02:49,269 [INFO] WiFi is working.
2025-09-09 19:03:05,302 [INFO] WiFi is working.
2025-09-09 19:03:21,335 [INFO] WiFi is working.
2025-09-09 19:03:37,369 [INFO] WiFi is working.
2025-09-09 19:03:53,402 [INFO] WiFi is working.
2025-09-09 19:04:09,422 [INFO] WiFi is working.
2025-09-09 19:04:25,443 [INFO] WiFi is working.
2025-09-09 19:04:41,464 [INFO] WiFi is working.
2025-09-09 19:04:57,502 [INFO] WiFi is working.
2025-09-09 19:05:13,525 [INFO] WiFi is working.
2025-09-09 19:05:29,544 [INFO] WiFi is working.
2025-09-09 19:05:45,568 [INFO] WiFi is working.
2025-09-09 19:06:01,606 [INFO] WiFi is working.
2025-09-09 19:06:17,635 [INFO] WiFi is working.
2025-09-09 19:06:33,654 [INFO] WiFi is working.
2025-09-09 19:06:49,683 [INFO] WiFi is working.
2025-09-09 19:07:05,704 [INFO] WiFi is working.
2025-09-09 19:07:21,719 [INFO] WiFi is working.
2025-09-09 19:07:37,750 [INFO] WiFi is working.
2025-09-09 19:07:53,769 [INFO] WiFi is working.
2025-09-09 19:08:09,800 [INFO] WiFi is working.
2025-09-09 19:08:25,833 [INFO] WiFi is working.
2025-09-09 19:08:41,867 [INFO] WiFi is working.
2025-09-09 19:08:57,886 [INFO] WiFi is working.
2025-09-09 19:09:13,906 [INFO] WiFi is working.
2025-09-09 19:09:29,933 [INFO] WiFi is working.
2025-09-09 19:09:45,956 [INFO] WiFi is working.
2025-09-09 19:10:01,977 [INFO] WiFi is working.
2025-09-09 19:10:17,999 [INFO] WiFi is working.
2025-09-09 19:10:34,035 [INFO] WiFi is working.
2025-09-09 19:10:50,064 [INFO] WiFi is working.
2025-09-09 19:11:06,122 [INFO] WiFi is working.
2025-09-09 19:11:22,148 [INFO] WiFi is working.
2025-09-09 19:11:38,181 [INFO] WiFi is working.
2025-09-09 19:11:54,214 [INFO] WiFi is working.
2025-09-09 19:12:10,247 [INFO] WiFi is working.
2025-09-09 19:12:26,263 [INFO] WiFi is working.
2025-09-09 19:12:42,282 [INFO] WiFi is working.
2025-09-09 19:12:58,313 [INFO] WiFi is working.
2025-09-09 19:13:14,336 [INFO] WiFi is working.
2025-09-09 19:13:30,352 [INFO] WiFi is working.
2025-09-09 19:13:46,372 [INFO] WiFi is working.
2025-09-09 19:14:02,395 [INFO] WiFi is working.
2025-09-09 19:14:18,416 [INFO] WiFi is working.
2025-09-09 19:14:34,437 [INFO] WiFi is working.
2025-09-09 19:14:50,463 [INFO] WiFi is working.
2025-09-09 19:15:06,482 [INFO] WiFi is working.
2025-09-09 19:15:22,505 [INFO] WiFi is working.
2025-09-09 19:15:38,526 [INFO] WiFi is working.
2025-09-09 19:15:54,546 [INFO] WiFi is working.
2025-09-09 19:16:10,568 [INFO] WiFi is working.
2025-09-09 19:16:26,595 [INFO] WiFi is working.
2025-09-09 19:16:42,614 [INFO] WiFi is working.
2025-09-09 19:16:58,635 [INFO] WiFi is working.
2025-09-09 19:17:14,660 [INFO] WiFi is working.
2025-09-09 19:17:30,681 [INFO] WiFi is working.
2025-09-09 19:17:46,703 [INFO] WiFi is working.
2025-09-09 19:18:02,726 [INFO] WiFi is working.
2025-09-09 19:18:18,743 [INFO] WiFi is working.
2025-09-09 19:18:34,764 [INFO] WiFi is working.
2025-09-09 19:18:50,783 [INFO] WiFi is working.
2025-09-09 19:19:06,805 [INFO] WiFi is working.
2025-09-09 19:19:22,824 [INFO] WiFi is working.
2025-09-09 19:19:38,842 [INFO] WiFi is working.
2025-09-09 19:19:54,876 [INFO] WiFi is working.
2025-09-09 19:20:10,908 [INFO] WiFi is working.
2025-09-09 19:20:26,941 [INFO] WiFi is working.
2025-09-09 19:20:42,961 [INFO] WiFi is working.
2025-09-09 19:20:58,979 [INFO] WiFi is working.
2025-09-09 19:21:15,007 [INFO] WiFi is working.
2025-09-09 19:21:31,031 [INFO] WiFi is working.
2025-09-09 19:21:47,057 [INFO] WiFi is working.
2025-09-09 19:22:03,076 [INFO] WiFi is working.
2025-09-09 19:22:19,095 [INFO] WiFi is working.
2025-09-09 19:22:35,116 [INFO] WiFi is working.
2025-09-09 19:22:51,170 [INFO] WiFi is working.
2025-09-09 19:23:07,189 [INFO] WiFi is working.
2025-09-09 19:23:23,210 [INFO] WiFi is working.
2025-09-09 19:23:39,226 [INFO] WiFi is working.
2025-09-09 19:23:55,242 [INFO] WiFi is working.
2025-09-09 19:24:11,269 [INFO] WiFi is working.
2025-09-09 19:24:27,288 [INFO] WiFi is working.
2025-09-09 19:24:43,310 [INFO] WiFi is working.
2025-09-09 19:24:59,328 [INFO] WiFi is working.
2025-09-09 19:25:15,348 [INFO] WiFi is working.
2025-09-09 19:25:31,381 [INFO] WiFi is working.
2025-09-09 19:25:47,401 [INFO] WiFi is working.
2025-09-09 19:26:03,422 [INFO] WiFi is working.
2025-09-09 19:26:19,443 [INFO] WiFi is working.
2025-09-09 19:26:35,464 [INFO] WiFi is working.
2025-09-09 19:26:51,484 [INFO] WiFi is working.
2025-09-09 19:27:07,500 [INFO] WiFi is working.
2025-09-09 19:27:23,519 [INFO] WiFi is working.
2025-09-09 19:27:39,540 [INFO] WiFi is working.
2025-09-09 19:27:55,558 [INFO] WiFi is working.
2025-09-09 19:28:11,578 [INFO] WiFi is working.
2025-09-09 19:28:27,598 [INFO] WiFi is working.
2025-09-09 19:28:43,618 [INFO] WiFi is working.
2025-09-09 19:28:59,637 [INFO] WiFi is working.
2025-09-09 19:29:15,658 [INFO] WiFi is working.
2025-09-09 19:29:31,680 [INFO] WiFi is working.
2025-09-09 19:29:47,699 [INFO] WiFi is working.
2025-09-09 19:30:03,722 [INFO] WiFi is working.
2025-09-09 19:30:19,750 [INFO] WiFi is working.
2025-09-09 19:30:35,770 [INFO] WiFi is working.
2025-09-09 19:30:51,788 [INFO] WiFi is working.
2025-09-09 19:31:07,811 [INFO] WiFi is working.
2025-09-09 19:31:23,833 [INFO] WiFi is working.
2025-09-09 19:31:39,853 [INFO] WiFi is working.
2025-09-09 19:31:55,875 [INFO] WiFi is working.
2025-09-09 19:32:11,895 [INFO] WiFi is working.
2025-09-09 19:32:27,916 [INFO] WiFi is working.
2025-09-09 19:32:43,937 [INFO] WiFi is working.
2025-09-09 19:32:59,957 [INFO] WiFi is working.
2025-09-09 19:33:15,977 [INFO] WiFi is working.
2025-09-09 19:33:31,997 [INFO] WiFi is working.
2025-09-09 19:33:48,022 [INFO] WiFi is working.
2025-09-09 19:34:04,040 [INFO] WiFi is working.
2025-09-09 19:34:20,061 [INFO] WiFi is working.
2025-09-09 19:34:36,081 [INFO] WiFi is working.
2025-09-09 19:34:52,102 [INFO] WiFi is working.
2025-09-09 19:35:08,127 [INFO] WiFi is working.
2025-09-09 19:35:24,145 [INFO] WiFi is working.
2025-09-09 19:35:40,168 [INFO] WiFi is working.
2025-09-09 19:35:56,197 [INFO] WiFi is working.
2025-09-09 19:36:12,229 [INFO] WiFi is working.
2025-09-09 19:36:28,251 [INFO] WiFi is working.
2025-09-09 19:36:44,274 [INFO] WiFi is working.
2025-09-09 19:37:00,297 [INFO] WiFi is working.
2025-09-09 19:37:16,312 [INFO] WiFi is working.
2025-09-09 19:37:32,350 [INFO] WiFi is working.
2025-09-09 19:37:48,371 [INFO] WiFi is working.
2025-09-09 19:38:04,391 [INFO] WiFi is working.
2025-09-09 19:38:20,410 [INFO] WiFi is working.
2025-09-09 19:38:36,444 [INFO] WiFi is working.
2025-09-09 19:38:52,465 [INFO] WiFi is working.
2025-09-09 19:39:08,490 [INFO] WiFi is working.
2025-09-09 19:39:24,539 [INFO] WiFi is working.
2025-09-09 19:39:40,556 [INFO] WiFi is working.
2025-09-09 19:39:56,580 [INFO] WiFi is working.
2025-09-09 19:40:12,600 [INFO] WiFi is working.
2025-09-09 19:40:28,622 [INFO] WiFi is working.
2025-09-09 19:40:44,643 [INFO] WiFi is working.
2025-09-09 19:41:00,664 [INFO] WiFi is working.
2025-09-09 19:41:16,685 [INFO] WiFi is working.
2025-09-09 19:41:32,706 [INFO] WiFi is working.
2025-09-09 19:41:48,721 [INFO] WiFi is working.
2025-09-09 19:42:04,743 [INFO] WiFi is working.
2025-09-09 19:42:20,763 [INFO] WiFi is working.
2025-09-09 19:42:36,782 [INFO] WiFi is working.
2025-09-09 19:42:52,803 [INFO] WiFi is working.
2025-09-09 19:43:08,818 [INFO] WiFi is working.
2025-09-09 19:43:24,839 [INFO] WiFi is working.
2025-09-09 19:43:40,860 [INFO] WiFi is working.
2025-09-09 19:43:56,880 [INFO] WiFi is working.
2025-09-09 19:44:12,903 [INFO] WiFi is working.
2025-09-09 19:44:28,923 [INFO] WiFi is working.
2025-09-09 19:44:44,948 [INFO] WiFi is working.
2025-09-09 19:45:00,970 [INFO] WiFi is working.
2025-09-09 19:45:16,991 [INFO] WiFi is working.
2025-09-09 19:45:33,011 [INFO] WiFi is working.
2025-09-09 19:45:49,030 [INFO] WiFi is working.
2025-09-09 19:46:05,051 [INFO] WiFi is working.
2025-09-09 19:46:21,071 [INFO] WiFi is working.
2025-09-09 19:46:37,090 [INFO] WiFi is working.
2025-09-09 19:46:53,110 [INFO] WiFi is working.
2025-09-09 19:47:09,136 [INFO] WiFi is working.
2025-09-09 19:47:25,156 [INFO] WiFi is working.
2025-09-09 19:47:41,175 [INFO] WiFi is working.
2025-09-09 19:47:57,196 [INFO] WiFi is working.
2025-09-09 19:48:13,216 [INFO] WiFi is working.
2025-09-09 19:48:29,237 [INFO] WiFi is working.
2025-09-09 19:48:45,257 [INFO] WiFi is working.
2025-09-09 19:49:11,262 [INFO] WiFi is working.
2025-09-09 19:49:27,282 [INFO] WiFi is working.
2025-09-09 19:49:43,301 [INFO] WiFi is working.
2025-09-09 19:49:59,321 [INFO] WiFi is working.
2025-09-09 19:50:15,341 [INFO] WiFi is working.
2025-09-09 19:50:31,368 [INFO] WiFi is working.
2025-09-09 19:50:47,396 [INFO] WiFi is working.
2025-09-09 19:51:13,406 [INFO] WiFi is working.
2025-09-09 19:51:29,426 [INFO] WiFi is working.
2025-09-09 19:51:45,446 [INFO] WiFi is working.
2025-09-09 19:52:01,464 [INFO] WiFi is working.
2025-09-09 19:52:17,480 [INFO] WiFi is working.
2025-09-09 19:52:33,502 [INFO] WiFi is working.
2025-09-09 19:52:49,521 [INFO] WiFi is working.
2025-09-09 19:53:05,541 [INFO] WiFi is working.
2025-09-09 19:53:21,566 [INFO] WiFi is working.
2025-09-09 19:53:37,585 [INFO] WiFi is working.
2025-09-09 19:53:53,604 [INFO] WiFi is working.
2025-09-09 19:54:09,629 [INFO] WiFi is working.
2025-09-09 19:54:25,645 [INFO] WiFi is working.
2025-09-09 19:54:41,673 [INFO] WiFi is working.
2025-09-09 19:54:57,693 [INFO] WiFi is working.
2025-09-09 19:55:13,713 [INFO] WiFi is working.
2025-09-09 19:55:29,734 [INFO] WiFi is working.
2025-09-09 19:55:45,754 [INFO] WiFi is working.
2025-09-09 19:56:01,787 [INFO] WiFi is working.
2025-09-09 19:56:17,807 [INFO] WiFi is working.
2025-09-09 19:56:33,824 [INFO] WiFi is working.
2025-09-09 19:56:49,844 [INFO] WiFi is working.
2025-09-09 19:57:05,864 [INFO] WiFi is working.
2025-09-09 19:57:21,883 [INFO] WiFi is working.
2025-09-09 19:57:37,901 [INFO] WiFi is working.
2025-09-09 19:57:53,920 [INFO] WiFi is working.
2025-09-09 19:58:09,939 [INFO] WiFi is working.
2025-09-09 19:58:25,959 [INFO] WiFi is working.
2025-09-09 19:58:41,979 [INFO] WiFi is working.
2025-09-09 19:58:58,000 [INFO] WiFi is working.
2025-09-09 19:59:14,024 [INFO] WiFi is working.
2025-09-09 19:59:30,045 [INFO] WiFi is working.
2025-09-09 19:59:46,065 [INFO] WiFi is working.
2025-09-09 20:00:02,086 [INFO] WiFi is working.
2025-09-09 20:00:18,104 [INFO] WiFi is working.
2025-09-09 20:00:34,127 [INFO] WiFi is working.
2025-09-09 20:00:50,148 [INFO] WiFi is working.
2025-09-09 20:01:06,169 [INFO] WiFi is working.
2025-09-09 20:01:22,189 [INFO] WiFi is working.
2025-09-09 20:01:38,210 [INFO] WiFi is working.
2025-09-09 20:01:54,226 [INFO] WiFi is working.
2025-09-09 20:02:10,246 [INFO] WiFi is working.
2025-09-09 20:02:26,268 [INFO] WiFi is working.
2025-09-09 20:02:42,292 [INFO] WiFi is working.
2025-09-09 20:02:58,314 [INFO] WiFi is working.
2025-09-09 20:03:14,336 [INFO] WiFi is working.
2025-09-09 20:03:30,356 [INFO] WiFi is working.
2025-09-09 20:03:46,378 [INFO] WiFi is working.
2025-09-09 20:04:02,394 [INFO] WiFi is working.
2025-09-09 20:04:18,415 [INFO] WiFi is working.
2025-09-09 20:04:34,435 [INFO] WiFi is working.
2025-09-09 20:04:50,458 [INFO] WiFi is working.
2025-09-09 20:05:06,476 [INFO] WiFi is working.
2025-09-09 20:05:22,500 [INFO] WiFi is working.
2025-09-09 20:05:38,519 [INFO] WiFi is working.
2025-09-09 20:05:54,539 [INFO] WiFi is working.
2025-09-09 20:06:10,562 [INFO] WiFi is working.
2025-09-09 20:06:26,583 [INFO] WiFi is working.
2025-09-09 20:06:42,602 [INFO] WiFi is working.
2025-09-09 20:06:58,624 [INFO] WiFi is working.
2025-09-09 20:07:14,645 [INFO] WiFi is working.
2025-09-09 20:07:30,666 [INFO] WiFi is working.
2025-09-09 20:07:46,689 [INFO] WiFi is working.
2025-09-09 20:08:02,709 [INFO] WiFi is working.
2025-09-09 20:08:18,732 [INFO] WiFi is working.
2025-09-09 20:08:34,753 [INFO] WiFi is working.
2025-09-09 20:08:50,775 [INFO] WiFi is working.
2025-09-09 20:09:06,795 [INFO] WiFi is working.
2025-09-09 20:09:22,819 [INFO] WiFi is working.
2025-09-09 20:09:38,838 [INFO] WiFi is working.
2025-09-09 20:09:54,858 [INFO] WiFi is working.
2025-09-09 20:10:10,882 [INFO] WiFi is working.
2025-09-09 20:10:26,903 [INFO] WiFi is working.
2025-09-09 20:10:42,923 [INFO] WiFi is working.
2025-09-09 20:10:58,945 [INFO] WiFi is working.
2025-09-09 20:11:14,967 [INFO] WiFi is working.
2025-09-09 20:11:30,987 [INFO] WiFi is working.
2025-09-09 20:11:47,007 [INFO] WiFi is working.
2025-09-09 20:12:03,026 [INFO] WiFi is working.
2025-09-09 20:12:19,047 [INFO] WiFi is working.
2025-09-09 20:12:35,064 [INFO] WiFi is working.
2025-09-09 20:12:51,085 [INFO] WiFi is working.
2025-09-09 20:13:07,106 [INFO] WiFi is working.
2025-09-09 20:13:23,127 [INFO] WiFi is working.
2025-09-09 20:13:39,147 [INFO] WiFi is working.
2025-09-09 20:13:55,166 [INFO] WiFi is working.
2025-09-09 20:14:11,182 [INFO] WiFi is working.
2025-09-09 20:14:27,204 [INFO] WiFi is working.
2025-09-09 20:14:43,224 [INFO] WiFi is working.
2025-09-09 20:14:59,244 [INFO] WiFi is working.
2025-09-09 20:15:15,268 [INFO] WiFi is working.
2025-09-09 20:15:31,288 [INFO] WiFi is working.
2025-09-09 20:15:47,304 [INFO] WiFi is working.
2025-09-09 20:16:03,324 [INFO] WiFi is working.
2025-09-09 20:16:19,344 [INFO] WiFi is working.
2025-09-09 20:16:35,362 [INFO] WiFi is working.
2025-09-09 20:16:51,385 [INFO] WiFi is working.
2025-09-09 20:17:07,404 [INFO] WiFi is working.
2025-09-09 20:17:23,427 [INFO] WiFi is working.
2025-09-09 20:17:39,447 [INFO] WiFi is working.
2025-09-09 20:17:55,468 [INFO] WiFi is working.
2025-09-09 20:18:11,488 [INFO] WiFi is working.
2025-09-09 20:18:27,509 [INFO] WiFi is working.
2025-09-09 20:18:43,530 [INFO] WiFi is working.
2025-09-09 20:18:59,562 [INFO] WiFi is working.
2025-09-09 20:19:15,584 [INFO] WiFi is working.
2025-09-09 20:19:31,601 [INFO] WiFi is working.
2025-09-09 20:19:47,623 [INFO] WiFi is working.
2025-09-09 20:20:03,646 [INFO] WiFi is working.
2025-09-09 20:20:19,666 [INFO] WiFi is working.
2025-09-09 20:20:35,686 [INFO] WiFi is working.
2025-09-09 20:20:51,711 [INFO] WiFi is working.
2025-09-09 20:21:07,731 [INFO] WiFi is working.
2025-09-09 20:21:23,751 [INFO] WiFi is working.
2025-09-09 20:21:39,771 [INFO] WiFi is working.
2025-09-09 20:21:55,792 [INFO] WiFi is working.
2025-09-09 20:22:11,821 [INFO] WiFi is working.
2025-09-09 20:22:27,839 [INFO] WiFi is working.
2025-09-09 20:22:43,864 [INFO] WiFi is working.
2025-09-09 20:22:59,884 [INFO] WiFi is working.
2025-09-09 20:23:15,907 [INFO] WiFi is working.
2025-09-09 20:23:31,932 [INFO] WiFi is working.
2025-09-09 20:23:47,952 [INFO] WiFi is working.
2025-09-09 20:24:03,968 [INFO] WiFi is working.
2025-09-09 20:24:19,990 [INFO] WiFi is working.
2025-09-09 20:24:36,010 [INFO] WiFi is working.
2025-09-09 20:24:52,033 [INFO] WiFi is working.
2025-09-09 20:25:08,053 [INFO] WiFi is working.
2025-09-09 20:25:24,072 [INFO] WiFi is working.
2025-09-09 20:25:40,092 [INFO] WiFi is working.
2025-09-09 20:25:56,111 [INFO] WiFi is working.
2025-09-09 20:26:12,131 [INFO] WiFi is working.
2025-09-09 20:26:28,146 [INFO] WiFi is working.
2025-09-09 20:26:44,167 [INFO] WiFi is working.
2025-09-09 20:27:00,187 [INFO] WiFi is working.
2025-09-09 20:27:16,206 [INFO] WiFi is working.
2025-09-09 20:27:32,226 [INFO] WiFi is working.
2025-09-09 20:27:48,246 [INFO] WiFi is working.
2025-09-09 20:28:04,267 [INFO] WiFi is working.
2025-09-09 20:28:20,289 [INFO] WiFi is working.
2025-09-09 20:28:36,308 [INFO] WiFi is working.
2025-09-09 20:28:52,328 [INFO] WiFi is working.
2025-09-09 20:29:08,348 [INFO] WiFi is working.
2025-09-09 20:29:24,368 [INFO] WiFi is working.
2025-09-09 20:29:40,389 [INFO] WiFi is working.
2025-09-09 20:29:56,406 [INFO] WiFi is working.
2025-09-09 20:30:12,426 [INFO] WiFi is working.
2025-09-09 20:30:28,448 [INFO] WiFi is working.
2025-09-09 20:30:44,467 [INFO] WiFi is working.
2025-09-09 20:31:00,487 [INFO] WiFi is working.
2025-09-09 20:31:16,506 [INFO] WiFi is working.
2025-09-09 20:31:32,527 [INFO] WiFi is working.
2025-09-09 20:31:48,548 [INFO] WiFi is working.
2025-09-09 20:32:04,565 [INFO] WiFi is working.
2025-09-09 20:32:20,585 [INFO] WiFi is working.
2025-09-09 20:32:36,607 [INFO] WiFi is working.
2025-09-09 20:32:52,624 [INFO] WiFi is working.
2025-09-09 20:33:08,644 [INFO] WiFi is working.
2025-09-09 20:33:24,665 [INFO] WiFi is working.
2025-09-09 20:33:40,684 [INFO] WiFi is working.
2025-09-09 20:33:56,704 [INFO] WiFi is working.
2025-09-09 20:34:12,724 [INFO] WiFi is working.
2025-09-09 20:34:28,743 [INFO] WiFi is working.
2025-09-09 20:34:44,766 [INFO] WiFi is working.
2025-09-09 20:35:00,787 [INFO] WiFi is working.
2025-09-09 20:35:16,809 [INFO] WiFi is working.
2025-09-09 20:35:32,829 [INFO] WiFi is working.
2025-09-09 20:35:48,851 [INFO] WiFi is working.
2025-09-09 20:36:04,875 [INFO] WiFi is working.
2025-09-09 20:36:20,896 [INFO] WiFi is working.
2025-09-09 20:36:36,924 [INFO] WiFi is working.
2025-09-09 20:36:52,946 [INFO] WiFi is working.
2025-09-09 20:37:08,971 [INFO] WiFi is working.
2025-09-09 20:37:24,994 [INFO] WiFi is working.
2025-09-09 20:37:41,014 [INFO] WiFi is working.
2025-09-09 20:37:57,035 [INFO] WiFi is working.
2025-09-09 20:38:13,055 [INFO] WiFi is working.
2025-09-09 20:38:29,071 [INFO] WiFi is working.
2025-09-09 20:38:45,091 [INFO] WiFi is working.
2025-09-09 20:39:01,113 [INFO] WiFi is working.
2025-09-09 20:39:17,133 [INFO] WiFi is working.
2025-09-09 20:39:33,153 [INFO] WiFi is working.
2025-09-09 20:39:49,170 [INFO] WiFi is working.
2025-09-09 20:40:05,192 [INFO] WiFi is working.
2025-09-09 20:40:21,211 [INFO] WiFi is working.
2025-09-09 20:40:37,233 [INFO] WiFi is working.
2025-09-09 20:40:53,254 [INFO] WiFi is working.
2025-09-09 20:41:09,275 [INFO] WiFi is working.
2025-09-09 20:41:25,293 [INFO] WiFi is working.
2025-09-09 20:41:41,319 [INFO] WiFi is working.
2025-09-09 20:41:57,339 [INFO] WiFi is working.
2025-09-09 20:42:13,360 [INFO] WiFi is working.
2025-09-09 20:42:29,380 [INFO] WiFi is working.
2025-09-09 20:42:45,403 [INFO] WiFi is working.
2025-09-09 20:43:01,424 [INFO] WiFi is working.
2025-09-09 20:43:17,444 [INFO] WiFi is working.
2025-09-09 20:43:33,468 [INFO] WiFi is working.
2025-09-09 20:43:49,489 [INFO] WiFi is working.
2025-09-09 20:44:05,512 [INFO] WiFi is working.
2025-09-09 20:44:21,533 [INFO] WiFi is working.
2025-09-09 20:44:37,552 [INFO] WiFi is working.
2025-09-09 20:44:53,577 [INFO] WiFi is working.
2025-09-09 20:45:09,597 [INFO] WiFi is working.
2025-09-09 20:45:25,618 [INFO] WiFi is working.
2025-09-09 20:45:41,639 [INFO] WiFi is working.
2025-09-09 20:45:57,659 [INFO] WiFi is working.
2025-09-09 20:46:13,682 [INFO] WiFi is working.
2025-09-09 20:46:29,701 [INFO] WiFi is working.
2025-09-09 20:46:45,725 [INFO] WiFi is working.
2025-09-09 20:47:01,745 [INFO] WiFi is working.
2025-09-09 20:47:17,766 [INFO] WiFi is working.
2025-09-09 20:47:33,787 [INFO] WiFi is working.
2025-09-09 20:47:49,807 [INFO] WiFi is working.
2025-09-09 20:48:05,832 [INFO] WiFi is working.
2025-09-09 20:48:21,851 [INFO] WiFi is working.
2025-09-09 20:48:37,874 [INFO] WiFi is working.
2025-09-09 20:48:53,893 [INFO] WiFi is working.
2025-09-09 20:49:09,916 [INFO] WiFi is working.
2025-09-09 20:49:25,936 [INFO] WiFi is working.
2025-09-09 20:49:41,961 [INFO] WiFi is working.
2025-09-09 20:49:57,980 [INFO] WiFi is working.
2025-09-09 20:50:14,005 [INFO] WiFi is working.
2025-09-09 20:50:30,024 [INFO] WiFi is working.
2025-09-09 20:50:46,046 [INFO] WiFi is working.
2025-09-09 20:51:02,135 [INFO] WiFi is working.
2025-09-09 20:51:18,159 [INFO] WiFi is working.
2025-09-09 20:51:34,178 [INFO] WiFi is working.
2025-09-09 20:51:50,198 [INFO] WiFi is working.
2025-09-09 20:52:06,218 [INFO] WiFi is working.
2025-09-09 20:52:22,252 [INFO] WiFi is working.
2025-09-09 20:52:38,273 [INFO] WiFi is working.
2025-09-09 20:52:54,292 [INFO] WiFi is working.
2025-09-09 20:53:10,312 [INFO] WiFi is working.
2025-09-09 20:53:26,333 [INFO] WiFi is working.
2025-09-09 20:53:42,353 [INFO] WiFi is working.
2025-09-09 20:53:58,372 [INFO] WiFi is working.
2025-09-09 20:54:14,391 [INFO] WiFi is working.
2025-09-09 20:54:30,409 [INFO] WiFi is working.
2025-09-09 20:54:46,431 [INFO] WiFi is working.
2025-09-09 20:55:02,451 [INFO] WiFi is working.
2025-09-09 20:55:18,472 [INFO] WiFi is working.
2025-09-09 20:55:34,489 [INFO] WiFi is working.
2025-09-09 20:55:50,509 [INFO] WiFi is working.
2025-09-09 20:56:06,531 [INFO] WiFi is working.
2025-09-09 20:56:22,548 [INFO] WiFi is working.
2025-09-09 20:56:38,576 [INFO] WiFi is working.
2025-09-09 20:56:54,596 [INFO] WiFi is working.
2025-09-09 20:57:10,616 [INFO] WiFi is working.
2025-09-09 20:57:26,636 [INFO] WiFi is working.
2025-09-09 20:57:42,655 [INFO] WiFi is working.
2025-09-09 20:57:58,674 [INFO] WiFi is working.
2025-09-09 20:58:14,695 [INFO] WiFi is working.
2025-09-09 20:58:30,715 [INFO] WiFi is working.
2025-09-09 20:58:46,738 [INFO] WiFi is working.
2025-09-09 20:59:02,757 [INFO] WiFi is working.
2025-09-09 20:59:18,777 [INFO] WiFi is working.
2025-09-09 20:59:34,798 [INFO] WiFi is working.
2025-09-09 20:59:50,818 [INFO] WiFi is working.
2025-09-09 21:00:06,833 [INFO] WiFi is working.
2025-09-09 21:00:22,854 [INFO] WiFi is working.
2025-09-09 21:00:38,874 [INFO] WiFi is working.
2025-09-09 21:00:54,896 [INFO] WiFi is working.
2025-09-09 21:01:10,916 [INFO] WiFi is working.
2025-09-09 21:01:26,937 [INFO] WiFi is working.
2025-09-09 21:01:42,959 [INFO] WiFi is working.
2025-09-09 21:01:58,978 [INFO] WiFi is working.
2025-09-09 21:02:15,005 [INFO] WiFi is working.
2025-09-09 21:02:31,026 [INFO] WiFi is working.
2025-09-09 21:02:47,046 [INFO] WiFi is working.
2025-09-09 21:03:03,070 [INFO] WiFi is working.
2025-09-09 21:03:19,090 [INFO] WiFi is working.
2025-09-09 21:03:35,110 [INFO] WiFi is working.
2025-09-09 21:03:51,132 [INFO] WiFi is working.
2025-09-09 21:04:07,154 [INFO] WiFi is working.
2025-09-09 21:04:23,174 [INFO] WiFi is working.
2025-09-09 21:04:39,191 [INFO] WiFi is working.
2025-09-09 21:04:55,211 [INFO] WiFi is working.
2025-09-09 21:05:11,232 [INFO] WiFi is working.
2025-09-09 21:05:27,254 [INFO] WiFi is working.
2025-09-09 21:05:43,276 [INFO] WiFi is working.
2025-09-09 21:05:59,297 [INFO] WiFi is working.
2025-09-09 21:06:15,320 [INFO] WiFi is working.
2025-09-09 21:06:31,340 [INFO] WiFi is working.
2025-09-09 21:06:47,360 [INFO] WiFi is working.
2025-09-09 21:07:03,380 [INFO] WiFi is working.
2025-09-09 21:07:19,400 [INFO] WiFi is working.
2025-09-09 21:07:35,420 [INFO] WiFi is working.
2025-09-09 21:07:51,440 [INFO] WiFi is working.
2025-09-09 21:08:07,459 [INFO] WiFi is working.
2025-09-09 21:08:23,480 [INFO] WiFi is working.
2025-09-09 21:08:39,500 [INFO] WiFi is working.
2025-09-09 21:08:55,521 [INFO] WiFi is working.
2025-09-09 21:09:11,545 [INFO] WiFi is working.
2025-09-09 21:09:27,566 [INFO] WiFi is working.
2025-09-09 21:09:43,588 [INFO] WiFi is working.
2025-09-09 21:09:59,608 [INFO] WiFi is working.
2025-09-09 21:10:15,630 [INFO] WiFi is working.
2025-09-09 21:10:31,651 [INFO] WiFi is working.
2025-09-09 21:10:47,672 [INFO] WiFi is working.
2025-09-09 21:11:03,692 [INFO] WiFi is working.
2025-09-09 21:11:19,716 [INFO] WiFi is working.
2025-09-09 21:11:35,735 [INFO] WiFi is working.
2025-09-09 21:11:51,761 [INFO] WiFi is working.
2025-09-09 21:12:07,781 [INFO] WiFi is working.
2025-09-09 21:12:23,803 [INFO] WiFi is working.
2025-09-09 21:12:39,820 [INFO] WiFi is working.
2025-09-09 21:12:55,844 [INFO] WiFi is working.
2025-09-09 21:13:11,861 [INFO] WiFi is working.
2025-09-09 21:13:27,885 [INFO] WiFi is working.
2025-09-09 21:13:43,905 [INFO] WiFi is working.
2025-09-09 21:13:59,926 [INFO] WiFi is working.
2025-09-09 21:14:15,943 [INFO] WiFi is working.
2025-09-09 21:14:31,965 [INFO] WiFi is working.
2025-09-09 21:14:47,986 [INFO] WiFi is working.
2025-09-09 21:15:04,006 [INFO] WiFi is working.
2025-09-09 21:15:20,028 [INFO] WiFi is working.
2025-09-09 21:15:36,048 [INFO] WiFi is working.
2025-09-09 21:15:52,070 [INFO] WiFi is working.
2025-09-09 21:16:08,090 [INFO] WiFi is working.
2025-09-09 21:16:24,111 [INFO] WiFi is working.
2025-09-09 21:16:40,151 [INFO] WiFi is working.
2025-09-09 21:16:56,175 [INFO] WiFi is working.
2025-09-09 21:17:12,207 [INFO] WiFi is working.
2025-09-09 21:17:28,227 [INFO] WiFi is working.
2025-09-09 21:17:44,242 [INFO] WiFi is working.
2025-09-09 21:18:00,265 [INFO] WiFi is working.
2025-09-09 21:18:16,285 [INFO] WiFi is working.
2025-09-09 21:18:32,316 [INFO] WiFi is working.
2025-09-09 21:18:48,336 [INFO] WiFi is working.
2025-09-09 21:19:04,354 [INFO] WiFi is working.
2025-09-09 21:19:20,371 [INFO] WiFi is working.
2025-09-09 21:19:36,394 [INFO] WiFi is working.
2025-09-09 21:19:52,425 [INFO] WiFi is working.
2025-09-09 21:20:08,445 [INFO] WiFi is working.
2025-09-09 21:20:24,465 [INFO] WiFi is working.
2025-09-09 21:20:40,485 [INFO] WiFi is working.
2025-09-09 21:20:56,506 [INFO] WiFi is working.
2025-09-09 21:21:12,537 [INFO] WiFi is working.
2025-09-09 21:21:28,557 [INFO] WiFi is working.
2025-09-09 21:21:44,576 [INFO] WiFi is working.
2025-09-09 21:22:00,601 [INFO] WiFi is working.
2025-09-09 21:22:16,623 [INFO] WiFi is working.
2025-09-09 21:22:32,640 [INFO] WiFi is working.
2025-09-09 21:22:48,662 [INFO] WiFi is working.
2025-09-09 21:23:04,682 [INFO] WiFi is working.
2025-09-09 21:23:20,699 [INFO] WiFi is working.
2025-09-09 21:23:36,719 [INFO] WiFi is working.
2025-09-09 21:23:52,740 [INFO] WiFi is working.
2025-09-09 21:24:08,764 [INFO] WiFi is working.
2025-09-09 21:24:24,784 [INFO] WiFi is working.
2025-09-09 21:24:40,806 [INFO] WiFi is working.
2025-09-09 21:24:56,830 [INFO] WiFi is working.
2025-09-09 21:25:12,849 [INFO] WiFi is working.
2025-09-09 21:25:28,869 [INFO] WiFi is working.
2025-09-09 21:25:44,889 [INFO] WiFi is working.
2025-09-09 21:26:00,908 [INFO] WiFi is working.
2025-09-09 21:26:16,930 [INFO] WiFi is working.
2025-09-09 21:26:32,953 [INFO] WiFi is working.
2025-09-09 21:26:48,973 [INFO] WiFi is working.
2025-09-09 21:27:04,996 [INFO] WiFi is working.
2025-09-09 21:27:21,015 [INFO] WiFi is working.
2025-09-09 21:27:37,034 [INFO] WiFi is working.
2025-09-09 21:27:53,055 [INFO] WiFi is working.
2025-09-09 21:28:09,075 [INFO] WiFi is working.
2025-09-09 21:28:25,098 [INFO] WiFi is working.
2025-09-09 21:28:41,118 [INFO] WiFi is working.
2025-09-09 21:28:57,139 [INFO] WiFi is working.
2025-09-09 21:29:13,163 [INFO] WiFi is working.
2025-09-09 21:29:29,183 [INFO] WiFi is working.
2025-09-09 21:29:45,203 [INFO] WiFi is working.
2025-09-09 21:30:01,222 [INFO] WiFi is working.
2025-09-09 21:30:17,247 [INFO] WiFi is working.
2025-09-09 21:30:33,265 [INFO] WiFi is working.
2025-09-09 21:30:49,285 [INFO] WiFi is working.
2025-09-09 21:31:05,304 [INFO] WiFi is working.
2025-09-09 21:31:21,323 [INFO] WiFi is working.
2025-09-09 21:31:37,342 [INFO] WiFi is working.
2025-09-09 21:31:53,363 [INFO] WiFi is working.
2025-09-09 21:32:09,382 [INFO] WiFi is working.
2025-09-09 21:32:25,404 [INFO] WiFi is working.
2025-09-09 21:32:41,423 [INFO] WiFi is working.
2025-09-09 21:32:57,443 [INFO] WiFi is working.
2025-09-09 21:33:13,464 [INFO] WiFi is working.
2025-09-09 21:33:29,484 [INFO] WiFi is working.
2025-09-09 21:33:45,504 [INFO] WiFi is working.
2025-09-09 21:34:01,524 [INFO] WiFi is working.
2025-09-09 21:34:17,545 [INFO] WiFi is working.
2025-09-09 21:34:33,565 [INFO] WiFi is working.
2025-09-09 21:34:49,585 [INFO] WiFi is working.
2025-09-09 21:35:05,608 [INFO] WiFi is working.
2025-09-09 21:35:21,628 [INFO] WiFi is working.
2025-09-09 21:35:37,648 [INFO] WiFi is working.
2025-09-09 21:35:53,673 [INFO] WiFi is working.
2025-09-09 21:36:09,693 [INFO] WiFi is working.
2025-09-09 21:36:25,713 [INFO] WiFi is working.
2025-09-09 21:36:41,733 [INFO] WiFi is working.
2025-09-09 21:36:57,753 [INFO] WiFi is working.
2025-09-09 21:37:13,772 [INFO] WiFi is working.
2025-09-09 21:37:29,793 [INFO] WiFi is working.
2025-09-09 21:37:45,812 [INFO] WiFi is working.
2025-09-09 21:38:01,831 [INFO] WiFi is working.
2025-09-09 21:38:17,856 [INFO] WiFi is working.
2025-09-09 21:38:33,875 [INFO] WiFi is working.
2025-09-09 21:38:49,895 [INFO] WiFi is working.
2025-09-09 21:39:05,916 [INFO] WiFi is working.
2025-09-09 21:39:21,935 [INFO] WiFi is working.
2025-09-09 21:39:37,956 [INFO] WiFi is working.
2025-09-09 21:39:53,976 [INFO] WiFi is working.
2025-09-09 21:40:09,996 [INFO] WiFi is working.
2025-09-09 21:40:26,013 [INFO] WiFi is working.
2025-09-09 21:40:42,036 [INFO] WiFi is working.
2025-09-09 21:40:58,056 [INFO] WiFi is working.
2025-09-09 21:41:14,076 [INFO] WiFi is working.
2025-09-09 21:41:30,097 [INFO] WiFi is working.
2025-09-09 21:41:46,118 [INFO] WiFi is working.
2025-09-09 21:42:02,134 [INFO] WiFi is working.
2025-09-09 21:42:18,154 [INFO] WiFi is working.
2025-09-09 21:42:34,174 [INFO] WiFi is working.
2025-09-09 21:42:50,198 [INFO] WiFi is working.
2025-09-09 21:43:06,219 [INFO] WiFi is working.
2025-09-09 21:43:22,238 [INFO] WiFi is working.
2025-09-09 21:43:38,253 [INFO] WiFi is working.
2025-09-09 21:43:54,274 [INFO] WiFi is working.
2025-09-09 21:44:10,294 [INFO] WiFi is working.
2025-09-09 21:44:26,310 [INFO] WiFi is working.
2025-09-09 21:44:42,332 [INFO] WiFi is working.
2025-09-09 21:44:58,353 [INFO] WiFi is working.
2025-09-09 21:45:14,372 [INFO] WiFi is working.
2025-09-09 21:45:30,391 [INFO] WiFi is working.
2025-09-09 21:45:46,412 [INFO] WiFi is working.
2025-09-09 21:46:02,432 [INFO] WiFi is working.
2025-09-09 21:46:18,454 [INFO] WiFi is working.
2025-09-09 21:46:34,475 [INFO] WiFi is working.
2025-09-09 21:46:50,495 [INFO] WiFi is working.
2025-09-09 21:47:06,515 [INFO] WiFi is working.
2025-09-09 21:47:22,544 [INFO] WiFi is working.
2025-09-09 21:47:38,564 [INFO] WiFi is working.
2025-09-09 21:47:54,588 [INFO] WiFi is working.
2025-09-09 21:48:10,608 [INFO] WiFi is working.
2025-09-09 21:48:26,631 [INFO] WiFi is working.
2025-09-09 21:48:42,655 [INFO] WiFi is working.
2025-09-09 21:48:58,677 [INFO] WiFi is working.
2025-09-09 21:49:14,697 [INFO] WiFi is working.
2025-09-09 21:49:30,717 [INFO] WiFi is working.
2025-09-09 21:49:46,736 [INFO] WiFi is working.
2025-09-09 21:50:02,765 [INFO] WiFi is working.
2025-09-09 21:50:18,785 [INFO] WiFi is working.
2025-09-09 21:50:34,806 [INFO] WiFi is working.
2025-09-09 21:50:50,826 [INFO] WiFi is working.
2025-09-09 21:51:06,849 [INFO] WiFi is working.
2025-09-09 21:51:22,875 [INFO] WiFi is working.
2025-09-09 21:51:38,894 [INFO] WiFi is working.
2025-09-09 21:51:54,914 [INFO] WiFi is working.
2025-09-09 21:52:10,934 [INFO] WiFi is working.
2025-09-09 21:52:26,954 [INFO] WiFi is working.
2025-09-09 21:52:42,977 [INFO] WiFi is working.
2025-09-09 21:52:58,997 [INFO] WiFi is working.
2025-09-09 21:53:15,021 [INFO] WiFi is working.
2025-09-09 21:53:31,041 [INFO] WiFi is working.
2025-09-09 21:53:47,062 [INFO] WiFi is working.
2025-09-09 21:54:03,081 [INFO] WiFi is working.
2025-09-09 21:54:19,101 [INFO] WiFi is working.
2025-09-09 21:54:35,121 [INFO] WiFi is working.
2025-09-09 21:54:51,148 [INFO] WiFi is working.
2025-09-09 21:55:07,165 [INFO] WiFi is working.
2025-09-09 21:55:23,186 [INFO] WiFi is working.
2025-09-09 21:55:39,206 [INFO] WiFi is working.
2025-09-09 21:55:55,225 [INFO] WiFi is working.
2025-09-09 21:56:11,247 [INFO] WiFi is working.
2025-09-09 21:56:27,264 [INFO] WiFi is working.
2025-09-09 21:56:43,291 [INFO] WiFi is working.
2025-09-09 21:56:59,311 [INFO] WiFi is working.
2025-09-09 21:57:15,332 [INFO] WiFi is working.
2025-09-09 21:57:31,356 [INFO] WiFi is working.
2025-09-09 21:57:47,375 [INFO] WiFi is working.
2025-09-09 21:58:03,394 [INFO] WiFi is working.
2025-09-09 21:58:19,411 [INFO] WiFi is working.
2025-09-09 21:58:35,434 [INFO] WiFi is working.
2025-09-09 21:58:51,454 [INFO] WiFi is working.
2025-09-09 21:59:07,478 [INFO] WiFi is working.
2025-09-09 21:59:23,499 [INFO] WiFi is working.
2025-09-09 21:59:39,519 [INFO] WiFi is working.
2025-09-09 21:59:55,540 [INFO] WiFi is working.
2025-09-09 22:00:11,560 [INFO] WiFi is working.
2025-09-09 22:00:27,580 [INFO] WiFi is working.
2025-09-09 22:00:43,604 [INFO] WiFi is working.
2025-09-09 22:00:59,624 [INFO] WiFi is working.
2025-09-09 22:01:15,643 [INFO] WiFi is working.
2025-09-09 22:01:31,667 [INFO] WiFi is working.
2025-09-09 22:01:47,686 [INFO] WiFi is working.
2025-09-09 22:02:03,707 [INFO] WiFi is working.
2025-09-09 22:02:19,730 [INFO] WiFi is working.
2025-09-09 22:02:35,753 [INFO] WiFi is working.
2025-09-09 22:02:51,772 [INFO] WiFi is working.
2025-09-09 22:03:07,794 [INFO] WiFi is working.
2025-09-09 22:03:23,814 [INFO] WiFi is working.
2025-09-09 22:03:39,833 [INFO] WiFi is working.
2025-09-09 22:03:55,850 [INFO] WiFi is working.
2025-09-09 22:04:11,871 [INFO] WiFi is working.
2025-09-09 22:04:27,893 [INFO] WiFi is working.
2025-09-09 22:04:43,917 [INFO] WiFi is working.
2025-09-09 22:04:59,940 [INFO] WiFi is working.
2025-09-09 22:05:15,969 [INFO] WiFi is working.
2025-09-09 22:05:31,994 [INFO] WiFi is working.
2025-09-09 22:05:48,024 [INFO] WiFi is working.
2025-09-09 22:06:04,047 [INFO] WiFi is working.
2025-09-09 22:06:20,071 [INFO] WiFi is working.
2025-09-09 22:06:36,094 [INFO] WiFi is working.
2025-09-09 22:06:52,119 [INFO] WiFi is working.
2025-09-09 22:07:08,142 [INFO] WiFi is working.
2025-09-09 22:07:24,171 [INFO] WiFi is working.
2025-09-09 22:07:40,197 [INFO] WiFi is working.
2025-09-09 22:07:56,221 [INFO] WiFi is working.
2025-09-09 22:08:12,246 [INFO] WiFi is working.
2025-09-09 22:08:28,272 [INFO] WiFi is working.
2025-09-09 22:08:44,300 [INFO] WiFi is working.
2025-09-09 22:09:00,324 [INFO] WiFi is working.
2025-09-09 22:09:16,348 [INFO] WiFi is working.
2025-09-09 22:09:32,373 [INFO] WiFi is working.
2025-09-09 22:09:48,397 [INFO] WiFi is working.
2025-09-09 22:10:04,421 [INFO] WiFi is working.
2025-09-09 22:10:20,444 [INFO] WiFi is working.
2025-09-09 22:10:36,467 [INFO] WiFi is working.
2025-09-09 22:10:52,491 [INFO] WiFi is working.
2025-09-09 22:11:08,519 [INFO] WiFi is working.
2025-09-09 22:11:24,547 [INFO] WiFi is working.
2025-09-09 22:11:40,573 [INFO] WiFi is working.
2025-09-09 22:11:56,597 [INFO] WiFi is working.
2025-09-09 22:12:12,622 [INFO] WiFi is working.
2025-09-09 22:12:28,648 [INFO] WiFi is working.
2025-09-09 22:12:44,675 [INFO] WiFi is working.
2025-09-09 22:13:00,702 [INFO] WiFi is working.
2025-09-09 22:13:16,726 [INFO] WiFi is working.
2025-09-09 22:13:32,761 [INFO] WiFi is working.
2025-09-09 22:13:48,786 [INFO] WiFi is working.
2025-09-09 22:14:04,809 [INFO] WiFi is working.
2025-09-09 22:14:20,836 [INFO] WiFi is working.
2025-09-09 22:14:36,860 [INFO] WiFi is working.
2025-09-09 22:14:52,896 [INFO] WiFi is working.
2025-09-09 22:15:08,921 [INFO] WiFi is working.
2025-09-09 22:15:24,947 [INFO] WiFi is working.
2025-09-09 22:15:40,972 [INFO] WiFi is working.
2025-09-09 22:15:56,996 [INFO] WiFi is working.
2025-09-09 22:16:13,025 [INFO] WiFi is working.
2025-09-09 22:16:29,053 [INFO] WiFi is working.
2025-09-09 22:16:45,078 [INFO] WiFi is working.
2025-09-09 22:17:01,107 [INFO] WiFi is working.
2025-09-09 22:17:17,135 [INFO] WiFi is working.
2025-09-09 22:17:33,158 [INFO] WiFi is working.
2025-09-09 22:17:49,187 [INFO] WiFi is working.
2025-09-09 22:18:05,210 [INFO] WiFi is working.
2025-09-09 22:18:21,233 [INFO] WiFi is working.
2025-09-09 22:18:37,256 [INFO] WiFi is working.
2025-09-09 22:18:53,280 [INFO] WiFi is working.
2025-09-09 22:19:09,304 [INFO] WiFi is working.
2025-09-09 22:19:25,328 [INFO] WiFi is working.
2025-09-09 22:19:41,354 [INFO] WiFi is working.
2025-09-09 22:19:57,380 [INFO] WiFi is working.
2025-09-09 22:20:13,408 [INFO] WiFi is working.
2025-09-09 22:20:29,431 [INFO] WiFi is working.
2025-09-09 22:20:45,455 [INFO] WiFi is working.
2025-09-09 22:21:01,478 [INFO] WiFi is working.
2025-09-09 22:21:17,502 [INFO] WiFi is working.
2025-09-09 22:21:33,525 [INFO] WiFi is working.
2025-09-09 22:21:49,548 [INFO] WiFi is working.
2025-09-09 22:22:05,577 [INFO] WiFi is working.
2025-09-09 22:22:21,604 [INFO] WiFi is working.
2025-09-09 22:22:37,630 [INFO] WiFi is working.
2025-09-09 22:22:53,656 [INFO] WiFi is working.
2025-09-09 22:23:09,681 [INFO] WiFi is working.
2025-09-09 22:23:25,706 [INFO] WiFi is working.
2025-09-09 22:23:41,730 [INFO] WiFi is working.
2025-09-09 22:23:57,756 [INFO] WiFi is working.
2025-09-09 22:24:13,783 [INFO] WiFi is working.
2025-09-09 22:24:29,807 [INFO] WiFi is working.
2025-09-09 22:24:45,831 [INFO] WiFi is working.
2025-09-09 22:25:01,854 [INFO] WiFi is working.
2025-09-09 22:25:17,878 [INFO] WiFi is working.
2025-09-09 22:25:33,904 [INFO] WiFi is working.
2025-09-09 22:25:49,928 [INFO] WiFi is working.
2025-09-09 22:26:05,956 [INFO] WiFi is working.
2025-09-09 22:26:21,979 [INFO] WiFi is working.
2025-09-09 22:26:38,005 [INFO] WiFi is working.
2025-09-09 22:26:54,032 [INFO] WiFi is working.
2025-09-09 22:27:10,057 [INFO] WiFi is working.
2025-09-09 22:27:26,083 [INFO] WiFi is working.
2025-09-09 22:27:42,107 [INFO] WiFi is working.
2025-09-09 22:27:58,131 [INFO] WiFi is working.
2025-09-09 22:28:14,156 [INFO] WiFi is working.
2025-09-09 22:28:30,180 [INFO] WiFi is working.
2025-09-09 22:28:46,204 [INFO] WiFi is working.
2025-09-09 22:29:02,231 [INFO] WiFi is working.
2025-09-09 22:29:18,254 [INFO] WiFi is working.
2025-09-09 22:29:34,279 [INFO] WiFi is working.
2025-09-09 22:29:50,303 [INFO] WiFi is working.
2025-09-09 22:30:06,327 [INFO] WiFi is working.
2025-09-09 22:30:22,355 [INFO] WiFi is working.
2025-09-09 22:30:38,379 [INFO] WiFi is working.
2025-09-09 22:30:54,403 [INFO] WiFi is working.
2025-09-09 22:31:10,432 [INFO] WiFi is working.
2025-09-09 22:31:26,453 [INFO] WiFi is working.
2025-09-09 22:31:42,477 [INFO] WiFi is working.
2025-09-09 22:31:58,501 [INFO] WiFi is working.
2025-09-09 22:32:14,526 [INFO] WiFi is working.
2025-09-09 22:32:30,551 [INFO] WiFi is working.
2025-09-09 22:32:46,574 [INFO] WiFi is working.
2025-09-09 22:33:02,599 [INFO] WiFi is working.
2025-09-09 22:33:18,628 [INFO] WiFi is working.
2025-09-09 22:33:34,652 [INFO] WiFi is working.
2025-09-09 22:33:50,677 [INFO] WiFi is working.
2025-09-09 22:34:06,703 [INFO] WiFi is working.
2025-09-09 22:34:22,729 [INFO] WiFi is working.
2025-09-09 22:34:38,753 [INFO] WiFi is working.
2025-09-09 22:34:54,779 [INFO] WiFi is working.
2025-09-09 22:35:10,802 [INFO] WiFi is working.
2025-09-09 22:35:26,831 [INFO] WiFi is working.
2025-09-09 22:35:42,854 [INFO] WiFi is working.
2025-09-09 22:35:58,878 [INFO] WiFi is working.
2025-09-09 22:36:14,904 [INFO] WiFi is working.
2025-09-09 22:36:30,928 [INFO] WiFi is working.
2025-09-09 22:36:46,951 [INFO] WiFi is working.
2025-09-09 22:37:02,982 [INFO] WiFi is working.
2025-09-09 22:37:19,009 [INFO] WiFi is working.
2025-09-09 22:37:35,032 [INFO] WiFi is working.
2025-09-09 22:37:51,057 [INFO] WiFi is working.
2025-09-09 22:38:07,081 [INFO] WiFi is working.
2025-09-09 22:38:23,136 [INFO] WiFi is working.
2025-09-09 22:38:39,158 [INFO] WiFi is working.
2025-09-09 22:38:55,181 [INFO] WiFi is working.
2025-09-09 22:39:11,207 [INFO] WiFi is working.
2025-09-09 22:39:27,229 [INFO] WiFi is working.
2025-09-09 22:39:43,266 [INFO] WiFi is working.
2025-09-09 22:39:59,290 [INFO] WiFi is working.
2025-09-09 22:40:15,315 [INFO] WiFi is working.
2025-09-09 22:40:31,340 [INFO] WiFi is working.
2025-09-09 22:40:47,366 [INFO] WiFi is working.
2025-09-09 22:41:03,420 [INFO] WiFi is working.
2025-09-09 22:41:19,445 [INFO] WiFi is working.
2025-09-09 22:41:35,468 [INFO] WiFi is working.
2025-09-09 22:41:51,493 [INFO] WiFi is working.
2025-09-09 22:42:07,517 [INFO] WiFi is working.
2025-09-09 22:42:23,546 [INFO] WiFi is working.
2025-09-09 22:42:39,569 [INFO] WiFi is working.
2025-09-09 22:42:55,593 [INFO] WiFi is working.
2025-09-09 22:43:11,616 [INFO] WiFi is working.
2025-09-09 22:43:27,643 [INFO] WiFi is working.
2025-09-09 22:43:43,667 [INFO] WiFi is working.
2025-09-09 22:43:59,691 [INFO] WiFi is working.
2025-09-09 22:44:15,714 [INFO] WiFi is working.
2025-09-09 22:44:31,738 [INFO] WiFi is working.
2025-09-09 22:44:47,762 [INFO] WiFi is working.
2025-09-09 22:45:03,842 [INFO] WiFi is working.
2025-09-09 22:45:19,866 [INFO] WiFi is working.
2025-09-09 22:45:35,891 [INFO] WiFi is working.
2025-09-09 22:45:51,912 [INFO] WiFi is working.
2025-09-09 22:46:07,928 [INFO] WiFi is working.
2025-09-09 22:46:23,952 [INFO] WiFi is working.
2025-09-09 22:46:39,976 [INFO] WiFi is working.
2025-09-09 22:46:56,000 [INFO] WiFi is working.
2025-09-09 22:47:12,023 [INFO] WiFi is working.
2025-09-09 22:47:28,047 [INFO] WiFi is working.
2025-09-09 22:47:44,072 [INFO] WiFi is working.
2025-09-09 22:48:00,097 [INFO] WiFi is working.
2025-09-09 22:48:16,121 [INFO] WiFi is working.
2025-09-09 22:48:32,146 [INFO] WiFi is working.
2025-09-09 22:48:48,168 [INFO] WiFi is working.
2025-09-09 22:49:04,188 [INFO] WiFi is working.
2025-09-09 22:49:20,210 [INFO] WiFi is working.
2025-09-09 22:49:36,230 [INFO] WiFi is working.
2025-09-09 22:49:52,253 [INFO] WiFi is working.
2025-09-09 22:50:08,273 [INFO] WiFi is working.
2025-09-09 22:50:24,292 [INFO] WiFi is working.
2025-09-09 22:50:40,314 [INFO] WiFi is working.
2025-09-09 22:50:56,334 [INFO] WiFi is working.
2025-09-09 22:51:12,357 [INFO] WiFi is working.
2025-09-09 22:51:28,379 [INFO] WiFi is working.
2025-09-09 22:51:44,399 [INFO] WiFi is working.
2025-09-09 22:52:00,420 [INFO] WiFi is working.
2025-09-09 22:52:16,445 [INFO] WiFi is working.
2025-09-09 22:52:32,465 [INFO] WiFi is working.
2025-09-09 22:52:48,488 [INFO] WiFi is working.
2025-09-09 22:53:04,513 [INFO] WiFi is working.
2025-09-09 22:53:20,530 [INFO] WiFi is working.
2025-09-09 22:53:36,553 [INFO] WiFi is working.
2025-09-09 22:53:52,574 [INFO] WiFi is working.
2025-09-09 22:54:08,596 [INFO] WiFi is working.
2025-09-09 22:54:24,618 [INFO] WiFi is working.
2025-09-09 22:54:40,637 [INFO] WiFi is working.
2025-09-09 22:54:56,658 [INFO] WiFi is working.
2025-09-09 22:55:12,681 [INFO] WiFi is working.
2025-09-09 22:55:28,700 [INFO] WiFi is working.
2025-09-09 22:55:44,721 [INFO] WiFi is working.
2025-09-09 22:56:00,743 [INFO] WiFi is working.
2025-09-09 22:56:16,763 [INFO] WiFi is working.
2025-09-09 22:56:32,782 [INFO] WiFi is working.
2025-09-09 22:56:48,804 [INFO] WiFi is working.
2025-09-09 22:57:04,825 [INFO] WiFi is working.
2025-09-09 22:57:20,844 [INFO] WiFi is working.
2025-09-09 22:57:36,864 [INFO] WiFi is working.
2025-09-09 22:57:52,887 [INFO] WiFi is working.
2025-09-09 22:58:08,908 [INFO] WiFi is working.
2025-09-09 22:58:24,929 [INFO] WiFi is working.
2025-09-09 22:58:40,953 [INFO] WiFi is working.
2025-09-09 22:58:56,973 [INFO] WiFi is working.
2025-09-09 22:59:12,992 [INFO] WiFi is working.
2025-09-09 22:59:29,017 [INFO] WiFi is working.
2025-09-09 22:59:45,041 [INFO] WiFi is working.
2025-09-09 23:00:01,061 [INFO] WiFi is working.
2025-09-09 23:00:17,084 [INFO] WiFi is working.
2025-09-09 23:00:33,107 [INFO] WiFi is working.
2025-09-09 23:00:49,129 [INFO] WiFi is working.
2025-09-09 23:01:05,148 [INFO] WiFi is working.
2025-09-09 23:01:21,182 [INFO] WiFi is working.
2025-09-09 23:01:37,199 [INFO] WiFi is working.
2025-09-09 23:01:53,221 [INFO] WiFi is working.
2025-09-09 23:02:09,237 [INFO] WiFi is working.
2025-09-09 23:02:25,256 [INFO] WiFi is working.
2025-09-09 23:02:41,275 [INFO] WiFi is working.
2025-09-09 23:02:57,298 [INFO] WiFi is working.
2025-09-09 23:03:13,326 [INFO] WiFi is working.
2025-09-09 23:03:29,347 [INFO] WiFi is working.
2025-09-09 23:03:45,366 [INFO] WiFi is working.
2025-09-09 23:04:01,387 [INFO] WiFi is working.
2025-09-09 23:04:17,409 [INFO] WiFi is working.
2025-09-09 23:04:33,445 [INFO] WiFi is working.
2025-09-09 23:04:49,462 [INFO] WiFi is working.
2025-09-09 23:05:05,485 [INFO] WiFi is working.
2025-09-09 23:05:21,504 [INFO] WiFi is working.
2025-09-09 23:05:37,525 [INFO] WiFi is working.
2025-09-09 23:05:53,556 [INFO] WiFi is working.
2025-09-09 23:06:09,573 [INFO] WiFi is working.
2025-09-09 23:06:25,591 [INFO] WiFi is working.
2025-09-09 23:06:41,611 [INFO] WiFi is working.
2025-09-09 23:06:57,636 [INFO] WiFi is working.
2025-09-09 23:07:13,656 [INFO] WiFi is working.
2025-09-09 23:07:29,677 [INFO] WiFi is working.
2025-09-09 23:07:45,696 [INFO] WiFi is working.
2025-09-09 23:08:01,719 [INFO] WiFi is working.
2025-09-09 23:08:17,738 [INFO] WiFi is working.
2025-09-09 23:08:33,763 [INFO] WiFi is working.
2025-09-09 23:08:49,783 [INFO] WiFi is working.
2025-09-09 23:09:05,802 [INFO] WiFi is working.
2025-09-09 23:09:21,817 [INFO] WiFi is working.
2025-09-09 23:09:37,836 [INFO] WiFi is working.
2025-09-09 23:09:53,852 [INFO] WiFi is working.
2025-09-09 23:10:09,868 [INFO] WiFi is working.
2025-09-09 23:10:25,895 [INFO] WiFi is working.
2025-09-09 23:10:41,911 [INFO] WiFi is working.
2025-09-09 23:10:57,938 [INFO] WiFi is working.
2025-09-09 23:11:13,958 [INFO] WiFi is working.
2025-09-09 23:11:29,978 [INFO] WiFi is working.
2025-09-09 23:11:46,000 [INFO] WiFi is working.
2025-09-09 23:12:02,020 [INFO] WiFi is working.
2025-09-09 23:12:18,040 [INFO] WiFi is working.
2025-09-09 23:12:34,060 [INFO] WiFi is working.
2025-09-09 23:12:50,083 [INFO] WiFi is working.
2025-09-09 23:13:06,105 [INFO] WiFi is working.
2025-09-09 23:13:22,126 [INFO] WiFi is working.
2025-09-09 23:13:38,146 [INFO] WiFi is working.
2025-09-09 23:13:54,168 [INFO] WiFi is working.
2025-09-09 23:14:10,188 [INFO] WiFi is working.
2025-09-09 23:14:26,206 [INFO] WiFi is working.
2025-09-09 23:14:42,226 [INFO] WiFi is working.
2025-09-09 23:14:58,250 [INFO] WiFi is working.
2025-09-09 23:15:14,270 [INFO] WiFi is working.
2025-09-09 23:15:30,295 [INFO] WiFi is working.
2025-09-09 23:15:46,320 [INFO] WiFi is working.
2025-09-09 23:16:02,342 [INFO] WiFi is working.
2025-09-09 23:16:18,366 [INFO] WiFi is working.
2025-09-09 23:16:34,389 [INFO] WiFi is working.
2025-09-09 23:16:50,409 [INFO] WiFi is working.
2025-09-09 23:17:06,429 [INFO] WiFi is working.
2025-09-09 23:17:22,449 [INFO] WiFi is working.
2025-09-09 23:17:38,466 [INFO] WiFi is working.
2025-09-09 23:17:54,488 [INFO] WiFi is working.
2025-09-09 23:18:10,507 [INFO] WiFi is working.
2025-09-09 23:18:26,527 [INFO] WiFi is working.
2025-09-09 23:18:42,547 [INFO] WiFi is working.
2025-09-09 23:18:58,571 [INFO] WiFi is working.
2025-09-09 23:19:14,591 [INFO] WiFi is working.
2025-09-09 23:19:30,612 [INFO] WiFi is working.
2025-09-09 23:19:46,631 [INFO] WiFi is working.
2025-09-09 23:20:02,652 [INFO] WiFi is working.
2025-09-09 23:20:18,672 [INFO] WiFi is working.
2025-09-09 23:20:34,695 [INFO] WiFi is working.
2025-09-09 23:20:50,715 [INFO] WiFi is working.
2025-09-09 23:21:06,734 [INFO] WiFi is working.
2025-09-09 23:21:22,754 [INFO] WiFi is working.
2025-09-09 23:21:38,788 [INFO] WiFi is working.
2025-09-09 23:21:54,807 [INFO] WiFi is working.
2025-09-09 23:22:10,827 [INFO] WiFi is working.
2025-09-09 23:22:26,847 [INFO] WiFi is working.
2025-09-09 23:22:42,867 [INFO] WiFi is working.
2025-09-09 23:22:58,883 [INFO] WiFi is working.
2025-09-09 23:23:14,904 [INFO] WiFi is working.
2025-09-09 23:23:30,925 [INFO] WiFi is working.
2025-09-09 23:23:46,943 [INFO] WiFi is working.
2025-09-09 23:24:02,967 [INFO] WiFi is working.
2025-09-09 23:24:18,989 [INFO] WiFi is working.
2025-09-09 23:24:35,007 [INFO] WiFi is working.
2025-09-09 23:24:51,030 [INFO] WiFi is working.
2025-09-09 23:25:07,051 [INFO] WiFi is working.
2025-09-09 23:25:23,067 [INFO] WiFi is working.
2025-09-09 23:25:39,086 [INFO] WiFi is working.
2025-09-09 23:25:55,111 [INFO] WiFi is working.
2025-09-09 23:26:11,128 [INFO] WiFi is working.
2025-09-09 23:26:27,150 [INFO] WiFi is working.
2025-09-09 23:26:43,176 [INFO] WiFi is working.
2025-09-09 23:26:59,193 [INFO] WiFi is working.
2025-09-09 23:27:15,216 [INFO] WiFi is working.
2025-09-09 23:27:31,235 [INFO] WiFi is working.
2025-09-09 23:27:47,254 [INFO] WiFi is working.
2025-09-09 23:28:03,277 [INFO] WiFi is working.
2025-09-09 23:28:19,297 [INFO] WiFi is working.
2025-09-09 23:28:35,315 [INFO] WiFi is working.
2025-09-09 23:28:51,333 [INFO] WiFi is working.
2025-09-09 23:29:07,353 [INFO] WiFi is working.
2025-09-09 23:29:23,373 [INFO] WiFi is working.
2025-09-09 23:29:39,392 [INFO] WiFi is working.
2025-09-09 23:29:55,417 [INFO] WiFi is working.
2025-09-09 23:30:11,437 [INFO] WiFi is working.
2025-09-09 23:30:27,461 [INFO] WiFi is working.
2025-09-09 23:30:43,486 [INFO] WiFi is working.
2025-09-09 23:30:59,510 [INFO] WiFi is working.
2025-09-09 23:31:15,532 [INFO] WiFi is working.
2025-09-09 23:31:31,552 [INFO] WiFi is working.
2025-09-09 23:31:47,572 [INFO] WiFi is working.
2025-09-09 23:32:03,608 [INFO] WiFi is working.
2025-09-09 23:32:19,628 [INFO] WiFi is working.
2025-09-09 23:32:35,648 [INFO] WiFi is working.
2025-09-09 23:32:51,671 [INFO] WiFi is working.
2025-09-09 23:33:07,693 [INFO] WiFi is working.
2025-09-09 23:33:23,722 [INFO] WiFi is working.
2025-09-09 23:33:39,741 [INFO] WiFi is working.
2025-09-09 23:33:55,761 [INFO] WiFi is working.
2025-09-09 23:34:11,782 [INFO] WiFi is working.
2025-09-09 23:34:27,800 [INFO] WiFi is working.
2025-09-09 23:34:43,833 [INFO] WiFi is working.
2025-09-09 23:34:59,856 [INFO] WiFi is working.
2025-09-09 23:35:15,879 [INFO] WiFi is working.
2025-09-09 23:35:31,894 [INFO] WiFi is working.
2025-09-09 23:35:47,917 [INFO] WiFi is working.
2025-09-09 23:36:03,935 [INFO] WiFi is working.
2025-09-09 23:36:19,957 [INFO] WiFi is working.
2025-09-09 23:36:35,976 [INFO] WiFi is working.
2025-09-09 23:36:51,997 [INFO] WiFi is working.
2025-09-09 23:37:08,020 [INFO] WiFi is working.
2025-09-09 23:37:24,040 [INFO] WiFi is working.
2025-09-09 23:37:40,063 [INFO] WiFi is working.
2025-09-09 23:37:56,082 [INFO] WiFi is working.
2025-09-09 23:38:12,102 [INFO] WiFi is working.
2025-09-09 23:38:28,124 [INFO] WiFi is working.
2025-09-09 23:38:44,144 [INFO] WiFi is working.
2025-09-09 23:39:00,163 [INFO] WiFi is working.
2025-09-09 23:39:16,184 [INFO] WiFi is working.
2025-09-09 23:39:32,205 [INFO] WiFi is working.
2025-09-09 23:39:48,223 [INFO] WiFi is working.
2025-09-09 23:40:04,248 [INFO] WiFi is working.
2025-09-09 23:40:20,270 [INFO] WiFi is working.
2025-09-09 23:40:36,291 [INFO] WiFi is working.
2025-09-09 23:40:52,311 [INFO] WiFi is working.
2025-09-09 23:41:08,330 [INFO] WiFi is working.
2025-09-09 23:41:24,353 [INFO] WiFi is working.
2025-09-09 23:41:40,372 [INFO] WiFi is working.
2025-09-09 23:41:56,389 [INFO] WiFi is working.
2025-09-09 23:42:12,408 [INFO] WiFi is working.
2025-09-09 23:42:28,432 [INFO] WiFi is working.
2025-09-09 23:42:44,456 [INFO] WiFi is working.
2025-09-09 23:43:00,478 [INFO] WiFi is working.
2025-09-09 23:43:16,500 [INFO] WiFi is working.
2025-09-09 23:43:32,523 [INFO] WiFi is working.
2025-09-09 23:43:48,543 [INFO] WiFi is working.
2025-09-09 23:44:04,562 [INFO] WiFi is working.
2025-09-09 23:44:20,581 [INFO] WiFi is working.
2025-09-09 23:44:36,602 [INFO] WiFi is working.
2025-09-09 23:44:52,628 [INFO] WiFi is working.
2025-09-09 23:45:08,647 [INFO] WiFi is working.
2025-09-09 23:45:24,666 [INFO] WiFi is working.
2025-09-09 23:45:40,688 [INFO] WiFi is working.
2025-09-09 23:45:56,709 [INFO] WiFi is working.
2025-09-09 23:46:12,734 [INFO] WiFi is working.
2025-09-09 23:46:28,758 [INFO] WiFi is working.
2025-09-09 23:46:44,778 [INFO] WiFi is working.
2025-09-09 23:47:00,803 [INFO] WiFi is working.
2025-09-09 23:47:16,827 [INFO] WiFi is working.
2025-09-09 23:47:32,842 [INFO] WiFi is working.
2025-09-09 23:47:48,867 [INFO] WiFi is working.
2025-09-09 23:48:04,891 [INFO] WiFi is working.
2025-09-09 23:48:20,905 [INFO] WiFi is working.
2025-09-09 23:48:36,924 [INFO] WiFi is working.
2025-09-09 23:48:52,943 [INFO] WiFi is working.
2025-09-09 23:49:08,964 [INFO] WiFi is working.
2025-09-09 23:49:24,988 [INFO] WiFi is working.
2025-09-09 23:49:41,005 [INFO] WiFi is working.
2025-09-09 23:49:57,027 [INFO] WiFi is working.
2025-09-09 23:50:13,051 [INFO] WiFi is working.
2025-09-09 23:50:29,073 [INFO] WiFi is working.
2025-09-09 23:50:45,094 [INFO] WiFi is working.
2025-09-09 23:51:01,114 [INFO] WiFi is working.
2025-09-09 23:51:17,137 [INFO] WiFi is working.
2025-09-09 23:51:33,163 [INFO] WiFi is working.
2025-09-09 23:51:49,183 [INFO] WiFi is working.
2025-09-09 23:52:05,205 [INFO] WiFi is working.
2025-09-09 23:52:21,233 [INFO] WiFi is working.
2025-09-09 23:52:37,253 [INFO] WiFi is working.
2025-09-09 23:52:53,274 [INFO] WiFi is working.
2025-09-09 23:53:09,294 [INFO] WiFi is working.
2025-09-09 23:53:25,315 [INFO] WiFi is working.
2025-09-09 23:53:41,336 [INFO] WiFi is working.
2025-09-09 23:53:57,360 [INFO] WiFi is working.
2025-09-09 23:54:13,381 [INFO] WiFi is working.
2025-09-09 23:54:29,401 [INFO] WiFi is working.
2025-09-09 23:54:45,422 [INFO] WiFi is working.
2025-09-09 23:55:01,442 [INFO] WiFi is working.
2025-09-09 23:55:17,468 [INFO] WiFi is working.
2025-09-09 23:55:33,488 [INFO] WiFi is working.
2025-09-09 23:55:49,511 [INFO] WiFi is working.
2025-09-09 23:56:05,529 [INFO] WiFi is working.
2025-09-09 23:56:21,552 [INFO] WiFi is working.
2025-09-09 23:56:37,573 [INFO] WiFi is working.
2025-09-09 23:56:53,590 [INFO] WiFi is working.
2025-09-09 23:57:09,609 [INFO] WiFi is working.
2025-09-09 23:57:25,631 [INFO] WiFi is working.
2025-09-09 23:57:41,647 [INFO] WiFi is working.
2025-09-09 23:57:57,667 [INFO] WiFi is working.
2025-09-09 23:58:13,689 [INFO] WiFi is working.
2025-09-09 23:58:29,706 [INFO] WiFi is working.
2025-09-09 23:58:45,726 [INFO] WiFi is working.
2025-09-09 23:59:01,747 [INFO] WiFi is working.
2025-09-09 23:59:17,769 [INFO] WiFi is working.
2025-09-09 23:59:33,789 [INFO] WiFi is working.
2025-09-09 23:59:49,808 [INFO] WiFi is working.
2025-09-10 00:00:05,828 [INFO] WiFi is working.
2025-09-10 00:00:21,848 [INFO] WiFi is working.
2025-09-10 00:00:37,869 [INFO] WiFi is working.
2025-09-10 00:00:53,894 [INFO] WiFi is working.
2025-09-10 00:01:09,914 [INFO] WiFi is working.
2025-09-10 00:01:25,934 [INFO] WiFi is working.
2025-09-10 00:01:41,952 [INFO] WiFi is working.
2025-09-10 00:01:57,977 [INFO] WiFi is working.
2025-09-10 00:02:14,007 [INFO] WiFi is working.
2025-09-10 00:02:30,030 [INFO] WiFi is working.
2025-09-10 00:02:46,052 [INFO] WiFi is working.
2025-09-10 00:03:02,072 [INFO] WiFi is working.
2025-09-10 00:03:18,092 [INFO] WiFi is working.
2025-09-10 00:03:34,113 [INFO] WiFi is working.
2025-09-10 00:03:50,136 [INFO] WiFi is working.
2025-09-10 00:04:06,159 [INFO] WiFi is working.
2025-09-10 00:04:22,179 [INFO] WiFi is working.
2025-09-10 00:04:38,204 [INFO] WiFi is working.
2025-09-10 00:04:54,228 [INFO] WiFi is working.
2025-09-10 00:05:10,248 [INFO] WiFi is working.
2025-09-10 00:05:26,268 [INFO] WiFi is working.
2025-09-10 00:05:42,293 [INFO] WiFi is working.
2025-09-10 00:05:58,312 [INFO] WiFi is working.
2025-09-10 00:06:14,333 [INFO] WiFi is working.
2025-09-10 00:06:30,354 [INFO] WiFi is working.
2025-09-10 00:06:46,374 [INFO] WiFi is working.
2025-09-10 00:07:02,392 [INFO] WiFi is working.
2025-09-10 00:07:18,414 [INFO] WiFi is working.
2025-09-10 00:07:34,439 [INFO] WiFi is working.
2025-09-10 00:07:50,457 [INFO] WiFi is working.
2025-09-10 00:08:06,479 [INFO] WiFi is working.
2025-09-10 00:08:22,498 [INFO] WiFi is working.
2025-09-10 00:08:38,519 [INFO] WiFi is working.
2025-09-10 00:08:54,540 [INFO] WiFi is working.
2025-09-10 00:09:10,560 [INFO] WiFi is working.
2025-09-10 00:09:26,580 [INFO] WiFi is working.
2025-09-10 00:09:42,602 [INFO] WiFi is working.
2025-09-10 00:09:58,627 [INFO] WiFi is working.
2025-09-10 00:10:14,648 [INFO] WiFi is working.
2025-09-10 00:10:30,669 [INFO] WiFi is working.
2025-09-10 00:10:46,691 [INFO] WiFi is working.
2025-09-10 00:11:02,711 [INFO] WiFi is working.
2025-09-10 00:11:18,731 [INFO] WiFi is working.
2025-09-10 00:11:34,752 [INFO] WiFi is working.
2025-09-10 00:11:50,775 [INFO] WiFi is working.
2025-09-10 00:12:06,796 [INFO] WiFi is working.
2025-09-10 00:12:22,816 [INFO] WiFi is working.
2025-09-10 00:12:38,839 [INFO] WiFi is working.
2025-09-10 00:12:54,859 [INFO] WiFi is working.
2025-09-10 00:13:10,879 [INFO] WiFi is working.
2025-09-10 00:13:26,897 [INFO] WiFi is working.
2025-09-10 00:13:42,917 [INFO] WiFi is working.
2025-09-10 00:13:58,936 [INFO] WiFi is working.
2025-09-10 00:14:14,965 [INFO] WiFi is working.
2025-09-10 00:14:30,989 [INFO] WiFi is working.
2025-09-10 00:14:47,013 [INFO] WiFi is working.
2025-09-10 00:15:03,032 [INFO] WiFi is working.
2025-09-10 00:15:19,056 [INFO] WiFi is working.
2025-09-10 00:15:35,076 [INFO] WiFi is working.
2025-09-10 00:15:51,095 [INFO] WiFi is working.
2025-09-10 00:16:07,114 [INFO] WiFi is working.
2025-09-10 00:16:23,132 [INFO] WiFi is working.
2025-09-10 00:16:39,150 [INFO] WiFi is working.
2025-09-10 00:16:55,168 [INFO] WiFi is working.
2025-09-10 00:17:11,196 [INFO] WiFi is working.
2025-09-10 00:17:27,216 [INFO] WiFi is working.
2025-09-10 00:17:43,238 [INFO] WiFi is working.
2025-09-10 00:17:59,261 [INFO] WiFi is working.
2025-09-10 00:18:15,281 [INFO] WiFi is working.
2025-09-10 00:18:31,300 [INFO] WiFi is working.
2025-09-10 00:18:47,322 [INFO] WiFi is working.
2025-09-10 00:19:03,343 [INFO] WiFi is working.
2025-09-10 00:19:19,364 [INFO] WiFi is working.
2025-09-10 00:19:35,384 [INFO] WiFi is working.
2025-09-10 00:19:51,406 [INFO] WiFi is working.
2025-09-10 00:20:07,426 [INFO] WiFi is working.
2025-09-10 00:20:23,454 [INFO] WiFi is working.
2025-09-10 00:20:39,474 [INFO] WiFi is working.
2025-09-10 00:20:55,494 [INFO] WiFi is working.
2025-09-10 00:21:11,516 [INFO] WiFi is working.
2025-09-10 00:21:27,535 [INFO] WiFi is working.
2025-09-10 00:21:43,561 [INFO] WiFi is working.
2025-09-10 00:21:59,583 [INFO] WiFi is working.
2025-09-10 00:22:15,603 [INFO] WiFi is working.
2025-09-10 00:22:31,628 [INFO] WiFi is working.
2025-09-10 00:22:47,648 [INFO] WiFi is working.
2025-09-10 00:23:03,669 [INFO] WiFi is working.
2025-09-10 00:23:19,694 [INFO] WiFi is working.
2025-09-10 00:23:35,717 [INFO] WiFi is working.
2025-09-10 00:23:51,739 [INFO] WiFi is working.
2025-09-10 00:24:07,762 [INFO] WiFi is working.
2025-09-10 00:24:23,781 [INFO] WiFi is working.
2025-09-10 00:24:39,807 [INFO] WiFi is working.
2025-09-10 00:24:55,828 [INFO] WiFi is working.
2025-09-10 00:25:11,847 [INFO] WiFi is working.
2025-09-10 00:25:27,866 [INFO] WiFi is working.
2025-09-10 00:25:43,890 [INFO] WiFi is working.
2025-09-10 00:25:59,910 [INFO] WiFi is working.
2025-09-10 00:26:15,930 [INFO] WiFi is working.
2025-09-10 00:26:31,948 [INFO] WiFi is working.
2025-09-10 00:26:47,969 [INFO] WiFi is working.
2025-09-10 00:27:03,990 [INFO] WiFi is working.
2025-09-10 00:27:20,009 [INFO] WiFi is working.
2025-09-10 00:27:36,029 [INFO] WiFi is working.
2025-09-10 00:27:52,052 [INFO] WiFi is working.
2025-09-10 00:28:08,072 [INFO] WiFi is working.
2025-09-10 00:28:24,097 [INFO] WiFi is working.
2025-09-10 00:28:40,119 [INFO] WiFi is working.
2025-09-10 00:28:56,135 [INFO] WiFi is working.
2025-09-10 00:29:12,151 [INFO] WiFi is working.
2025-09-10 00:29:28,182 [INFO] WiFi is working.
2025-09-10 00:29:44,230 [INFO] WiFi is working.
2025-09-10 00:30:00,251 [INFO] WiFi is working.
2025-09-10 00:30:16,269 [INFO] WiFi is working.
2025-09-10 00:30:32,290 [INFO] WiFi is working.
2025-09-10 00:30:48,313 [INFO] WiFi is working.
2025-09-10 00:31:04,342 [INFO] WiFi is working.
2025-09-10 00:31:20,365 [INFO] WiFi is working.
2025-09-10 00:31:36,384 [INFO] WiFi is working.
2025-09-10 00:31:52,409 [INFO] WiFi is working.
2025-09-10 00:32:08,431 [INFO] WiFi is working.
2025-09-10 00:32:24,485 [INFO] WiFi is working.
2025-09-10 00:32:40,506 [INFO] WiFi is working.
2025-09-10 00:32:56,526 [INFO] WiFi is working.
2025-09-10 00:33:12,549 [INFO] WiFi is working.
2025-09-10 00:33:28,571 [INFO] WiFi is working.
2025-09-10 00:33:44,598 [INFO] WiFi is working.
2025-09-10 00:34:00,618 [INFO] WiFi is working.
2025-09-10 00:34:16,645 [INFO] WiFi is working.
2025-09-10 00:34:32,664 [INFO] WiFi is working.
2025-09-10 00:34:48,685 [INFO] WiFi is working.
2025-09-10 00:35:04,708 [INFO] WiFi is working.
2025-09-10 00:35:20,728 [INFO] WiFi is working.
2025-09-10 00:35:36,753 [INFO] WiFi is working.
2025-09-10 00:35:52,774 [INFO] WiFi is working.
2025-09-10 00:36:08,796 [INFO] WiFi is working.
2025-09-10 00:36:24,812 [INFO] WiFi is working.
2025-09-10 00:36:40,832 [INFO] WiFi is working.
2025-09-10 00:36:56,853 [INFO] WiFi is working.
2025-09-10 00:37:12,874 [INFO] WiFi is working.
2025-09-10 00:37:28,890 [INFO] WiFi is working.
2025-09-10 00:37:44,912 [INFO] WiFi is working.
2025-09-10 00:38:00,932 [INFO] WiFi is working.
2025-09-10 00:38:16,946 [INFO] WiFi is working.
2025-09-10 00:38:32,971 [INFO] WiFi is working.
2025-09-10 00:38:48,991 [INFO] WiFi is working.
2025-09-10 00:39:05,015 [INFO] WiFi is working.
2025-09-10 00:39:21,035 [INFO] WiFi is working.
2025-09-10 00:39:37,054 [INFO] WiFi is working.
2025-09-10 00:39:53,077 [INFO] WiFi is working.
2025-09-10 00:40:09,098 [INFO] WiFi is working.
2025-09-10 00:40:25,120 [INFO] WiFi is working.
2025-09-10 00:40:41,143 [INFO] WiFi is working.
2025-09-10 00:40:57,163 [INFO] WiFi is working.
2025-09-10 00:41:13,181 [INFO] WiFi is working.
2025-09-10 00:41:29,197 [INFO] WiFi is working.
2025-09-10 00:41:45,217 [INFO] WiFi is working.
2025-09-10 00:42:01,237 [INFO] WiFi is working.
2025-09-10 00:42:17,256 [INFO] WiFi is working.
2025-09-10 00:42:33,282 [INFO] WiFi is working.
2025-09-10 00:42:49,301 [INFO] WiFi is working.
2025-09-10 00:43:05,324 [INFO] WiFi is working.
2025-09-10 00:43:21,344 [INFO] WiFi is working.
2025-09-10 00:43:37,363 [INFO] WiFi is working.
2025-09-10 00:43:53,386 [INFO] WiFi is working.
2025-09-10 00:44:09,404 [INFO] WiFi is working.
2025-09-10 00:44:25,430 [INFO] WiFi is working.
2025-09-10 00:44:41,449 [INFO] WiFi is working.
2025-09-10 00:44:57,474 [INFO] WiFi is working.
2025-09-10 00:45:13,500 [INFO] WiFi is working.
2025-09-10 00:45:29,527 [INFO] WiFi is working.
2025-09-10 00:45:45,547 [INFO] WiFi is working.
2025-09-10 00:46:01,568 [INFO] WiFi is working.
2025-09-10 00:46:17,590 [INFO] WiFi is working.
2025-09-10 00:46:33,611 [INFO] WiFi is working.
2025-09-10 00:46:49,631 [INFO] WiFi is working.
2025-09-10 00:47:05,650 [INFO] WiFi is working.
2025-09-10 00:47:21,670 [INFO] WiFi is working.
2025-09-10 00:47:37,693 [INFO] WiFi is working.
2025-09-10 00:47:53,714 [INFO] WiFi is working.
2025-09-10 00:48:09,738 [INFO] WiFi is working.
2025-09-10 00:48:25,761 [INFO] WiFi is working.
2025-09-10 00:48:41,784 [INFO] WiFi is working.
2025-09-10 00:48:57,804 [INFO] WiFi is working.
2025-09-10 00:49:13,824 [INFO] WiFi is working.
2025-09-10 00:49:29,846 [INFO] WiFi is working.
2025-09-10 00:49:45,867 [INFO] WiFi is working.
2025-09-10 00:50:01,887 [INFO] WiFi is working.
2025-09-10 00:50:17,907 [INFO] WiFi is working.
2025-09-10 00:50:33,935 [INFO] WiFi is working.
2025-09-10 00:50:49,955 [INFO] WiFi is working.
2025-09-10 00:51:05,975 [INFO] WiFi is working.
2025-09-10 00:51:21,993 [INFO] WiFi is working.
2025-09-10 00:51:38,012 [INFO] WiFi is working.
2025-09-10 00:51:54,032 [INFO] WiFi is working.
2025-09-10 00:52:10,052 [INFO] WiFi is working.
2025-09-10 00:52:26,072 [INFO] WiFi is working.
2025-09-10 00:52:42,097 [INFO] WiFi is working.
2025-09-10 00:52:58,119 [INFO] WiFi is working.
2025-09-10 00:53:14,138 [INFO] WiFi is working.
2025-09-10 00:53:30,157 [INFO] WiFi is working.
2025-09-10 00:53:46,177 [INFO] WiFi is working.
2025-09-10 00:54:02,193 [INFO] WiFi is working.
2025-09-10 00:54:18,212 [INFO] WiFi is working.
2025-09-10 00:54:34,237 [INFO] WiFi is working.
2025-09-10 00:54:50,257 [INFO] WiFi is working.
2025-09-10 00:55:06,278 [INFO] WiFi is working.
2025-09-10 00:55:22,305 [INFO] WiFi is working.
2025-09-10 00:55:38,329 [INFO] WiFi is working.
2025-09-10 00:55:54,348 [INFO] WiFi is working.
2025-09-10 00:56:10,369 [INFO] WiFi is working.
2025-09-10 00:56:26,386 [INFO] WiFi is working.
2025-09-10 00:56:42,405 [INFO] WiFi is working.
2025-09-10 00:56:58,427 [INFO] WiFi is working.
2025-09-10 00:57:14,451 [INFO] WiFi is working.
2025-09-10 00:57:30,475 [INFO] WiFi is working.
2025-09-10 00:57:46,494 [INFO] WiFi is working.
2025-09-10 00:58:02,514 [INFO] WiFi is working.
2025-09-10 00:58:18,536 [INFO] WiFi is working.
2025-09-10 00:58:34,563 [INFO] WiFi is working.
2025-09-10 00:58:50,584 [INFO] WiFi is working.
2025-09-10 00:59:06,604 [INFO] WiFi is working.
2025-09-10 00:59:22,624 [INFO] WiFi is working.
2025-09-10 00:59:38,647 [INFO] WiFi is working.
2025-09-10 00:59:54,678 [INFO] WiFi is working.
2025-09-10 01:00:10,702 [INFO] WiFi is working.
2025-09-10 01:00:26,724 [INFO] WiFi is working.
2025-09-10 01:00:42,743 [INFO] WiFi is working.
2025-09-10 01:00:58,761 [INFO] WiFi is working.
2025-09-10 01:01:14,780 [INFO] WiFi is working.
2025-09-10 01:01:30,801 [INFO] WiFi is working.
2025-09-10 01:01:46,822 [INFO] WiFi is working.
2025-09-10 01:02:02,843 [INFO] WiFi is working.
2025-09-10 01:02:18,866 [INFO] WiFi is working.
2025-09-10 01:02:34,882 [INFO] WiFi is working.
2025-09-10 01:02:50,902 [INFO] WiFi is working.
2025-09-10 01:03:06,921 [INFO] WiFi is working.
2025-09-10 01:03:22,948 [INFO] WiFi is working.
2025-09-10 01:03:38,968 [INFO] WiFi is working.
2025-09-10 01:03:54,988 [INFO] WiFi is working.
2025-09-10 01:04:11,009 [INFO] WiFi is working.
2025-09-10 01:04:27,033 [INFO] WiFi is working.
2025-09-10 01:04:43,052 [INFO] WiFi is working.
2025-09-10 01:04:59,071 [INFO] WiFi is working.
2025-09-10 01:05:15,091 [INFO] WiFi is working.
2025-09-10 01:05:31,112 [INFO] WiFi is working.
2025-09-10 01:05:47,133 [INFO] WiFi is working.
2025-09-10 01:06:03,150 [INFO] WiFi is working.
2025-09-10 01:06:19,173 [INFO] WiFi is working.
2025-09-10 01:06:35,194 [INFO] WiFi is working.
2025-09-10 01:06:51,213 [INFO] WiFi is working.
2025-09-10 01:07:07,232 [INFO] WiFi is working.
2025-09-10 01:07:23,256 [INFO] WiFi is working.
2025-09-10 01:07:39,279 [INFO] WiFi is working.
2025-09-10 01:07:55,302 [INFO] WiFi is working.
2025-09-10 01:08:11,322 [INFO] WiFi is working.
2025-09-10 01:08:27,343 [INFO] WiFi is working.
2025-09-10 01:08:43,364 [INFO] WiFi is working.
2025-09-10 01:08:59,383 [INFO] WiFi is working.
2025-09-10 01:09:15,403 [INFO] WiFi is working.
2025-09-10 01:09:31,419 [INFO] WiFi is working.
2025-09-10 01:09:47,444 [INFO] WiFi is working.
2025-09-10 01:10:03,465 [INFO] WiFi is working.
2025-09-10 01:10:19,486 [INFO] WiFi is working.
2025-09-10 01:10:35,508 [INFO] WiFi is working.
2025-09-10 01:10:51,529 [INFO] WiFi is working.
2025-09-10 01:11:07,551 [INFO] WiFi is working.
2025-09-10 01:11:23,577 [INFO] WiFi is working.
2025-09-10 01:11:39,601 [INFO] WiFi is working.
2025-09-10 01:11:55,623 [INFO] WiFi is working.
2025-09-10 01:12:11,642 [INFO] WiFi is working.
2025-09-10 01:12:27,666 [INFO] WiFi is working.
2025-09-10 01:12:43,685 [INFO] WiFi is working.
2025-09-10 01:12:59,706 [INFO] WiFi is working.
2025-09-10 01:13:15,724 [INFO] WiFi is working.
2025-09-10 01:13:31,747 [INFO] WiFi is working.
2025-09-10 01:13:47,771 [INFO] WiFi is working.
2025-09-10 01:14:03,786 [INFO] WiFi is working.
2025-09-10 01:14:19,810 [INFO] WiFi is working.
2025-09-10 01:14:35,831 [INFO] WiFi is working.
2025-09-10 01:14:51,855 [INFO] WiFi is working.
2025-09-10 01:15:07,876 [INFO] WiFi is working.
2025-09-10 01:15:23,893 [INFO] WiFi is working.
2025-09-10 01:15:39,916 [INFO] WiFi is working.
2025-09-10 01:15:55,936 [INFO] WiFi is working.
2025-09-10 01:16:11,952 [INFO] WiFi is working.
2025-09-10 01:16:27,972 [INFO] WiFi is working.
2025-09-10 01:16:43,994 [INFO] WiFi is working.
2025-09-10 01:17:00,013 [INFO] WiFi is working.
2025-09-10 01:17:16,032 [INFO] WiFi is working.
2025-09-10 01:17:32,049 [INFO] WiFi is working.
2025-09-10 01:17:48,074 [INFO] WiFi is working.
2025-09-10 01:18:04,094 [INFO] WiFi is working.
2025-09-10 01:18:20,114 [INFO] WiFi is working.
2025-09-10 01:18:36,135 [INFO] WiFi is working.
2025-09-10 01:18:52,153 [INFO] WiFi is working.
2025-09-10 01:19:08,175 [INFO] WiFi is working.
2025-09-10 01:19:24,199 [INFO] WiFi is working.
2025-09-10 01:19:40,218 [INFO] WiFi is working.
2025-09-10 01:19:56,241 [INFO] WiFi is working.
2025-09-10 01:20:12,261 [INFO] WiFi is working.
2025-09-10 01:20:28,282 [INFO] WiFi is working.
2025-09-10 01:20:44,302 [INFO] WiFi is working.
2025-09-10 01:21:00,322 [INFO] WiFi is working.
2025-09-10 01:21:16,342 [INFO] WiFi is working.
2025-09-10 01:21:32,365 [INFO] WiFi is working.
2025-09-10 01:21:48,391 [INFO] WiFi is working.
2025-09-10 01:22:04,412 [INFO] WiFi is working.
2025-09-10 01:22:20,430 [INFO] WiFi is working.
2025-09-10 01:22:36,455 [INFO] WiFi is working.
2025-09-10 01:22:52,477 [INFO] WiFi is working.
2025-09-10 01:23:08,498 [INFO] WiFi is working.
2025-09-10 01:23:24,514 [INFO] WiFi is working.
2025-09-10 01:23:40,533 [INFO] WiFi is working.
2025-09-10 01:23:56,554 [INFO] WiFi is working.
2025-09-10 01:24:12,572 [INFO] WiFi is working.
2025-09-10 01:24:28,592 [INFO] WiFi is working.
2025-09-10 01:24:44,616 [INFO] WiFi is working.
2025-09-10 01:25:00,639 [INFO] WiFi is working.
2025-09-10 01:25:16,659 [INFO] WiFi is working.
2025-09-10 01:25:32,679 [INFO] WiFi is working.
2025-09-10 01:25:48,696 [INFO] WiFi is working.
2025-09-10 01:26:04,727 [INFO] WiFi is working.
2025-09-10 01:26:20,748 [INFO] WiFi is working.
2025-09-10 01:26:36,767 [INFO] WiFi is working.
2025-09-10 01:26:52,789 [INFO] WiFi is working.
2025-09-10 01:27:08,816 [INFO] WiFi is working.
2025-09-10 01:27:24,837 [INFO] WiFi is working.
2025-09-10 01:27:40,859 [INFO] WiFi is working.
2025-09-10 01:27:56,879 [INFO] WiFi is working.
2025-09-10 01:28:12,900 [INFO] WiFi is working.
2025-09-10 01:28:28,923 [INFO] WiFi is working.
2025-09-10 01:28:44,944 [INFO] WiFi is working.
2025-09-10 01:29:00,964 [INFO] WiFi is working.
2025-09-10 01:29:16,983 [INFO] WiFi is working.
2025-09-10 01:29:33,007 [INFO] WiFi is working.
2025-09-10 01:29:49,031 [INFO] WiFi is working.
2025-09-10 01:30:05,051 [INFO] WiFi is working.
2025-09-10 01:30:21,070 [INFO] WiFi is working.
2025-09-10 01:30:37,089 [INFO] WiFi is working.
2025-09-10 01:30:53,107 [INFO] WiFi is working.
2025-09-10 01:31:09,127 [INFO] WiFi is working.
2025-09-10 01:31:25,147 [INFO] WiFi is working.
2025-09-10 01:31:41,169 [INFO] WiFi is working.
2025-09-10 01:31:57,188 [INFO] WiFi is working.
2025-09-10 01:32:13,210 [INFO] WiFi is working.
2025-09-10 01:32:29,230 [INFO] WiFi is working.
2025-09-10 01:32:45,250 [INFO] WiFi is working.
2025-09-10 01:33:01,270 [INFO] WiFi is working.
2025-09-10 01:33:17,292 [INFO] WiFi is working.
2025-09-10 01:33:33,313 [INFO] WiFi is working.
2025-09-10 01:33:49,336 [INFO] WiFi is working.
2025-09-10 01:34:05,356 [INFO] WiFi is working.
2025-09-10 01:34:21,376 [INFO] WiFi is working.
2025-09-10 01:34:37,395 [INFO] WiFi is working.
2025-09-10 01:34:53,415 [INFO] WiFi is working.
2025-09-10 01:35:09,434 [INFO] WiFi is working.
2025-09-10 01:35:25,455 [INFO] WiFi is working.
2025-09-10 01:35:41,475 [INFO] WiFi is working.
2025-09-10 01:35:57,498 [INFO] WiFi is working.
2025-09-10 01:36:13,521 [INFO] WiFi is working.
2025-09-10 01:36:29,540 [INFO] WiFi is working.
2025-09-10 01:36:45,565 [INFO] WiFi is working.
2025-09-10 01:37:01,585 [INFO] WiFi is working.
2025-09-10 01:37:17,606 [INFO] WiFi is working.
2025-09-10 01:37:33,626 [INFO] WiFi is working.
2025-09-10 01:37:49,647 [INFO] WiFi is working.
2025-09-10 01:38:05,669 [INFO] WiFi is working.
2025-09-10 01:38:21,694 [INFO] WiFi is working.
2025-09-10 01:38:37,714 [INFO] WiFi is working.
2025-09-10 01:38:53,734 [INFO] WiFi is working.
2025-09-10 01:39:09,751 [INFO] WiFi is working.
2025-09-10 01:39:25,767 [INFO] WiFi is working.
2025-09-10 01:39:41,794 [INFO] WiFi is working.
2025-09-10 01:39:57,813 [INFO] WiFi is working.
2025-09-10 01:40:13,834 [INFO] WiFi is working.
2025-09-10 01:40:29,862 [INFO] WiFi is working.
2025-09-10 01:40:45,886 [INFO] WiFi is working.
2025-09-10 01:41:01,906 [INFO] WiFi is working.
2025-09-10 01:41:17,924 [INFO] WiFi is working.
2025-09-10 01:41:33,947 [INFO] WiFi is working.
2025-09-10 01:41:49,967 [INFO] WiFi is working.
2025-09-10 01:42:05,988 [INFO] WiFi is working.
2025-09-10 01:42:22,008 [INFO] WiFi is working.
2025-09-10 01:42:38,027 [INFO] WiFi is working.
2025-09-10 01:42:54,047 [INFO] WiFi is working.
2025-09-10 01:43:10,071 [INFO] WiFi is working.
2025-09-10 01:43:26,089 [INFO] WiFi is working.
2025-09-10 01:43:42,105 [INFO] WiFi is working.
2025-09-10 01:43:58,124 [INFO] WiFi is working.
2025-09-10 01:44:14,147 [INFO] WiFi is working.
2025-09-10 01:44:30,168 [INFO] WiFi is working.
2025-09-10 01:44:46,192 [INFO] WiFi is working.
2025-09-10 01:45:02,212 [INFO] WiFi is working.
2025-09-10 01:45:18,236 [INFO] WiFi is working.
2025-09-10 01:45:34,256 [INFO] WiFi is working.
2025-09-10 01:45:50,276 [INFO] WiFi is working.
2025-09-10 01:46:06,297 [INFO] WiFi is working.
2025-09-10 01:46:22,316 [INFO] WiFi is working.
2025-09-10 01:46:38,336 [INFO] WiFi is working.
2025-09-10 01:46:54,358 [INFO] WiFi is working.
2025-09-10 01:47:10,379 [INFO] WiFi is working.
2025-09-10 01:47:26,398 [INFO] WiFi is working.
2025-09-10 01:47:42,420 [INFO] WiFi is working.
2025-09-10 01:47:58,443 [INFO] WiFi is working.
2025-09-10 01:48:14,464 [INFO] WiFi is working.
2025-09-10 01:48:30,480 [INFO] WiFi is working.
2025-09-10 01:48:46,500 [INFO] WiFi is working.
2025-09-10 01:49:02,520 [INFO] WiFi is working.
2025-09-10 01:49:18,539 [INFO] WiFi is working.
2025-09-10 01:49:34,560 [INFO] WiFi is working.
2025-09-10 01:49:50,581 [INFO] WiFi is working.
2025-09-10 01:50:06,602 [INFO] WiFi is working.
2025-09-10 01:50:22,617 [INFO] WiFi is working.
2025-09-10 01:50:38,639 [INFO] WiFi is working.
2025-09-10 01:50:54,658 [INFO] WiFi is working.
2025-09-10 01:51:10,678 [INFO] WiFi is working.
2025-09-10 01:51:26,698 [INFO] WiFi is working.
2025-09-10 01:51:42,720 [INFO] WiFi is working.
2025-09-10 01:51:58,736 [INFO] WiFi is working.
2025-09-10 01:52:14,756 [INFO] WiFi is working.
2025-09-10 01:52:30,777 [INFO] WiFi is working.
2025-09-10 01:52:46,802 [INFO] WiFi is working.
2025-09-10 01:53:02,822 [INFO] WiFi is working.
2025-09-10 01:53:18,841 [INFO] WiFi is working.
2025-09-10 01:53:34,863 [INFO] WiFi is working.
2025-09-10 01:53:50,886 [INFO] WiFi is working.
2025-09-10 01:54:06,909 [INFO] WiFi is working.
2025-09-10 01:54:22,927 [INFO] WiFi is working.
2025-09-10 01:54:38,950 [INFO] WiFi is working.
2025-09-10 01:54:54,991 [INFO] WiFi is working.
2025-09-10 01:55:11,014 [INFO] WiFi is working.
2025-09-10 01:55:27,030 [INFO] WiFi is working.
2025-09-10 01:55:43,052 [INFO] WiFi is working.
2025-09-10 01:55:59,073 [INFO] WiFi is working.
2025-09-10 01:56:15,109 [INFO] WiFi is working.
2025-09-10 01:56:31,128 [INFO] WiFi is working.
2025-09-10 01:56:47,150 [INFO] WiFi is working.
2025-09-10 01:57:03,170 [INFO] WiFi is working.
2025-09-10 01:57:29,448 [INFO] WiFi is working.
2025-09-10 01:57:45,475 [INFO] WiFi is working.
2025-09-10 01:58:17,156 [INFO] WiFi is working.
2025-09-10 01:58:33,179 [INFO] WiFi is working.
2025-09-10 01:58:49,204 [INFO] WiFi is working.
2025-09-10 01:59:05,250 [INFO] WiFi is working.
2025-09-10 01:59:21,269 [INFO] WiFi is working.
2025-09-10 01:59:37,294 [INFO] WiFi is working.
2025-09-10 01:59:53,321 [INFO] WiFi is working.
2025-09-10 02:00:09,345 [INFO] WiFi is working.
2025-09-10 02:00:25,377 [INFO] WiFi is working.
2025-09-10 02:00:41,400 [INFO] WiFi is working.
2025-09-10 02:00:57,420 [INFO] WiFi is working.
2025-09-10 02:01:13,440 [INFO] WiFi is working.
2025-09-10 02:01:29,460 [INFO] WiFi is working.
2025-09-10 02:01:45,483 [INFO] WiFi is working.
2025-09-10 02:02:01,513 [INFO] WiFi is working.
2025-09-10 02:02:17,532 [INFO] WiFi is working.
2025-09-10 02:02:33,557 [INFO] WiFi is working.
2025-09-10 02:02:49,581 [INFO] WiFi is working.
2025-09-10 02:03:05,604 [INFO] WiFi is working.
2025-09-10 02:03:21,629 [INFO] WiFi is working.
2025-09-10 02:03:37,653 [INFO] WiFi is working.
2025-09-10 02:03:53,672 [INFO] WiFi is working.
2025-09-10 02:04:09,694 [INFO] WiFi is working.
2025-09-10 02:04:25,723 [INFO] WiFi is working.
2025-09-10 02:04:41,750 [INFO] WiFi is working.
2025-09-10 02:04:57,771 [INFO] WiFi is working.
2025-09-10 02:05:13,795 [INFO] WiFi is working.
2025-09-10 02:05:29,823 [INFO] WiFi is working.
2025-09-10 02:05:45,848 [INFO] WiFi is working.
2025-09-10 02:06:01,871 [INFO] WiFi is working.
2025-09-10 02:06:17,896 [INFO] WiFi is working.
2025-09-10 02:06:33,920 [INFO] WiFi is working.
2025-09-10 02:06:49,944 [INFO] WiFi is working.
2025-09-10 02:07:05,969 [INFO] WiFi is working.
2025-09-10 02:07:21,995 [INFO] WiFi is working.
2025-09-10 02:07:38,020 [INFO] WiFi is working.
2025-09-10 02:07:54,038 [INFO] WiFi is working.
2025-09-10 02:08:10,058 [INFO] WiFi is working.
2025-09-10 02:08:26,082 [INFO] WiFi is working.
2025-09-10 02:08:42,106 [INFO] WiFi is working.
2025-09-10 02:08:58,133 [INFO] WiFi is working.
2025-09-10 02:09:14,156 [INFO] WiFi is working.
2025-09-10 02:09:30,176 [INFO] WiFi is working.
2025-09-10 02:09:46,196 [INFO] WiFi is working.
2025-09-10 02:10:02,218 [INFO] WiFi is working.
2025-09-10 02:10:18,233 [INFO] WiFi is working.
2025-09-10 02:10:34,262 [INFO] WiFi is working.
2025-09-10 02:10:50,280 [INFO] WiFi is working.
2025-09-10 02:11:06,300 [INFO] WiFi is working.
2025-09-10 02:11:22,325 [INFO] WiFi is working.
2025-09-10 02:11:38,346 [INFO] WiFi is working.
2025-09-10 02:11:54,369 [INFO] WiFi is working.
2025-09-10 02:12:10,391 [INFO] WiFi is working.
2025-09-10 02:12:26,413 [INFO] WiFi is working.
2025-09-10 02:12:42,434 [INFO] WiFi is working.
2025-09-10 02:12:58,455 [INFO] WiFi is working.
2025-09-10 02:13:14,475 [INFO] WiFi is working.
2025-09-10 02:13:30,496 [INFO] WiFi is working.
2025-09-10 02:13:46,517 [INFO] WiFi is working.
2025-09-10 02:14:02,539 [INFO] WiFi is working.
2025-09-10 02:14:18,561 [INFO] WiFi is working.
2025-09-10 02:14:34,581 [INFO] WiFi is working.
2025-09-10 02:14:50,603 [INFO] WiFi is working.
2025-09-10 02:15:06,627 [INFO] WiFi is working.
2025-09-10 02:15:22,646 [INFO] WiFi is working.
2025-09-10 02:15:38,668 [INFO] WiFi is working.
2025-09-10 02:15:54,690 [INFO] WiFi is working.
2025-09-10 02:16:10,709 [INFO] WiFi is working.
2025-09-10 02:16:26,727 [INFO] WiFi is working.
2025-09-10 02:16:42,748 [INFO] WiFi is working.
2025-09-10 02:16:58,771 [INFO] WiFi is working.
2025-09-10 02:17:14,793 [INFO] WiFi is working.
2025-09-10 02:17:30,809 [INFO] WiFi is working.
2025-09-10 02:17:46,829 [INFO] WiFi is working.
2025-09-10 02:18:02,844 [INFO] WiFi is working.
2025-09-10 02:18:18,867 [INFO] WiFi is working.
2025-09-10 02:18:34,886 [INFO] WiFi is working.
2025-09-10 02:18:50,908 [INFO] WiFi is working.
2025-09-10 02:19:06,928 [INFO] WiFi is working.
2025-09-10 02:19:22,948 [INFO] WiFi is working.
2025-09-10 02:19:38,967 [INFO] WiFi is working.
2025-09-10 02:19:54,986 [INFO] WiFi is working.
2025-09-10 02:20:11,002 [INFO] WiFi is working.
2025-09-10 02:20:27,023 [INFO] WiFi is working.
2025-09-10 02:20:43,042 [INFO] WiFi is working.
2025-09-10 02:20:59,064 [INFO] WiFi is working.
2025-09-10 02:21:15,083 [INFO] WiFi is working.
2025-09-10 02:21:31,102 [INFO] WiFi is working.
2025-09-10 02:21:47,118 [INFO] WiFi is working.
2025-09-10 02:22:03,141 [INFO] WiFi is working.
2025-09-10 02:22:19,162 [INFO] WiFi is working.
2025-09-10 02:22:35,182 [INFO] WiFi is working.
2025-09-10 02:22:51,204 [INFO] WiFi is working.
2025-09-10 02:23:07,224 [INFO] WiFi is working.
2025-09-10 02:23:23,244 [INFO] WiFi is working.
2025-09-10 02:23:39,270 [INFO] WiFi is working.
2025-09-10 02:23:55,294 [INFO] WiFi is working.
2025-09-10 02:24:11,317 [INFO] WiFi is working.
2025-09-10 02:24:27,336 [INFO] WiFi is working.
2025-09-10 02:24:43,356 [INFO] WiFi is working.
2025-09-10 02:24:59,379 [INFO] WiFi is working.
2025-09-10 02:25:15,418 [INFO] WiFi is working.
2025-09-10 02:25:31,440 [INFO] WiFi is working.
2025-09-10 02:25:47,459 [INFO] WiFi is working.
2025-09-10 02:26:03,480 [INFO] WiFi is working.
2025-09-10 02:26:19,503 [INFO] WiFi is working.
2025-09-10 02:26:35,530 [INFO] WiFi is working.
2025-09-10 02:26:51,554 [INFO] WiFi is working.
2025-09-10 02:27:07,573 [INFO] WiFi is working.
2025-09-10 02:27:23,592 [INFO] WiFi is working.
2025-09-10 02:27:39,616 [INFO] WiFi is working.
2025-09-10 02:27:55,645 [INFO] WiFi is working.
2025-09-10 02:28:11,660 [INFO] WiFi is working.
2025-09-10 02:28:27,682 [INFO] WiFi is working.
2025-09-10 02:28:43,706 [INFO] WiFi is working.
2025-09-10 02:28:59,726 [INFO] WiFi is working.
2025-09-10 02:29:15,750 [INFO] WiFi is working.
2025-09-10 02:29:31,775 [INFO] WiFi is working.
2025-09-10 02:29:47,795 [INFO] WiFi is working.
2025-09-10 02:30:03,814 [INFO] WiFi is working.
2025-09-10 02:30:19,840 [INFO] WiFi is working.
2025-09-10 02:30:35,859 [INFO] WiFi is working.
2025-09-10 02:30:51,881 [INFO] WiFi is working.
2025-09-10 02:31:07,896 [INFO] WiFi is working.
2025-09-10 02:31:23,917 [INFO] WiFi is working.
2025-09-10 02:31:39,936 [INFO] WiFi is working.
2025-09-10 02:31:55,958 [INFO] WiFi is working.
2025-09-10 02:32:11,984 [INFO] WiFi is working.
2025-09-10 02:32:28,004 [INFO] WiFi is working.
2025-09-10 02:32:44,025 [INFO] WiFi is working.
2025-09-10 02:33:00,051 [INFO] WiFi is working.
2025-09-10 02:33:16,071 [INFO] WiFi is working.
2025-09-10 02:33:32,097 [INFO] WiFi is working.
2025-09-10 02:33:48,113 [INFO] WiFi is working.
2025-09-10 02:34:04,133 [INFO] WiFi is working.
2025-09-10 02:34:20,150 [INFO] WiFi is working.
2025-09-10 02:34:36,168 [INFO] WiFi is working.
2025-09-10 02:34:52,189 [INFO] WiFi is working.
2025-09-10 02:35:08,209 [INFO] WiFi is working.
2025-09-10 02:35:24,229 [INFO] WiFi is working.
2025-09-10 02:35:40,250 [INFO] WiFi is working.
2025-09-10 02:35:56,269 [INFO] WiFi is working.
2025-09-10 02:36:12,288 [INFO] WiFi is working.
2025-09-10 02:36:28,311 [INFO] WiFi is working.
2025-09-10 02:36:44,334 [INFO] WiFi is working.
2025-09-10 02:37:00,356 [INFO] WiFi is working.
2025-09-10 02:37:16,379 [INFO] WiFi is working.
2025-09-10 02:37:32,397 [INFO] WiFi is working.
2025-09-10 02:37:48,418 [INFO] WiFi is working.
2025-09-10 02:38:04,438 [INFO] WiFi is working.
2025-09-10 02:38:20,457 [INFO] WiFi is working.
2025-09-10 02:38:36,476 [INFO] WiFi is working.
2025-09-10 02:38:52,496 [INFO] WiFi is working.
2025-09-10 02:39:08,513 [INFO] WiFi is working.
2025-09-10 02:39:24,532 [INFO] WiFi is working.
2025-09-10 02:39:40,556 [INFO] WiFi is working.
2025-09-10 02:39:56,577 [INFO] WiFi is working.
2025-09-10 02:40:12,601 [INFO] WiFi is working.
2025-09-10 02:40:28,624 [INFO] WiFi is working.
2025-09-10 02:40:44,647 [INFO] WiFi is working.
2025-09-10 02:40:59,327 [INFO] WiFi is working.
2025-09-10 02:41:15,353 [INFO] WiFi is working.
2025-10-03 18:17:05,611 [INFO] WiFi is working.
2025-10-03 18:17:21,635 [INFO] WiFi is working.
2025-10-03 18:17:37,660 [INFO] WiFi is working.
2025-10-03 18:17:53,684 [INFO] WiFi is working.
2025-10-03 18:18:09,705 [INFO] WiFi is working.
2025-10-03 18:18:25,729 [INFO] WiFi is working.
2025-10-03 18:18:41,754 [INFO] WiFi is working.
2025-10-03 18:18:57,779 [INFO] WiFi is working.
2025-10-03 18:19:13,803 [INFO] WiFi is working.
2025-10-03 18:19:29,827 [INFO] WiFi is working.
2025-10-03 18:19:45,850 [INFO] WiFi is working.
2025-10-03 18:20:01,874 [INFO] WiFi is working.
2025-10-03 18:20:17,899 [INFO] WiFi is working.
2025-10-03 18:20:33,923 [INFO] WiFi is working.
2025-10-03 18:20:49,946 [INFO] WiFi is working.
2025-10-03 18:21:05,970 [INFO] WiFi is working.
2025-10-03 18:21:21,995 [INFO] WiFi is working.
2025-10-03 18:21:38,020 [INFO] WiFi is working.
2025-10-03 18:21:54,044 [INFO] WiFi is working.
2025-10-03 18:22:10,069 [INFO] WiFi is working.
2025-10-03 18:22:26,094 [INFO] WiFi is working.
2025-10-03 18:22:42,118 [INFO] WiFi is working.
2025-10-03 18:22:58,142 [INFO] WiFi is working.
2025-10-03 18:23:14,167 [INFO] WiFi is working.
2025-10-03 18:23:30,191 [INFO] WiFi is working.
2025-10-03 18:23:46,222 [INFO] WiFi is working.
2025-10-03 18:24:02,246 [INFO] WiFi is working.
2025-10-03 18:24:18,271 [INFO] WiFi is working.
2025-10-03 18:24:34,296 [INFO] WiFi is working.
2025-10-03 18:24:50,320 [INFO] WiFi is working.
2025-10-03 18:25:06,345 [INFO] WiFi is working.
2025-10-03 18:25:22,370 [INFO] WiFi is working.
2025-10-03 18:25:38,393 [INFO] WiFi is working.
2025-10-03 18:25:54,417 [INFO] WiFi is working.
2025-10-03 18:26:10,442 [INFO] WiFi is working.
2025-10-03 18:26:26,465 [INFO] WiFi is working.
2025-10-03 18:26:42,490 [INFO] WiFi is working.
2025-10-03 18:26:58,514 [INFO] WiFi is working.
2025-10-03 18:27:14,539 [INFO] WiFi is working.
2025-10-03 18:27:30,564 [INFO] WiFi is working.
2025-10-03 18:27:46,591 [INFO] WiFi is working.
2025-10-03 18:28:02,615 [INFO] WiFi is working.
2025-10-03 18:28:18,641 [INFO] WiFi is working.
2025-10-03 18:28:34,667 [INFO] WiFi is working.
2025-10-03 18:28:50,693 [INFO] WiFi is working.
2025-10-03 18:29:06,720 [INFO] WiFi is working.
2025-10-03 18:29:22,744 [INFO] WiFi is working.
2025-10-03 18:29:38,769 [INFO] WiFi is working.
2025-10-03 18:29:54,793 [INFO] WiFi is working.
2025-10-03 18:30:10,821 [INFO] WiFi is working.
2025-10-03 18:30:26,845 [INFO] WiFi is working.
2025-10-03 18:30:42,869 [INFO] WiFi is working.
2025-10-03 18:30:58,893 [INFO] WiFi is working.
2025-10-03 18:31:14,922 [INFO] WiFi is working.
2025-10-03 18:31:30,951 [INFO] WiFi is working.
2025-10-03 18:31:46,974 [INFO] WiFi is working.
2025-10-03 18:32:02,999 [INFO] WiFi is working.
2025-10-03 18:32:19,023 [INFO] WiFi is working.
2025-10-03 18:32:35,047 [INFO] WiFi is working.
2025-10-03 18:32:51,073 [INFO] WiFi is working.
2025-10-03 18:33:07,098 [INFO] WiFi is working.
2025-10-03 18:33:23,124 [INFO] WiFi is working.
2025-10-03 18:33:39,149 [INFO] WiFi is working.
2025-10-03 18:33:55,174 [INFO] WiFi is working.
2025-10-03 18:34:11,199 [INFO] WiFi is working.
2025-10-03 18:34:27,223 [INFO] WiFi is working.
2025-10-03 18:34:43,248 [INFO] WiFi is working.
2025-10-03 18:34:59,274 [INFO] WiFi is working.
2025-10-03 18:35:15,298 [INFO] WiFi is working.
2025-10-03 18:35:31,323 [INFO] WiFi is working.
2025-10-03 18:35:47,348 [INFO] WiFi is working.
2025-10-03 18:36:03,377 [INFO] WiFi is working.
2025-10-03 18:36:19,402 [INFO] WiFi is working.
2025-10-03 18:36:35,427 [INFO] WiFi is working.
2025-10-03 18:36:51,453 [INFO] WiFi is working.
2025-10-03 18:37:07,481 [INFO] WiFi is working.
2025-10-03 18:37:23,506 [INFO] WiFi is working.
2025-10-03 18:37:39,531 [INFO] WiFi is working.
2025-10-03 18:37:55,556 [INFO] WiFi is working.
2025-10-03 18:38:11,580 [INFO] WiFi is working.
2025-10-03 18:38:27,604 [INFO] WiFi is working.
2025-10-03 18:38:43,631 [INFO] WiFi is working.
2025-10-03 18:38:59,657 [INFO] WiFi is working.
2025-10-03 18:39:15,681 [INFO] WiFi is working.
2025-10-03 18:39:31,707 [INFO] WiFi is working.
2025-10-03 18:39:47,738 [INFO] WiFi is working.
2025-10-03 18:40:03,765 [INFO] WiFi is working.
2025-10-03 18:40:19,789 [INFO] WiFi is working.
2025-10-03 18:40:35,813 [INFO] WiFi is working.
2025-10-03 18:40:51,838 [INFO] WiFi is working.
2025-10-03 18:41:07,862 [INFO] WiFi is working.
2025-10-03 18:41:23,887 [INFO] WiFi is working.
2025-10-03 18:41:39,911 [INFO] WiFi is working.
2025-10-03 18:41:55,934 [INFO] WiFi is working.
2025-10-03 18:42:11,959 [INFO] WiFi is working.
2025-10-03 18:42:27,984 [INFO] WiFi is working.
2025-10-03 18:42:44,010 [INFO] WiFi is working.
2025-10-03 18:43:00,034 [INFO] WiFi is working.
2025-10-03 18:43:16,059 [INFO] WiFi is working.
2025-10-03 18:43:32,083 [INFO] WiFi is working.
2025-10-03 18:43:48,108 [INFO] WiFi is working.
2025-10-03 18:44:04,132 [INFO] WiFi is working.
2025-10-03 18:44:20,156 [INFO] WiFi is working.
2025-10-03 18:44:36,181 [INFO] WiFi is working.
2025-10-03 18:44:52,205 [INFO] WiFi is working.
2025-10-03 18:45:14,439 [INFO] WiFi is working.
2025-10-03 18:45:30,472 [INFO] WiFi is working.
2025-10-03 18:46:01,391 [INFO] WiFi is working.
2025-10-03 18:46:17,417 [INFO] WiFi is working.
2025-10-03 18:46:33,441 [INFO] WiFi is working.
2025-10-03 18:46:49,467 [INFO] WiFi is working.
2025-10-03 18:47:05,495 [INFO] WiFi is working.
2025-10-03 18:47:21,523 [INFO] WiFi is working.
2025-10-03 18:47:37,550 [INFO] WiFi is working.
2025-10-03 18:47:53,575 [INFO] WiFi is working.
2025-10-03 18:48:09,602 [INFO] WiFi is working.
2025-10-03 18:48:25,628 [INFO] WiFi is working.
2025-10-03 18:48:41,659 [INFO] WiFi is working.
2025-10-03 18:48:57,685 [INFO] WiFi is working.
2025-10-03 18:49:13,714 [INFO] WiFi is working.
2025-10-03 18:49:29,739 [INFO] WiFi is working.
2025-10-03 18:49:45,764 [INFO] WiFi is working.
2025-10-03 18:50:01,789 [INFO] WiFi is working.
2025-10-03 18:50:17,815 [INFO] WiFi is working.
2025-10-03 18:50:33,839 [INFO] WiFi is working.
2025-10-03 18:50:49,864 [INFO] WiFi is working.
2025-10-03 18:51:05,886 [INFO] WiFi is working.
2025-10-03 18:51:21,907 [INFO] WiFi is working.
2025-10-03 18:51:37,933 [INFO] WiFi is working.
2025-10-03 18:51:53,958 [INFO] WiFi is working.
2025-10-03 18:52:09,983 [INFO] WiFi is working.
2025-10-03 18:52:26,008 [INFO] WiFi is working.
2025-10-03 18:52:42,033 [INFO] WiFi is working.
2025-10-03 18:52:58,055 [INFO] WiFi is working.
2025-10-03 18:53:14,080 [INFO] WiFi is working.
2025-10-03 18:53:30,104 [INFO] WiFi is working.
2025-10-03 18:53:46,130 [INFO] WiFi is working.
2025-10-03 18:54:02,155 [INFO] WiFi is working.
2025-10-03 18:54:18,181 [INFO] WiFi is working.
2025-10-03 18:54:34,209 [INFO] WiFi is working.
2025-10-03 18:54:50,234 [INFO] WiFi is working.
2025-10-03 18:55:06,259 [INFO] WiFi is working.
2025-10-03 18:55:22,283 [INFO] WiFi is working.
2025-10-03 18:55:38,307 [INFO] WiFi is working.
2025-10-03 18:55:54,332 [INFO] WiFi is working.
2025-10-03 18:56:10,355 [INFO] WiFi is working.
2025-10-03 18:56:26,383 [INFO] WiFi is working.
2025-10-03 18:56:42,410 [INFO] WiFi is working.
2025-10-03 18:56:58,434 [INFO] WiFi is working.
2025-10-03 18:57:14,458 [INFO] WiFi is working.
2025-10-03 18:57:30,481 [INFO] WiFi is working.
2025-10-03 18:57:46,521 [INFO] WiFi is working.
2025-10-03 18:58:02,546 [INFO] WiFi is working.
2025-10-03 18:58:18,570 [INFO] WiFi is working.
2025-10-03 18:58:34,595 [INFO] WiFi is working.
2025-10-03 18:58:50,620 [INFO] WiFi is working.
2025-10-03 18:59:06,645 [INFO] WiFi is working.
2025-10-03 18:59:22,671 [INFO] WiFi is working.
2025-10-03 18:59:38,696 [INFO] WiFi is working.
2025-10-03 18:59:54,723 [INFO] WiFi is working.
2025-10-03 19:00:10,748 [INFO] WiFi is working.
2025-10-03 19:00:26,772 [INFO] WiFi is working.
2025-10-03 19:00:42,797 [INFO] WiFi is working.
2025-10-03 19:00:58,822 [INFO] WiFi is working.
2025-10-03 19:01:14,847 [INFO] WiFi is working.
2025-10-03 19:01:30,872 [INFO] WiFi is working.
2025-10-03 19:01:46,897 [INFO] WiFi is working.
2025-10-03 19:02:02,921 [INFO] WiFi is working.
2025-10-03 19:02:18,947 [INFO] WiFi is working.
2025-10-03 19:02:34,981 [INFO] WiFi is working.
2025-10-03 19:02:51,006 [INFO] WiFi is working.
2025-10-03 19:03:07,033 [INFO] WiFi is working.
2025-10-03 19:03:23,054 [INFO] WiFi is working.
2025-10-03 19:03:39,079 [INFO] WiFi is working.
2025-10-03 19:03:55,103 [INFO] WiFi is working.
2025-10-03 19:04:11,128 [INFO] WiFi is working.
2025-10-03 19:04:27,153 [INFO] WiFi is working.
2025-10-03 19:04:43,178 [INFO] WiFi is working.
2025-10-03 19:04:59,203 [INFO] WiFi is working.
2025-10-03 19:05:15,228 [INFO] WiFi is working.
2025-10-03 19:05:31,266 [INFO] WiFi is working.
2025-10-03 19:05:47,291 [INFO] WiFi is working.
2025-10-03 19:06:03,315 [INFO] WiFi is working.
2025-10-03 19:06:19,341 [INFO] WiFi is working.
2025-10-03 19:06:35,364 [INFO] WiFi is working.
2025-10-03 19:06:51,393 [INFO] WiFi is working.
2025-10-03 19:07:07,418 [INFO] WiFi is working.
2025-10-03 19:07:23,441 [INFO] WiFi is working.
2025-10-03 19:07:39,466 [INFO] WiFi is working.
2025-10-03 19:07:55,491 [INFO] WiFi is working.
2025-10-03 19:08:11,515 [INFO] WiFi is working.
2025-10-03 19:08:27,541 [INFO] WiFi is working.
2025-10-03 19:08:43,565 [INFO] WiFi is working.
2025-10-03 19:08:59,591 [INFO] WiFi is working.
2025-10-03 19:09:15,616 [INFO] WiFi is working.
2025-10-03 19:09:31,641 [INFO] WiFi is working.
2025-10-03 19:09:47,690 [INFO] WiFi is working.
2025-10-03 19:10:03,716 [INFO] WiFi is working.
2025-10-03 19:10:19,742 [INFO] WiFi is working.
2025-10-03 19:10:35,766 [INFO] WiFi is working.
2025-10-03 19:10:51,792 [INFO] WiFi is working.
2025-10-03 19:11:07,816 [INFO] WiFi is working.
2025-10-03 19:11:23,842 [INFO] WiFi is working.
2025-10-03 19:11:39,866 [INFO] WiFi is working.
2025-10-03 19:11:55,893 [INFO] WiFi is working.
2025-10-03 19:12:11,917 [INFO] WiFi is working.
2025-10-03 19:12:27,942 [INFO] WiFi is working.
2025-10-03 19:12:43,977 [INFO] WiFi is working.
2025-10-03 19:13:00,001 [INFO] WiFi is working.
2025-10-03 19:13:16,027 [INFO] WiFi is working.
2025-10-03 19:13:32,053 [INFO] WiFi is working.
2025-10-03 19:13:48,076 [INFO] WiFi is working.
2025-10-03 19:14:04,102 [INFO] WiFi is working.
2025-10-03 19:14:20,126 [INFO] WiFi is working.
2025-10-03 19:14:36,152 [INFO] WiFi is working.
2025-10-03 19:14:52,178 [INFO] WiFi is working.
2025-10-03 19:15:08,203 [INFO] WiFi is working.
2025-10-03 19:15:24,228 [INFO] WiFi is working.
2025-10-03 19:15:40,253 [INFO] WiFi is working.
2025-10-03 19:15:56,278 [INFO] WiFi is working.
2025-10-03 19:16:12,305 [INFO] WiFi is working.
2025-10-03 19:16:28,330 [INFO] WiFi is working.
2025-10-03 19:16:44,355 [INFO] WiFi is working.
2025-10-03 19:17:00,380 [INFO] WiFi is working.
2025-10-03 19:17:16,404 [INFO] WiFi is working.
2025-10-03 19:17:32,428 [INFO] WiFi is working.
2025-10-03 19:17:48,454 [INFO] WiFi is working.
2025-10-03 19:18:04,480 [INFO] WiFi is working.
2025-10-03 19:18:20,503 [INFO] WiFi is working.
2025-10-03 19:18:36,529 [INFO] WiFi is working.
2025-10-03 19:18:52,553 [INFO] WiFi is working.
2025-10-03 19:19:08,578 [INFO] WiFi is working.
2025-10-03 19:19:24,604 [INFO] WiFi is working.
2025-10-03 19:19:40,629 [INFO] WiFi is working.
2025-10-03 19:19:56,654 [INFO] WiFi is working.
2025-10-03 19:20:12,679 [INFO] WiFi is working.
2025-10-03 19:20:28,703 [INFO] WiFi is working.
2025-10-03 19:20:44,728 [INFO] WiFi is working.
2025-10-03 19:21:00,752 [INFO] WiFi is working.
2025-10-03 19:21:16,777 [INFO] WiFi is working.
2025-10-03 19:21:32,806 [INFO] WiFi is working.
2025-10-03 19:21:48,841 [INFO] WiFi is working.
2025-10-03 19:22:04,865 [INFO] WiFi is working.
2025-10-03 19:22:20,891 [INFO] WiFi is working.
2025-10-03 19:22:36,916 [INFO] WiFi is working.
2025-10-03 19:22:52,943 [INFO] WiFi is working.
2025-10-03 19:23:08,971 [INFO] WiFi is working.
2025-10-03 19:23:24,996 [INFO] WiFi is working.
2025-10-03 19:23:41,021 [INFO] WiFi is working.
2025-10-03 19:23:57,046 [INFO] WiFi is working.
2025-10-03 19:24:13,070 [INFO] WiFi is working.
2025-10-03 19:24:29,095 [INFO] WiFi is working.
2025-10-03 19:24:45,120 [INFO] WiFi is working.
2025-10-03 19:25:01,145 [INFO] WiFi is working.
2025-10-03 19:25:17,171 [INFO] WiFi is working.
2025-10-03 19:25:33,196 [INFO] WiFi is working.
2025-10-03 19:25:49,222 [INFO] WiFi is working.
2025-10-03 19:26:05,248 [INFO] WiFi is working.
2025-10-03 19:26:21,273 [INFO] WiFi is working.
2025-10-03 19:26:37,298 [INFO] WiFi is working.
2025-10-03 19:26:53,323 [INFO] WiFi is working.
2025-10-03 19:27:09,349 [INFO] WiFi is working.
2025-10-03 19:27:25,374 [INFO] WiFi is working.
2025-10-03 19:27:41,399 [INFO] WiFi is working.
2025-10-03 19:27:57,424 [INFO] WiFi is working.
2025-10-03 19:28:13,449 [INFO] WiFi is working.
2025-10-03 19:28:29,474 [INFO] WiFi is working.
2025-10-03 19:28:45,497 [INFO] WiFi is working.
2025-10-03 19:29:01,523 [INFO] WiFi is working.
2025-10-03 19:29:17,547 [INFO] WiFi is working.
2025-10-03 19:29:33,583 [INFO] WiFi is working.
2025-10-03 19:29:49,609 [INFO] WiFi is working.
2025-10-03 19:30:05,633 [INFO] WiFi is working.
2025-10-03 19:30:21,659 [INFO] WiFi is working.
2025-10-03 19:30:37,692 [INFO] WiFi is working.
2025-10-03 19:30:53,719 [INFO] WiFi is working.
2025-10-03 19:31:09,744 [INFO] WiFi is working.
2025-10-03 19:31:25,768 [INFO] WiFi is working.
2025-10-03 19:31:41,794 [INFO] WiFi is working.
2025-10-03 19:31:57,818 [INFO] WiFi is working.
2025-10-03 19:32:13,842 [INFO] WiFi is working.
2025-10-03 19:32:29,868 [INFO] WiFi is working.
2025-10-03 19:32:45,900 [INFO] WiFi is working.
2025-10-03 19:33:01,925 [INFO] WiFi is working.
2025-10-03 19:33:17,952 [INFO] WiFi is working.
2025-10-03 19:33:33,977 [INFO] WiFi is working.
2025-10-03 19:33:50,002 [INFO] WiFi is working.
2025-10-03 19:34:06,027 [INFO] WiFi is working.
2025-10-03 19:34:22,052 [INFO] WiFi is working.
2025-10-03 19:34:38,076 [INFO] WiFi is working.
2025-10-03 19:34:54,115 [INFO] WiFi is working.
2025-10-03 19:35:10,140 [INFO] WiFi is working.
2025-10-03 19:35:26,166 [INFO] WiFi is working.
2025-10-03 19:35:42,191 [INFO] WiFi is working.
2025-10-03 19:35:58,217 [INFO] WiFi is working.
2025-10-03 19:36:14,245 [INFO] WiFi is working.
2025-10-03 19:36:30,271 [INFO] WiFi is working.
2025-10-03 19:36:46,296 [INFO] WiFi is working.
2025-10-03 19:37:02,321 [INFO] WiFi is working.
2025-10-03 19:37:18,346 [INFO] WiFi is working.
2025-10-03 19:37:34,389 [INFO] WiFi is working.
2025-10-03 19:37:50,415 [INFO] WiFi is working.
2025-10-03 19:38:06,441 [INFO] WiFi is working.
2025-10-03 19:38:22,466 [INFO] WiFi is working.
2025-10-03 19:38:38,492 [INFO] WiFi is working.
2025-10-03 19:38:54,517 [INFO] WiFi is working.
2025-10-03 19:39:10,542 [INFO] WiFi is working.
2025-10-03 19:39:26,567 [INFO] WiFi is working.
2025-10-03 19:39:42,592 [INFO] WiFi is working.
2025-10-03 19:39:58,619 [INFO] WiFi is working.
2025-10-03 19:40:14,644 [INFO] WiFi is working.
2025-10-03 19:40:30,668 [INFO] WiFi is working.
2025-10-03 19:40:46,693 [INFO] WiFi is working.
2025-10-03 19:41:02,717 [INFO] WiFi is working.
2025-10-03 19:41:18,742 [INFO] WiFi is working.
2025-10-03 19:41:34,767 [INFO] WiFi is working.
2025-10-03 19:41:50,793 [INFO] WiFi is working.
2025-10-03 19:42:06,819 [INFO] WiFi is working.
2025-10-03 19:42:22,846 [INFO] WiFi is working.
2025-10-03 19:42:38,872 [INFO] WiFi is working.
2025-10-03 19:42:54,896 [INFO] WiFi is working.
2025-10-03 19:43:10,921 [INFO] WiFi is working.
2025-10-03 19:43:26,946 [INFO] WiFi is working.
2025-10-03 19:43:42,971 [INFO] WiFi is working.
2025-10-03 19:43:58,996 [INFO] WiFi is working.
2025-10-03 19:44:15,021 [INFO] WiFi is working.
2025-10-03 19:44:31,049 [INFO] WiFi is working.
2025-10-03 19:44:47,075 [INFO] WiFi is working.
2025-10-03 19:45:03,100 [INFO] WiFi is working.
2025-10-03 19:45:19,128 [INFO] WiFi is working.
2025-10-03 19:45:35,163 [INFO] WiFi is working.
2025-10-03 19:45:51,188 [INFO] WiFi is working.
2025-10-03 19:46:07,213 [INFO] WiFi is working.
2025-10-03 19:46:23,239 [INFO] WiFi is working.
2025-10-03 19:46:39,264 [INFO] WiFi is working.
2025-10-03 19:46:55,288 [INFO] WiFi is working.
2025-10-03 19:47:11,313 [INFO] WiFi is working.
2025-10-03 19:47:27,338 [INFO] WiFi is working.
2025-10-03 19:47:43,362 [INFO] WiFi is working.
2025-10-03 19:47:59,388 [INFO] WiFi is working.
2025-10-03 19:48:15,413 [INFO] WiFi is working.
2025-10-03 19:48:31,437 [INFO] WiFi is working.
2025-10-03 19:48:47,462 [INFO] WiFi is working.
2025-10-03 19:49:03,496 [INFO] WiFi is working.
2025-10-03 19:49:19,521 [INFO] WiFi is working.
2025-10-03 19:49:35,546 [INFO] WiFi is working.
2025-10-03 19:49:51,571 [INFO] WiFi is working.
2025-10-03 19:50:07,596 [INFO] WiFi is working.
2025-10-03 19:50:23,621 [INFO] WiFi is working.
2025-10-03 19:50:39,646 [INFO] WiFi is working.
2025-10-03 19:50:55,670 [INFO] WiFi is working.
2025-10-03 19:51:11,696 [INFO] WiFi is working.
2025-10-03 19:51:27,724 [INFO] WiFi is working.
2025-10-03 19:51:43,749 [INFO] WiFi is working.
2025-10-03 19:51:59,774 [INFO] WiFi is working.
2025-10-03 19:52:15,799 [INFO] WiFi is working.
2025-10-03 19:52:31,824 [INFO] WiFi is working.
2025-10-03 19:52:47,849 [INFO] WiFi is working.
2025-10-03 19:53:03,874 [INFO] WiFi is working.
2025-10-03 19:53:19,899 [INFO] WiFi is working.
2025-10-03 19:53:35,924 [INFO] WiFi is working.
2025-10-03 19:53:51,948 [INFO] WiFi is working.
2025-10-03 19:54:07,973 [INFO] WiFi is working.
2025-10-03 19:54:23,998 [INFO] WiFi is working.
2025-10-03 19:54:40,023 [INFO] WiFi is working.
2025-10-03 19:54:56,047 [INFO] WiFi is working.
2025-10-03 19:55:12,074 [INFO] WiFi is working.
2025-10-03 19:55:28,100 [INFO] WiFi is working.
2025-10-03 19:55:44,125 [INFO] WiFi is working.
2025-10-03 19:56:00,152 [INFO] WiFi is working.
2025-10-03 19:56:16,177 [INFO] WiFi is working.
2025-10-03 19:56:32,203 [INFO] WiFi is working.
2025-10-03 19:56:48,227 [INFO] WiFi is working.
2025-10-03 19:57:04,251 [INFO] WiFi is working.
2025-10-03 19:57:20,275 [INFO] WiFi is working.
2025-10-03 19:57:36,301 [INFO] WiFi is working.
2025-10-03 19:57:52,345 [INFO] WiFi is working.
2025-10-03 19:58:08,370 [INFO] WiFi is working.
2025-10-03 19:58:24,396 [INFO] WiFi is working.
2025-10-03 19:58:40,420 [INFO] WiFi is working.
2025-10-03 19:58:56,448 [INFO] WiFi is working.
2025-10-03 19:59:12,472 [INFO] WiFi is working.
2025-10-03 19:59:28,497 [INFO] WiFi is working.
2025-10-03 19:59:44,522 [INFO] WiFi is working.
2025-10-03 20:00:00,548 [INFO] WiFi is working.
2025-10-03 20:00:16,573 [INFO] WiFi is working.
2025-10-03 20:00:32,599 [INFO] WiFi is working.
2025-10-03 20:00:48,623 [INFO] WiFi is working.
2025-10-03 20:01:04,651 [INFO] WiFi is working.
2025-10-03 20:01:20,675 [INFO] WiFi is working.
2025-10-03 20:01:36,701 [INFO] WiFi is working.
2025-10-03 20:01:52,726 [INFO] WiFi is working.
2025-10-03 20:02:08,751 [INFO] WiFi is working.
2025-10-03 20:02:24,776 [INFO] WiFi is working.
2025-10-03 20:02:40,799 [INFO] WiFi is working.
2025-10-03 20:02:56,826 [INFO] WiFi is working.
2025-10-03 20:03:12,851 [INFO] WiFi is working.
2025-10-03 20:03:28,876 [INFO] WiFi is working.
2025-10-03 20:03:44,902 [INFO] WiFi is working.
2025-10-03 20:04:00,928 [INFO] WiFi is working.
2025-10-03 20:04:16,953 [INFO] WiFi is working.
2025-10-03 20:04:32,977 [INFO] WiFi is working.
2025-10-03 20:04:49,015 [INFO] WiFi is working.
2025-10-03 20:05:05,041 [INFO] WiFi is working.
2025-10-03 20:05:21,066 [INFO] WiFi is working.
2025-10-03 20:05:37,092 [INFO] WiFi is working.
2025-10-03 20:05:53,117 [INFO] WiFi is working.
2025-10-03 20:06:09,154 [INFO] WiFi is working.
2025-10-03 20:06:25,180 [INFO] WiFi is working.
2025-10-03 20:06:41,208 [INFO] WiFi is working.
2025-10-03 20:06:57,233 [INFO] WiFi is working.
2025-10-03 20:07:13,253 [INFO] WiFi is working.
2025-10-03 20:07:29,278 [INFO] WiFi is working.
2025-10-03 20:07:45,304 [INFO] WiFi is working.
2025-10-03 20:08:01,329 [INFO] WiFi is working.
2025-10-03 20:08:17,354 [INFO] WiFi is working.
2025-10-03 20:08:33,381 [INFO] WiFi is working.
2025-10-03 20:08:49,409 [INFO] WiFi is working.
2025-10-03 20:09:05,442 [INFO] WiFi is working.
2025-10-03 20:09:21,467 [INFO] WiFi is working.
2025-10-03 20:09:37,493 [INFO] WiFi is working.
2025-10-03 20:09:53,520 [INFO] WiFi is working.
2025-10-03 20:10:09,545 [INFO] WiFi is working.
2025-10-03 20:10:25,569 [INFO] WiFi is working.
2025-10-03 20:10:41,593 [INFO] WiFi is working.
2025-10-03 20:10:57,621 [INFO] WiFi is working.
2025-10-03 20:11:13,645 [INFO] WiFi is working.
2025-10-03 20:11:29,671 [INFO] WiFi is working.
2025-10-03 20:11:45,696 [INFO] WiFi is working.
2025-10-03 20:12:01,721 [INFO] WiFi is working.
2025-10-03 20:12:17,746 [INFO] WiFi is working.
2025-10-03 20:12:33,772 [INFO] WiFi is working.
2025-10-03 20:12:49,800 [INFO] WiFi is working.
2025-10-03 20:13:05,823 [INFO] WiFi is working.
2025-10-03 20:13:21,849 [INFO] WiFi is working.
2025-10-03 20:13:37,874 [INFO] WiFi is working.
2025-10-03 20:13:53,903 [INFO] WiFi is working.
2025-10-03 20:14:09,929 [INFO] WiFi is working.
2025-10-03 20:14:25,954 [INFO] WiFi is working.
2025-10-03 20:14:41,978 [INFO] WiFi is working.
2025-10-03 20:14:58,004 [INFO] WiFi is working.
2025-10-03 20:15:14,029 [INFO] WiFi is working.
2025-10-03 20:15:30,054 [INFO] WiFi is working.
2025-10-03 20:15:46,077 [INFO] WiFi is working.
2025-10-03 20:16:02,101 [INFO] WiFi is working.
2025-10-03 20:16:18,128 [INFO] WiFi is working.
2025-10-03 20:16:34,154 [INFO] WiFi is working.
2025-10-03 20:16:50,180 [INFO] WiFi is working.
2025-10-03 20:17:06,206 [INFO] WiFi is working.
2025-10-03 20:17:22,231 [INFO] WiFi is working.
2025-10-03 20:17:38,252 [INFO] WiFi is working.
2025-10-03 20:17:54,280 [INFO] WiFi is working.
2025-10-03 20:18:10,305 [INFO] WiFi is working.
2025-10-03 20:18:26,346 [INFO] WiFi is working.
2025-10-03 20:18:42,370 [INFO] WiFi is working.
2025-10-03 20:18:58,395 [INFO] WiFi is working.
2025-10-03 20:19:14,421 [INFO] WiFi is working.
2025-10-03 20:19:30,446 [INFO] WiFi is working.
2025-10-03 20:19:46,471 [INFO] WiFi is working.
2025-10-03 20:20:02,496 [INFO] WiFi is working.
2025-10-03 20:20:18,522 [INFO] WiFi is working.
2025-10-03 20:20:34,546 [INFO] WiFi is working.
2025-10-03 20:20:50,571 [INFO] WiFi is working.
2025-10-03 20:21:06,595 [INFO] WiFi is working.
2025-10-03 20:21:22,620 [INFO] WiFi is working.
2025-10-03 20:21:38,646 [INFO] WiFi is working.
2025-10-03 20:21:54,670 [INFO] WiFi is working.
2025-10-03 20:22:10,697 [INFO] WiFi is working.
2025-10-03 20:22:26,722 [INFO] WiFi is working.
2025-10-03 20:22:42,748 [INFO] WiFi is working.
2025-10-03 20:22:58,781 [INFO] WiFi is working.
2025-10-03 20:23:14,806 [INFO] WiFi is working.
2025-10-03 20:23:30,832 [INFO] WiFi is working.
2025-10-03 20:23:46,857 [INFO] WiFi is working.
2025-10-03 20:24:02,882 [INFO] WiFi is working.
2025-10-03 20:24:18,906 [INFO] WiFi is working.
2025-10-03 20:24:34,930 [INFO] WiFi is working.
2025-10-03 20:24:50,954 [INFO] WiFi is working.
2025-10-03 20:25:06,986 [INFO] WiFi is working.
2025-10-03 20:25:23,012 [INFO] WiFi is working.
2025-10-03 20:25:39,038 [INFO] WiFi is working.
2025-10-03 20:25:55,063 [INFO] WiFi is working.
2025-10-03 20:26:11,092 [INFO] WiFi is working.
2025-10-03 20:26:27,120 [INFO] WiFi is working.
2025-10-03 20:26:43,145 [INFO] WiFi is working.
2025-10-03 20:26:59,170 [INFO] WiFi is working.
2025-10-03 20:27:15,195 [INFO] WiFi is working.
2025-10-03 20:27:31,220 [INFO] WiFi is working.
2025-10-03 20:27:47,245 [INFO] WiFi is working.
2025-10-03 20:28:03,267 [INFO] WiFi is working.
2025-10-03 20:28:19,293 [INFO] WiFi is working.
2025-10-03 20:28:35,317 [INFO] WiFi is working.
2025-10-03 20:28:51,343 [INFO] WiFi is working.
2025-10-03 20:29:07,378 [INFO] WiFi is working.
2025-10-03 20:29:23,403 [INFO] WiFi is working.
2025-10-03 20:29:39,428 [INFO] WiFi is working.
2025-10-03 20:29:55,454 [INFO] WiFi is working.
2025-10-03 20:30:11,478 [INFO] WiFi is working.
2025-10-03 20:30:27,504 [INFO] WiFi is working.
2025-10-03 20:30:43,530 [INFO] WiFi is working.
2025-10-03 20:30:59,556 [INFO] WiFi is working.
2025-10-03 20:31:15,582 [INFO] WiFi is working.
2025-10-03 20:31:31,607 [INFO] WiFi is working.
2025-10-03 20:31:47,632 [INFO] WiFi is working.
2025-10-03 20:32:03,659 [INFO] WiFi is working.
2025-10-03 20:32:19,684 [INFO] WiFi is working.
2025-10-03 20:32:35,709 [INFO] WiFi is working.
2025-10-03 20:32:51,737 [INFO] WiFi is working.
2025-10-03 20:33:07,765 [INFO] WiFi is working.
2025-10-03 20:33:23,791 [INFO] WiFi is working.
2025-10-03 20:33:39,817 [INFO] WiFi is working.
2025-10-03 20:33:55,841 [INFO] WiFi is working.
2025-10-03 20:34:11,866 [INFO] WiFi is working.
2025-10-03 20:34:27,892 [INFO] WiFi is working.
2025-10-03 20:34:43,917 [INFO] WiFi is working.
2025-10-03 20:34:59,942 [INFO] WiFi is working.
2025-10-03 20:35:15,965 [INFO] WiFi is working.
2025-10-03 20:35:31,990 [INFO] WiFi is working.
2025-10-03 20:35:48,020 [INFO] WiFi is working.
2025-10-03 20:36:04,048 [INFO] WiFi is working.
2025-10-03 20:36:20,073 [INFO] WiFi is working.
2025-10-03 20:36:36,097 [INFO] WiFi is working.
2025-10-03 20:36:52,122 [INFO] WiFi is working.
2025-10-03 20:37:08,148 [INFO] WiFi is working.
2025-10-03 20:37:24,173 [INFO] WiFi is working.
2025-10-03 20:37:40,198 [INFO] WiFi is working.
2025-10-03 20:37:56,225 [INFO] WiFi is working.
2025-10-03 20:38:12,250 [INFO] WiFi is working.
2025-10-03 20:38:28,274 [INFO] WiFi is working.
2025-10-03 20:38:44,300 [INFO] WiFi is working.
2025-10-03 20:39:00,326 [INFO] WiFi is working.
2025-10-03 20:39:16,351 [INFO] WiFi is working.
2025-10-03 20:39:32,376 [INFO] WiFi is working.
2025-10-03 20:39:48,403 [INFO] WiFi is working.
2025-10-03 20:40:04,429 [INFO] WiFi is working.
2025-10-03 20:40:20,455 [INFO] WiFi is working.
2025-10-03 20:40:36,475 [INFO] WiFi is working.
2025-10-03 20:40:52,500 [INFO] WiFi is working.
2025-10-03 20:41:08,525 [INFO] WiFi is working.
2025-10-03 20:41:24,552 [INFO] WiFi is working.
2025-10-03 20:41:40,577 [INFO] WiFi is working.
2025-10-03 20:41:56,601 [INFO] WiFi is working.
2025-10-03 20:42:12,625 [INFO] WiFi is working.
2025-10-03 20:42:28,650 [INFO] WiFi is working.
2025-10-03 20:42:44,676 [INFO] WiFi is working.
2025-10-03 20:43:00,701 [INFO] WiFi is working.
2025-10-03 20:43:16,726 [INFO] WiFi is working.
2025-10-03 20:43:32,763 [INFO] WiFi is working.
2025-10-03 20:43:48,790 [INFO] WiFi is working.
2025-10-03 20:44:04,815 [INFO] WiFi is working.
2025-10-03 20:44:20,854 [INFO] WiFi is working.
2025-10-03 20:44:36,879 [INFO] WiFi is working.
2025-10-03 20:44:52,904 [INFO] WiFi is working.
2025-10-03 20:45:08,931 [INFO] WiFi is working.
2025-10-03 20:45:24,955 [INFO] WiFi is working.
2025-10-03 20:45:40,980 [INFO] WiFi is working.
2025-10-03 20:45:57,006 [INFO] WiFi is working.
2025-10-03 20:46:13,031 [INFO] WiFi is working.
2025-10-03 20:46:29,057 [INFO] WiFi is working.
2025-10-03 20:46:45,082 [INFO] WiFi is working.
2025-10-03 20:47:01,107 [INFO] WiFi is working.
2025-10-03 20:47:17,133 [INFO] WiFi is working.
2025-10-03 20:47:33,159 [INFO] WiFi is working.
2025-10-03 20:47:49,189 [INFO] WiFi is working.
2025-10-03 20:48:05,214 [INFO] WiFi is working.
2025-10-03 20:48:21,238 [INFO] WiFi is working.
2025-10-03 20:48:37,264 [INFO] WiFi is working.
2025-10-03 20:48:53,286 [INFO] WiFi is working.
2025-10-03 20:49:09,310 [INFO] WiFi is working.
2025-10-03 20:49:25,334 [INFO] WiFi is working.
2025-10-03 20:49:41,360 [INFO] WiFi is working.
2025-10-03 20:49:57,381 [INFO] WiFi is working.
2025-10-03 20:50:13,406 [INFO] WiFi is working.
2025-10-03 20:50:29,438 [INFO] WiFi is working.
2025-10-03 20:50:45,463 [INFO] WiFi is working.
2025-10-03 20:51:01,489 [INFO] WiFi is working.
2025-10-03 20:51:17,517 [INFO] WiFi is working.
2025-10-03 20:51:33,541 [INFO] WiFi is working.
2025-10-03 20:51:49,568 [INFO] WiFi is working.
2025-10-03 20:52:05,601 [INFO] WiFi is working.
2025-10-03 20:52:21,626 [INFO] WiFi is working.
2025-10-03 20:52:37,652 [INFO] WiFi is working.
2025-10-03 20:52:53,676 [INFO] WiFi is working.
2025-10-03 20:53:09,703 [INFO] WiFi is working.
2025-10-03 20:53:25,729 [INFO] WiFi is working.
2025-10-03 20:53:41,755 [INFO] WiFi is working.
2025-10-03 20:53:57,780 [INFO] WiFi is working.
2025-10-03 20:54:13,807 [INFO] WiFi is working.
2025-10-03 20:54:29,832 [INFO] WiFi is working.
2025-10-03 20:54:45,857 [INFO] WiFi is working.
2025-10-03 20:55:01,882 [INFO] WiFi is working.
2025-10-03 20:55:17,908 [INFO] WiFi is working.
2025-10-03 20:55:33,936 [INFO] WiFi is working.
2025-10-03 20:55:49,961 [INFO] WiFi is working.
2025-10-03 20:56:05,987 [INFO] WiFi is working.
2025-10-03 20:56:22,012 [INFO] WiFi is working.
2025-10-03 20:56:38,037 [INFO] WiFi is working.
2025-10-03 20:56:54,062 [INFO] WiFi is working.
2025-10-03 20:57:10,085 [INFO] WiFi is working.
2025-10-03 20:57:26,106 [INFO] WiFi is working.
2025-10-03 20:57:42,132 [INFO] WiFi is working.
2025-10-03 20:57:58,156 [INFO] WiFi is working.
2025-10-03 20:58:14,180 [INFO] WiFi is working.
2025-10-03 20:58:30,204 [INFO] WiFi is working.
2025-10-03 20:58:46,228 [INFO] WiFi is working.
2025-10-03 20:59:02,253 [INFO] WiFi is working.
2025-10-03 20:59:18,278 [INFO] WiFi is working.
2025-10-03 20:59:34,303 [INFO] WiFi is working.
2025-10-03 20:59:50,328 [INFO] WiFi is working.
2025-10-03 21:00:06,353 [INFO] WiFi is working.
2025-10-03 21:00:22,378 [INFO] WiFi is working.
2025-10-03 21:00:38,405 [INFO] WiFi is working.
2025-10-03 21:00:54,430 [INFO] WiFi is working.
2025-10-03 21:01:10,456 [INFO] WiFi is working.
2025-10-03 21:01:26,481 [INFO] WiFi is working.
2025-10-03 21:01:42,503 [INFO] WiFi is working.
2025-10-03 21:01:58,528 [INFO] WiFi is working.
2025-10-03 21:02:14,559 [INFO] WiFi is working.
2025-10-03 21:02:30,584 [INFO] WiFi is working.
2025-10-03 21:02:46,609 [INFO] WiFi is working.
2025-10-03 21:03:02,633 [INFO] WiFi is working.
2025-10-03 21:03:18,658 [INFO] WiFi is working.
2025-10-03 21:03:34,683 [INFO] WiFi is working.
2025-10-03 21:03:50,710 [INFO] WiFi is working.
2025-10-03 21:04:06,737 [INFO] WiFi is working.
2025-10-03 21:04:22,762 [INFO] WiFi is working.
2025-10-03 21:04:38,787 [INFO] WiFi is working.
2025-10-03 21:04:54,812 [INFO] WiFi is working.
2025-10-03 21:05:10,838 [INFO] WiFi is working.
2025-10-03 21:05:26,864 [INFO] WiFi is working.
2025-10-03 21:05:42,889 [INFO] WiFi is working.
2025-10-03 21:05:58,914 [INFO] WiFi is working.
2025-10-03 21:06:14,942 [INFO] WiFi is working.
2025-10-03 21:06:30,968 [INFO] WiFi is working.
2025-10-03 21:06:47,008 [INFO] WiFi is working.
2025-10-03 21:07:03,055 [INFO] WiFi is working.
2025-10-03 21:07:19,080 [INFO] WiFi is working.
2025-10-03 21:07:35,105 [INFO] WiFi is working.
2025-10-03 21:07:51,129 [INFO] WiFi is working.
2025-10-03 21:08:07,155 [INFO] WiFi is working.
2025-10-03 21:08:23,179 [INFO] WiFi is working.
2025-10-03 21:08:39,204 [INFO] WiFi is working.
2025-10-03 21:08:55,229 [INFO] WiFi is working.
2025-10-03 21:09:11,256 [INFO] WiFi is working.
2025-10-03 21:09:27,280 [INFO] WiFi is working.
2025-10-03 21:09:43,306 [INFO] WiFi is working.
2025-10-03 21:09:59,331 [INFO] WiFi is working.
2025-10-03 21:10:15,355 [INFO] WiFi is working.
2025-10-03 21:10:31,380 [INFO] WiFi is working.
2025-10-03 21:10:47,405 [INFO] WiFi is working.
2025-10-03 21:11:03,427 [INFO] WiFi is working.
2025-10-03 21:11:19,453 [INFO] WiFi is working.
2025-10-03 21:11:35,479 [INFO] WiFi is working.
2025-10-03 21:11:51,504 [INFO] WiFi is working.
2025-10-03 21:12:07,529 [INFO] WiFi is working.
2025-10-03 21:12:23,554 [INFO] WiFi is working.
2025-10-03 21:12:39,579 [INFO] WiFi is working.
2025-10-03 21:12:55,605 [INFO] WiFi is working.
2025-10-03 21:13:11,631 [INFO] WiFi is working.
2025-10-03 21:13:27,656 [INFO] WiFi is working.
2025-10-03 21:13:43,680 [INFO] WiFi is working.
2025-10-03 21:13:59,704 [INFO] WiFi is working.
2025-10-03 21:14:15,730 [INFO] WiFi is working.
2025-10-03 21:14:31,755 [INFO] WiFi is working.
2025-10-03 21:14:47,780 [INFO] WiFi is working.
2025-10-03 21:15:03,805 [INFO] WiFi is working.
2025-10-03 21:15:19,830 [INFO] WiFi is working.
2025-10-03 21:15:35,858 [INFO] WiFi is working.
2025-10-03 21:15:51,883 [INFO] WiFi is working.
2025-10-03 21:16:07,933 [INFO] WiFi is working.
2025-10-03 21:16:23,957 [INFO] WiFi is working.
2025-10-03 21:16:39,982 [INFO] WiFi is working.
2025-10-03 21:16:56,006 [INFO] WiFi is working.
2025-10-03 21:17:12,031 [INFO] WiFi is working.
2025-10-03 21:17:28,056 [INFO] WiFi is working.
2025-10-03 21:17:44,083 [INFO] WiFi is working.
2025-10-03 21:18:00,108 [INFO] WiFi is working.
2025-10-03 21:18:16,134 [INFO] WiFi is working.
2025-10-03 21:18:32,158 [INFO] WiFi is working.
2025-10-03 21:18:48,176 [INFO] WiFi is working.
2025-10-03 21:19:04,203 [INFO] WiFi is working.
2025-10-03 21:19:20,225 [INFO] WiFi is working.
2025-10-03 21:19:36,243 [INFO] WiFi is working.
2025-10-03 21:19:52,289 [INFO] WiFi is working.
2025-10-03 21:20:08,321 [INFO] WiFi is working.
2025-10-03 21:20:24,350 [INFO] WiFi is working.
2025-10-03 21:20:40,372 [INFO] WiFi is working.
2025-10-03 21:20:56,393 [INFO] WiFi is working.
2025-10-03 21:21:12,419 [INFO] WiFi is working.
2025-10-03 21:21:28,439 [INFO] WiFi is working.
2025-10-03 21:21:44,460 [INFO] WiFi is working.
2025-10-03 21:22:00,477 [INFO] WiFi is working.
2025-10-03 21:22:16,498 [INFO] WiFi is working.
2025-10-03 21:22:32,519 [INFO] WiFi is working.
2025-10-03 21:22:48,540 [INFO] WiFi is working.
2025-10-03 21:23:04,562 [INFO] WiFi is working.
2025-10-03 21:23:20,583 [INFO] WiFi is working.
2025-10-03 21:23:36,604 [INFO] WiFi is working.
2025-10-03 21:23:52,624 [INFO] WiFi is working.
2025-10-03 21:24:08,645 [INFO] WiFi is working.
2025-10-03 21:24:24,666 [INFO] WiFi is working.
2025-10-03 21:24:40,687 [INFO] WiFi is working.
2025-10-03 21:24:56,708 [INFO] WiFi is working.
2025-10-03 21:25:12,730 [INFO] WiFi is working.
2025-10-03 21:25:28,751 [INFO] WiFi is working.
2025-10-03 21:25:44,776 [INFO] WiFi is working.
2025-10-03 21:26:00,796 [INFO] WiFi is working.
2025-10-03 21:26:16,819 [INFO] WiFi is working.
2025-10-03 21:26:32,841 [INFO] WiFi is working.
2025-10-03 21:26:48,862 [INFO] WiFi is working.
2025-10-03 21:27:04,885 [INFO] WiFi is working.
2025-10-03 21:27:20,907 [INFO] WiFi is working.
2025-10-03 21:27:36,927 [INFO] WiFi is working.
2025-10-03 21:27:52,949 [INFO] WiFi is working.
2025-10-03 21:28:08,973 [INFO] WiFi is working.
2025-10-03 21:28:24,995 [INFO] WiFi is working.
2025-10-03 21:28:41,017 [INFO] WiFi is working.
2025-10-03 21:28:57,040 [INFO] WiFi is working.
2025-10-03 21:29:13,061 [INFO] WiFi is working.
2025-10-03 21:29:29,082 [INFO] WiFi is working.
2025-10-03 21:29:45,103 [INFO] WiFi is working.
2025-10-03 21:30:01,120 [INFO] WiFi is working.
2025-10-03 21:30:17,139 [INFO] WiFi is working.
2025-10-03 21:30:33,155 [INFO] WiFi is working.
2025-10-03 21:30:49,179 [INFO] WiFi is working.
2025-10-03 21:31:05,200 [INFO] WiFi is working.
2025-10-03 21:31:21,223 [INFO] WiFi is working.
2025-10-03 21:31:37,240 [INFO] WiFi is working.
2025-10-03 21:31:53,265 [INFO] WiFi is working.
2025-10-03 21:32:09,293 [INFO] WiFi is working.
2025-10-03 21:32:25,314 [INFO] WiFi is working.
2025-10-03 21:32:41,334 [INFO] WiFi is working.
2025-10-03 21:32:57,354 [INFO] WiFi is working.
2025-10-03 21:33:13,378 [INFO] WiFi is working.
2025-10-03 21:33:29,403 [INFO] WiFi is working.
2025-10-03 21:33:45,424 [INFO] WiFi is working.
2025-10-03 21:34:01,449 [INFO] WiFi is working.
2025-10-03 21:34:17,475 [INFO] WiFi is working.
2025-10-03 21:34:33,495 [INFO] WiFi is working.
2025-10-03 21:34:49,520 [INFO] WiFi is working.
2025-10-03 21:35:05,546 [INFO] WiFi is working.
2025-10-03 21:35:21,571 [INFO] WiFi is working.
2025-10-03 21:35:37,595 [INFO] WiFi is working.
2025-10-03 21:35:53,621 [INFO] WiFi is working.
2025-10-03 21:36:09,646 [INFO] WiFi is working.
2025-10-03 21:36:25,671 [INFO] WiFi is working.
2025-10-03 21:36:41,698 [INFO] WiFi is working.
2025-10-03 21:36:57,723 [INFO] WiFi is working.
2025-10-03 21:37:13,755 [INFO] WiFi is working.
2025-10-03 21:37:29,780 [INFO] WiFi is working.
2025-10-03 21:37:45,806 [INFO] WiFi is working.
2025-10-03 21:38:01,832 [INFO] WiFi is working.
2025-10-03 21:38:17,856 [INFO] WiFi is working.
2025-10-03 21:38:33,882 [INFO] WiFi is working.
2025-10-03 21:38:49,918 [INFO] WiFi is working.
2025-10-03 21:39:05,942 [INFO] WiFi is working.
2025-10-03 21:39:21,968 [INFO] WiFi is working.
2025-10-03 21:39:48,002 [INFO] WiFi is working.
2025-10-03 21:40:04,026 [INFO] WiFi is working.
2025-10-03 21:40:20,061 [INFO] WiFi is working.
2025-10-03 21:40:36,087 [INFO] WiFi is working.
2025-10-03 21:40:52,113 [INFO] WiFi is working.
2025-10-03 21:41:08,132 [INFO] WiFi is working.
2025-10-03 21:41:24,157 [INFO] WiFi is working.
2025-10-03 21:41:40,215 [INFO] WiFi is working.
2025-10-03 21:41:56,237 [INFO] WiFi is working.
2025-10-03 21:42:12,265 [INFO] WiFi is working.
2025-10-03 21:42:28,289 [INFO] WiFi is working.
2025-10-03 21:42:44,314 [INFO] WiFi is working.
2025-10-03 21:43:00,340 [INFO] WiFi is working.
2025-10-03 21:43:16,365 [INFO] WiFi is working.
2025-10-03 21:43:32,391 [INFO] WiFi is working.
2025-10-03 21:43:48,416 [INFO] WiFi is working.
2025-10-03 21:44:04,439 [INFO] WiFi is working.
2025-10-03 21:44:20,460 [INFO] WiFi is working.
2025-10-03 21:44:36,484 [INFO] WiFi is working.
2025-10-03 21:44:52,501 [INFO] WiFi is working.
2025-10-03 21:45:08,519 [INFO] WiFi is working.
2025-10-03 21:45:24,542 [INFO] WiFi is working.
2025-10-03 21:45:40,568 [INFO] WiFi is working.
2025-10-03 21:45:56,588 [INFO] WiFi is working.
2025-10-03 21:46:12,612 [INFO] WiFi is working.
2025-10-03 21:46:28,637 [INFO] WiFi is working.
2025-10-03 21:46:44,662 [INFO] WiFi is working.
2025-10-03 21:47:00,688 [INFO] WiFi is working.
2025-10-03 21:47:16,713 [INFO] WiFi is working.
2025-10-03 21:47:32,738 [INFO] WiFi is working.
2025-10-03 21:47:48,764 [INFO] WiFi is working.
2025-10-03 21:48:04,790 [INFO] WiFi is working.
2025-10-03 21:48:20,816 [INFO] WiFi is working.
2025-10-03 21:48:36,841 [INFO] WiFi is working.
2025-10-03 21:48:52,866 [INFO] WiFi is working.
2025-10-03 21:49:08,891 [INFO] WiFi is working.
2025-10-03 21:49:24,915 [INFO] WiFi is working.
2025-10-03 21:49:40,941 [INFO] WiFi is working.
2025-10-03 21:49:56,968 [INFO] WiFi is working.
2025-10-03 21:50:12,992 [INFO] WiFi is working.
2025-10-03 21:50:29,016 [INFO] WiFi is working.
2025-10-03 21:50:45,042 [INFO] WiFi is working.
2025-10-03 21:51:01,068 [INFO] WiFi is working.
2025-10-03 21:51:17,094 [INFO] WiFi is working.
2025-10-03 21:51:33,120 [INFO] WiFi is working.
2025-10-03 21:51:49,148 [INFO] WiFi is working.
2025-10-03 21:52:05,172 [INFO] WiFi is working.
2025-10-03 21:52:21,198 [INFO] WiFi is working.
2025-10-03 21:52:37,223 [INFO] WiFi is working.
2025-10-03 21:52:53,249 [INFO] WiFi is working.
2025-10-03 21:53:09,274 [INFO] WiFi is working.
2025-10-03 21:53:25,301 [INFO] WiFi is working.
2025-10-03 21:53:41,326 [INFO] WiFi is working.
2025-10-03 21:53:57,351 [INFO] WiFi is working.
2025-10-03 21:54:13,376 [INFO] WiFi is working.
2025-10-03 21:54:29,401 [INFO] WiFi is working.
2025-10-03 21:54:45,429 [INFO] WiFi is working.
2025-10-03 21:55:01,456 [INFO] WiFi is working.
2025-10-03 21:55:17,481 [INFO] WiFi is working.
2025-10-03 21:55:33,507 [INFO] WiFi is working.
2025-10-03 21:55:49,533 [INFO] WiFi is working.
2025-10-03 21:56:05,560 [INFO] WiFi is working.
2025-10-03 21:56:21,584 [INFO] WiFi is working.
2025-10-03 21:56:37,609 [INFO] WiFi is working.
2025-10-03 21:56:53,629 [INFO] WiFi is working.
2025-10-03 21:57:09,654 [INFO] WiFi is working.
2025-10-03 21:57:25,679 [INFO] WiFi is working.
2025-10-03 21:57:41,703 [INFO] WiFi is working.
2025-10-03 21:57:57,729 [INFO] WiFi is working.
2025-10-03 21:58:13,755 [INFO] WiFi is working.
2025-10-03 21:58:29,779 [INFO] WiFi is working.
2025-10-03 21:58:45,805 [INFO] WiFi is working.
2025-10-03 21:59:01,830 [INFO] WiFi is working.
2025-10-03 21:59:17,855 [INFO] WiFi is working.
2025-10-03 21:59:33,876 [INFO] WiFi is working.
2025-10-03 21:59:49,906 [INFO] WiFi is working.
2025-10-03 22:00:05,926 [INFO] WiFi is working.
2025-10-03 22:00:21,950 [INFO] WiFi is working.
2025-10-03 22:00:37,976 [INFO] WiFi is working.
2025-10-03 22:00:54,001 [INFO] WiFi is working.
2025-10-03 22:01:10,026 [INFO] WiFi is working.
2025-10-03 22:01:26,052 [INFO] WiFi is working.
2025-10-03 22:01:42,073 [INFO] WiFi is working.
2025-10-03 22:01:58,098 [INFO] WiFi is working.
2025-10-03 22:02:14,117 [INFO] WiFi is working.
2025-10-03 22:02:30,140 [INFO] WiFi is working.
2025-10-03 22:02:46,166 [INFO] WiFi is working.
2025-10-03 22:03:02,191 [INFO] WiFi is working.
2025-10-03 22:03:18,213 [INFO] WiFi is working.
2025-10-03 22:03:34,238 [INFO] WiFi is working.
2025-10-03 22:03:50,268 [INFO] WiFi is working.
2025-10-03 22:04:06,294 [INFO] WiFi is working.
2025-10-03 22:04:22,318 [INFO] WiFi is working.
2025-10-03 22:04:38,343 [INFO] WiFi is working.
2025-10-03 22:04:54,366 [INFO] WiFi is working.
2025-10-03 22:05:10,390 [INFO] WiFi is working.
2025-10-03 22:05:26,416 [INFO] WiFi is working.
2025-10-03 22:05:42,434 [INFO] WiFi is working.
2025-10-03 22:05:58,460 [INFO] WiFi is working.
2025-10-03 22:06:14,485 [INFO] WiFi is working.
2025-10-03 22:06:30,511 [INFO] WiFi is working.
2025-10-03 22:06:46,533 [INFO] WiFi is working.
2025-10-03 22:07:02,558 [INFO] WiFi is working.
2025-10-03 22:07:18,583 [INFO] WiFi is working.
2025-10-03 22:07:34,608 [INFO] WiFi is working.
2025-10-03 22:07:50,627 [INFO] WiFi is working.
2025-10-03 22:08:06,645 [INFO] WiFi is working.
2025-10-03 22:08:22,662 [INFO] WiFi is working.
2025-10-03 22:08:38,682 [INFO] WiFi is working.
2025-10-03 22:08:54,705 [INFO] WiFi is working.
2025-10-03 22:09:10,728 [INFO] WiFi is working.
2025-10-03 22:09:26,753 [INFO] WiFi is working.
2025-10-03 22:09:42,775 [INFO] WiFi is working.
2025-10-03 22:09:58,796 [INFO] WiFi is working.
2025-10-03 22:10:14,820 [INFO] WiFi is working.
2025-10-03 22:10:30,843 [INFO] WiFi is working.
2025-10-03 22:10:46,862 [INFO] WiFi is working.
2025-10-03 22:11:02,887 [INFO] WiFi is working.
2025-10-03 22:11:18,913 [INFO] WiFi is working.
2025-10-03 22:11:34,938 [INFO] WiFi is working.
2025-10-03 22:11:50,963 [INFO] WiFi is working.
2025-10-03 22:12:06,990 [INFO] WiFi is working.
2025-10-03 22:12:23,016 [INFO] WiFi is working.
2025-10-03 22:12:39,042 [INFO] WiFi is working.
2025-10-03 22:12:55,067 [INFO] WiFi is working.
2025-10-03 22:13:21,090 [INFO] WiFi is working.
2025-10-03 22:13:37,114 [INFO] WiFi is working.
2025-10-03 22:13:53,139 [INFO] WiFi is working.
2025-10-03 22:14:09,165 [INFO] WiFi is working.
2025-10-03 22:14:25,192 [INFO] WiFi is working.
2025-10-03 22:14:41,216 [INFO] WiFi is working.
2025-10-03 22:14:57,241 [INFO] WiFi is working.
2025-10-03 22:15:13,265 [INFO] WiFi is working.
2025-10-03 22:15:29,291 [INFO] WiFi is working.
2025-10-03 22:15:45,314 [INFO] WiFi is working.
2025-10-03 22:16:01,338 [INFO] WiFi is working.
2025-10-03 22:16:17,374 [INFO] WiFi is working.
2025-10-03 22:16:33,405 [INFO] WiFi is working.
2025-10-03 22:16:49,427 [INFO] WiFi is working.
2025-10-03 22:17:05,451 [INFO] WiFi is working.
2025-10-03 22:17:21,477 [INFO] WiFi is working.
2025-10-03 22:17:37,501 [INFO] WiFi is working.
2025-10-03 22:17:53,520 [INFO] WiFi is working.
2025-10-03 22:18:09,542 [INFO] WiFi is working.
2025-10-03 22:18:25,561 [INFO] WiFi is working.
2025-10-03 22:18:41,583 [INFO] WiFi is working.
2025-10-03 22:18:57,605 [INFO] WiFi is working.
2025-10-03 22:19:13,627 [INFO] WiFi is working.
2025-10-03 22:19:29,648 [INFO] WiFi is working.
2025-10-03 22:19:45,672 [INFO] WiFi is working.
2025-10-03 22:20:01,695 [INFO] WiFi is working.
2025-10-03 22:20:17,717 [INFO] WiFi is working.
2025-10-03 22:20:33,740 [INFO] WiFi is working.
2025-10-03 22:20:49,765 [INFO] WiFi is working.
2025-10-03 22:21:05,787 [INFO] WiFi is working.
2025-10-03 22:21:21,809 [INFO] WiFi is working.
2025-10-03 22:21:37,831 [INFO] WiFi is working.
2025-10-03 22:21:53,854 [INFO] WiFi is working.
2025-10-03 22:22:09,874 [INFO] WiFi is working.
2025-10-03 22:22:25,894 [INFO] WiFi is working.
2025-10-03 22:22:41,917 [INFO] WiFi is working.
2025-10-03 22:22:57,939 [INFO] WiFi is working.
2025-10-03 22:23:13,962 [INFO] WiFi is working.
2025-10-03 22:23:29,986 [INFO] WiFi is working.
2025-10-03 22:23:46,008 [INFO] WiFi is working.
2025-10-03 22:24:02,031 [INFO] WiFi is working.
2025-10-03 22:24:18,055 [INFO] WiFi is working.
2025-10-03 22:24:34,083 [INFO] WiFi is working.
2025-10-03 22:24:50,105 [INFO] WiFi is working.
2025-10-03 22:25:06,131 [INFO] WiFi is working.
2025-10-03 22:25:22,153 [INFO] WiFi is working.
2025-10-03 22:25:38,176 [INFO] WiFi is working.
2025-10-03 22:25:54,200 [INFO] WiFi is working.
2025-10-03 22:26:10,221 [INFO] WiFi is working.
2025-10-03 22:26:26,245 [INFO] WiFi is working.
2025-10-03 22:26:42,267 [INFO] WiFi is working.
2025-10-03 22:26:58,290 [INFO] WiFi is working.
2025-10-03 22:27:14,310 [INFO] WiFi is working.
2025-10-03 22:27:30,335 [INFO] WiFi is working.
2025-10-03 22:27:46,358 [INFO] WiFi is working.
2025-10-03 22:28:02,381 [INFO] WiFi is working.
2025-10-03 22:28:18,405 [INFO] WiFi is working.
2025-10-03 22:28:34,427 [INFO] WiFi is working.
2025-10-03 22:28:50,449 [INFO] WiFi is working.
2025-10-03 22:29:06,475 [INFO] WiFi is working.
2025-10-03 22:29:22,495 [INFO] WiFi is working.
2025-10-03 22:29:38,518 [INFO] WiFi is working.
2025-10-03 22:29:54,540 [INFO] WiFi is working.
2025-10-03 22:30:10,562 [INFO] WiFi is working.
2025-10-03 22:30:26,584 [INFO] WiFi is working.
2025-10-03 22:30:42,606 [INFO] WiFi is working.
2025-10-03 22:30:58,627 [INFO] WiFi is working.
2025-10-03 22:31:14,649 [INFO] WiFi is working.
2025-10-03 22:31:30,668 [INFO] WiFi is working.
2025-10-03 22:31:46,690 [INFO] WiFi is working.
2025-10-03 22:32:02,712 [INFO] WiFi is working.
2025-10-03 22:32:18,730 [INFO] WiFi is working.
2025-10-03 22:32:34,754 [INFO] WiFi is working.
2025-10-03 22:32:50,776 [INFO] WiFi is working.
2025-10-03 22:33:06,795 [INFO] WiFi is working.
2025-10-03 22:33:22,812 [INFO] WiFi is working.
2025-10-03 22:33:38,831 [INFO] WiFi is working.
2025-10-03 22:33:54,853 [INFO] WiFi is working.
2025-10-03 22:34:10,872 [INFO] WiFi is working.
2025-10-03 22:34:26,894 [INFO] WiFi is working.
2025-10-03 22:34:42,916 [INFO] WiFi is working.
2025-10-03 22:34:58,937 [INFO] WiFi is working.
2025-10-03 22:35:14,960 [INFO] WiFi is working.
2025-10-03 22:35:30,982 [INFO] WiFi is working.
2025-10-03 22:35:47,006 [INFO] WiFi is working.
2025-10-03 22:36:03,033 [INFO] WiFi is working.
2025-10-03 22:36:19,055 [INFO] WiFi is working.
2025-10-03 22:36:35,074 [INFO] WiFi is working.
2025-10-03 22:36:51,092 [INFO] WiFi is working.
2025-10-03 22:37:07,114 [INFO] WiFi is working.
2025-10-03 22:37:23,136 [INFO] WiFi is working.
2025-10-03 22:37:39,157 [INFO] WiFi is working.
2025-10-03 22:37:55,178 [INFO] WiFi is working.
2025-10-03 22:38:11,201 [INFO] WiFi is working.
2025-10-03 22:38:27,225 [INFO] WiFi is working.
2025-10-03 22:38:43,253 [INFO] WiFi is working.
2025-10-03 22:38:59,275 [INFO] WiFi is working.
2025-10-03 22:39:15,295 [INFO] WiFi is working.
2025-10-03 22:39:31,318 [INFO] WiFi is working.
2025-10-03 22:39:47,336 [INFO] WiFi is working.
2025-10-03 22:40:03,356 [INFO] WiFi is working.
2025-10-03 22:40:19,377 [INFO] WiFi is working.
2025-10-03 22:40:35,400 [INFO] WiFi is working.
2025-10-03 22:40:51,423 [INFO] WiFi is working.
2025-10-03 22:41:07,442 [INFO] WiFi is working.
2025-10-03 22:41:23,466 [INFO] WiFi is working.
2025-10-03 22:41:39,484 [INFO] WiFi is working.
2025-10-03 22:41:55,505 [INFO] WiFi is working.
2025-10-03 22:42:11,528 [INFO] WiFi is working.
2025-10-03 22:42:27,550 [INFO] WiFi is working.
2025-10-03 22:42:43,574 [INFO] WiFi is working.
2025-10-03 22:42:59,601 [INFO] WiFi is working.
2025-10-03 22:43:15,622 [INFO] WiFi is working.
2025-10-03 22:43:31,645 [INFO] WiFi is working.
2025-10-03 22:43:47,668 [INFO] WiFi is working.
2025-10-03 22:44:03,689 [INFO] WiFi is working.
2025-10-03 22:44:19,712 [INFO] WiFi is working.
2025-10-03 22:44:35,730 [INFO] WiFi is working.
2025-10-03 22:44:51,749 [INFO] WiFi is working.
2025-10-03 22:45:07,772 [INFO] WiFi is working.
2025-10-03 22:45:23,791 [INFO] WiFi is working.
2025-10-03 22:45:39,812 [INFO] WiFi is working.
2025-10-03 22:45:55,831 [INFO] WiFi is working.
2025-10-03 22:46:11,850 [INFO] WiFi is working.
2025-10-03 22:46:27,870 [INFO] WiFi is working.
2025-10-03 22:46:43,888 [INFO] WiFi is working.
2025-10-03 22:46:59,906 [INFO] WiFi is working.
2025-10-03 22:47:15,933 [INFO] WiFi is working.
2025-10-03 22:47:31,950 [INFO] WiFi is working.
2025-10-03 22:47:47,972 [INFO] WiFi is working.
2025-10-03 22:48:03,993 [INFO] WiFi is working.
2025-10-03 22:48:20,015 [INFO] WiFi is working.
2025-10-03 22:48:36,037 [INFO] WiFi is working.
2025-10-03 22:48:52,056 [INFO] WiFi is working.
2025-10-03 22:49:08,080 [INFO] WiFi is working.
2025-10-03 22:49:24,102 [INFO] WiFi is working.
2025-10-03 22:49:40,124 [INFO] WiFi is working.
2025-10-03 22:49:56,141 [INFO] WiFi is working.
2025-10-03 22:50:12,163 [INFO] WiFi is working.
2025-10-03 22:50:28,183 [INFO] WiFi is working.
2025-10-03 22:50:44,203 [INFO] WiFi is working.
2025-10-03 22:51:00,226 [INFO] WiFi is working.
2025-10-03 22:51:16,248 [INFO] WiFi is working.
2025-10-03 22:51:32,270 [INFO] WiFi is working.
2025-10-03 22:51:48,293 [INFO] WiFi is working.
2025-10-03 22:52:04,316 [INFO] WiFi is working.
2025-10-03 22:52:20,337 [INFO] WiFi is working.
2025-10-03 22:52:36,361 [INFO] WiFi is working.
2025-10-03 22:52:52,387 [INFO] WiFi is working.
2025-10-03 22:53:08,409 [INFO] WiFi is working.
2025-10-03 22:53:24,431 [INFO] WiFi is working.
2025-10-03 22:53:40,449 [INFO] WiFi is working.
2025-10-03 22:53:56,473 [INFO] WiFi is working.
2025-10-03 22:54:12,494 [INFO] WiFi is working.
2025-10-03 22:54:28,519 [INFO] WiFi is working.
2025-10-03 22:54:44,538 [INFO] WiFi is working.
2025-10-03 22:55:00,560 [INFO] WiFi is working.
2025-10-03 22:55:16,582 [INFO] WiFi is working.
2025-10-03 22:55:32,604 [INFO] WiFi is working.
2025-10-03 22:55:48,625 [INFO] WiFi is working.
2025-10-03 22:56:04,644 [INFO] WiFi is working.
2025-10-03 22:56:20,668 [INFO] WiFi is working.
2025-10-03 22:56:36,693 [INFO] WiFi is working.
2025-10-03 22:56:52,720 [INFO] WiFi is working.
2025-10-03 22:57:08,745 [INFO] WiFi is working.
2025-10-03 22:57:24,773 [INFO] WiFi is working.
2025-10-03 22:57:40,792 [INFO] WiFi is working.
2025-10-03 22:57:56,814 [INFO] WiFi is working.
2025-10-03 22:58:12,840 [INFO] WiFi is working.
2025-10-03 22:58:28,859 [INFO] WiFi is working.
2025-10-03 22:58:44,880 [INFO] WiFi is working.
2025-10-03 22:59:00,900 [INFO] WiFi is working.
2025-10-03 22:59:16,924 [INFO] WiFi is working.
2025-10-03 22:59:32,945 [INFO] WiFi is working.
2025-10-03 22:59:48,966 [INFO] WiFi is working.
2025-10-03 23:00:04,985 [INFO] WiFi is working.
2025-10-03 23:00:21,006 [INFO] WiFi is working.
2025-10-03 23:00:37,030 [INFO] WiFi is working.
2025-10-03 23:00:53,048 [INFO] WiFi is working.
2025-10-03 23:01:09,070 [INFO] WiFi is working.
2025-10-03 23:01:25,092 [INFO] WiFi is working.
2025-10-03 23:01:41,116 [INFO] WiFi is working.
2025-10-03 23:01:57,139 [INFO] WiFi is working.
2025-10-03 23:02:13,157 [INFO] WiFi is working.
2025-10-03 23:02:29,180 [INFO] WiFi is working.
2025-10-03 23:02:45,204 [INFO] WiFi is working.
2025-10-03 23:03:01,227 [INFO] WiFi is working.
2025-10-03 23:03:17,247 [INFO] WiFi is working.
2025-10-03 23:03:33,265 [INFO] WiFi is working.
2025-10-03 23:03:49,285 [INFO] WiFi is working.
2025-10-03 23:04:05,306 [INFO] WiFi is working.
2025-10-03 23:04:21,330 [INFO] WiFi is working.
2025-10-03 23:04:37,352 [INFO] WiFi is working.
2025-10-03 23:04:53,373 [INFO] WiFi is working.
2025-10-03 23:05:09,393 [INFO] WiFi is working.
2025-10-03 23:05:25,416 [INFO] WiFi is working.
2025-10-03 23:05:41,439 [INFO] WiFi is working.
2025-10-03 23:05:57,464 [INFO] WiFi is working.
2025-10-03 23:06:13,487 [INFO] WiFi is working.
2025-10-03 23:06:29,507 [INFO] WiFi is working.
2025-10-03 23:06:45,528 [INFO] WiFi is working.
2025-10-03 23:07:01,547 [INFO] WiFi is working.
2025-10-03 23:07:17,570 [INFO] WiFi is working.
2025-10-03 23:07:33,591 [INFO] WiFi is working.
2025-10-03 23:07:49,611 [INFO] WiFi is working.
2025-10-03 23:08:05,631 [INFO] WiFi is working.
2025-10-03 23:08:21,650 [INFO] WiFi is working.
2025-10-03 23:08:37,672 [INFO] WiFi is working.
2025-10-03 23:08:53,693 [INFO] WiFi is working.
2025-10-03 23:09:09,713 [INFO] WiFi is working.
2025-10-03 23:09:25,733 [INFO] WiFi is working.
2025-10-03 23:09:41,752 [INFO] WiFi is working.
2025-10-03 23:09:57,773 [INFO] WiFi is working.
2025-10-03 23:10:13,794 [INFO] WiFi is working.
2025-10-03 23:10:29,815 [INFO] WiFi is working.
2025-10-03 23:10:45,837 [INFO] WiFi is working.
2025-10-03 23:11:01,860 [INFO] WiFi is working.
2025-10-03 23:11:17,881 [INFO] WiFi is working.
2025-10-03 23:11:33,903 [INFO] WiFi is working.
2025-10-03 23:11:49,925 [INFO] WiFi is working.
2025-10-03 23:12:05,941 [INFO] WiFi is working.
2025-10-03 23:12:21,959 [INFO] WiFi is working.
2025-10-03 23:12:37,981 [INFO] WiFi is working.
2025-10-03 23:12:54,000 [INFO] WiFi is working.
2025-10-03 23:13:10,022 [INFO] WiFi is working.
2025-10-03 23:13:26,047 [INFO] WiFi is working.
2025-10-03 23:13:42,072 [INFO] WiFi is working.
2025-10-03 23:13:58,089 [INFO] WiFi is working.
2025-10-03 23:14:14,111 [INFO] WiFi is working.
2025-10-03 23:14:30,132 [INFO] WiFi is working.
2025-10-03 23:14:46,161 [INFO] WiFi is working.
2025-10-03 23:15:02,185 [INFO] WiFi is working.
2025-10-03 23:15:18,208 [INFO] WiFi is working.
2025-10-03 23:15:34,230 [INFO] WiFi is working.
2025-10-03 23:15:50,253 [INFO] WiFi is working.
2025-10-03 23:16:06,274 [INFO] WiFi is working.
2025-10-03 23:16:22,293 [INFO] WiFi is working.
2025-10-03 23:16:38,311 [INFO] WiFi is working.
2025-10-03 23:16:54,333 [INFO] WiFi is working.
2025-10-03 23:17:10,354 [INFO] WiFi is working.
2025-10-03 23:17:26,375 [INFO] WiFi is working.
2025-10-03 23:17:42,398 [INFO] WiFi is working.
2025-10-03 23:17:58,416 [INFO] WiFi is working.
2025-10-03 23:18:14,441 [INFO] WiFi is working.
2025-10-03 23:18:30,463 [INFO] WiFi is working.
2025-10-03 23:18:46,485 [INFO] WiFi is working.
2025-10-03 23:19:02,511 [INFO] WiFi is working.
2025-10-03 23:19:18,532 [INFO] WiFi is working.
2025-10-03 23:19:34,555 [INFO] WiFi is working.
2025-10-03 23:19:50,576 [INFO] WiFi is working.
2025-10-03 23:20:06,599 [INFO] WiFi is working.
2025-10-03 23:20:22,621 [INFO] WiFi is working.
2025-10-03 23:20:38,641 [INFO] WiFi is working.
2025-10-03 23:20:54,664 [INFO] WiFi is working.
2025-10-03 23:21:10,686 [INFO] WiFi is working.
2025-10-03 23:21:26,707 [INFO] WiFi is working.
2025-10-03 23:21:42,728 [INFO] WiFi is working.
2025-10-03 23:21:58,749 [INFO] WiFi is working.
2025-10-03 23:22:14,767 [INFO] WiFi is working.
2025-10-03 23:22:30,789 [INFO] WiFi is working.
2025-10-03 23:22:46,811 [INFO] WiFi is working.
2025-10-03 23:23:02,831 [INFO] WiFi is working.
2025-10-03 23:23:18,852 [INFO] WiFi is working.
2025-10-03 23:23:34,874 [INFO] WiFi is working.
2025-10-03 23:23:50,895 [INFO] WiFi is working.
2025-10-03 23:24:06,917 [INFO] WiFi is working.
2025-10-03 23:24:22,938 [INFO] WiFi is working.
2025-10-03 23:24:38,956 [INFO] WiFi is working.
2025-10-03 23:24:54,981 [INFO] WiFi is working.
2025-10-03 23:25:11,004 [INFO] WiFi is working.
2025-10-03 23:25:27,022 [INFO] WiFi is working.
2025-10-03 23:25:43,045 [INFO] WiFi is working.
2025-10-03 23:25:59,067 [INFO] WiFi is working.
2025-10-03 23:26:15,088 [INFO] WiFi is working.
2025-10-03 23:26:31,109 [INFO] WiFi is working.
2025-10-03 23:26:47,129 [INFO] WiFi is working.
2025-10-03 23:27:03,151 [INFO] WiFi is working.
2025-10-03 23:27:19,174 [INFO] WiFi is working.
2025-10-03 23:27:35,197 [INFO] WiFi is working.
2025-10-03 23:27:51,222 [INFO] WiFi is working.
2025-10-03 23:28:07,243 [INFO] WiFi is working.
2025-10-03 23:28:23,264 [INFO] WiFi is working.
2025-10-03 23:28:39,282 [INFO] WiFi is working.
2025-10-03 23:28:55,307 [INFO] WiFi is working.
2025-10-03 23:29:11,330 [INFO] WiFi is working.
2025-10-03 23:29:27,353 [INFO] WiFi is working.
2025-10-03 23:29:43,386 [INFO] WiFi is working.
2025-10-03 23:29:59,407 [INFO] WiFi is working.
2025-10-03 23:30:15,429 [INFO] WiFi is working.
2025-10-03 23:30:31,452 [INFO] WiFi is working.
2025-10-03 23:30:47,473 [INFO] WiFi is working.
2025-10-03 23:31:03,493 [INFO] WiFi is working.
2025-10-03 23:31:19,514 [INFO] WiFi is working.
2025-10-03 23:31:35,539 [INFO] WiFi is working.
2025-10-03 23:31:51,561 [INFO] WiFi is working.
2025-10-03 23:32:07,587 [INFO] WiFi is working.
2025-10-03 23:32:23,612 [INFO] WiFi is working.
2025-10-03 23:32:39,631 [INFO] WiFi is working.
2025-10-03 23:32:55,653 [INFO] WiFi is working.
2025-10-03 23:33:11,675 [INFO] WiFi is working.
2025-10-03 23:33:27,696 [INFO] WiFi is working.
2025-10-03 23:33:43,719 [INFO] WiFi is working.
2025-10-03 23:33:59,739 [INFO] WiFi is working.
2025-10-03 23:34:15,759 [INFO] WiFi is working.
2025-10-03 23:34:31,782 [INFO] WiFi is working.
2025-10-03 23:34:47,804 [INFO] WiFi is working.
2025-10-03 23:35:03,822 [INFO] WiFi is working.
2025-10-03 23:35:19,845 [INFO] WiFi is working.
2025-10-03 23:35:35,866 [INFO] WiFi is working.
2025-10-03 23:35:51,890 [INFO] WiFi is working.
2025-10-03 23:36:07,908 [INFO] WiFi is working.
2025-10-03 23:36:23,929 [INFO] WiFi is working.
2025-10-03 23:36:39,951 [INFO] WiFi is working.
2025-10-03 23:36:55,975 [INFO] WiFi is working.
2025-10-03 23:37:11,996 [INFO] WiFi is working.
2025-10-03 23:37:28,017 [INFO] WiFi is working.
2025-10-03 23:37:44,037 [INFO] WiFi is working.
2025-10-03 23:38:00,057 [INFO] WiFi is working.
2025-10-03 23:38:16,077 [INFO] WiFi is working.
2025-10-03 23:38:32,098 [INFO] WiFi is working.
2025-10-03 23:38:48,122 [INFO] WiFi is working.
2025-10-03 23:39:04,144 [INFO] WiFi is working.
2025-10-03 23:39:20,167 [INFO] WiFi is working.
2025-10-03 23:39:36,188 [INFO] WiFi is working.
2025-10-03 23:39:52,210 [INFO] WiFi is working.
2025-10-03 23:40:08,232 [INFO] WiFi is working.
2025-10-03 23:40:24,253 [INFO] WiFi is working.
2025-10-03 23:40:40,275 [INFO] WiFi is working.
2025-10-03 23:40:56,296 [INFO] WiFi is working.
2025-10-03 23:41:12,316 [INFO] WiFi is working.
2025-10-03 23:41:28,335 [INFO] WiFi is working.
2025-10-03 23:41:44,353 [INFO] WiFi is working.
2025-10-03 23:42:00,374 [INFO] WiFi is working.
2025-10-03 23:42:16,395 [INFO] WiFi is working.
2025-10-03 23:42:32,417 [INFO] WiFi is working.
2025-10-03 23:42:48,439 [INFO] WiFi is working.
2025-10-03 23:43:04,461 [INFO] WiFi is working.
2025-10-03 23:43:20,487 [INFO] WiFi is working.
2025-10-03 23:43:36,508 [INFO] WiFi is working.
2025-10-03 23:43:52,529 [INFO] WiFi is working.
2025-10-03 23:44:08,554 [INFO] WiFi is working.
2025-10-03 23:44:24,574 [INFO] WiFi is working.
2025-10-03 23:44:40,599 [INFO] WiFi is working.
2025-10-03 23:44:56,623 [INFO] WiFi is working.
2025-10-03 23:45:12,646 [INFO] WiFi is working.
2025-10-03 23:45:28,666 [INFO] WiFi is working.
2025-10-03 23:45:44,688 [INFO] WiFi is working.
2025-10-03 23:46:00,706 [INFO] WiFi is working.
2025-10-03 23:46:16,729 [INFO] WiFi is working.
2025-10-03 23:46:32,754 [INFO] WiFi is working.
2025-10-03 23:46:48,775 [INFO] WiFi is working.
2025-10-03 23:47:04,796 [INFO] WiFi is working.
2025-10-03 23:47:20,817 [INFO] WiFi is working.
2025-10-03 23:47:36,840 [INFO] WiFi is working.
2025-10-03 23:47:52,857 [INFO] WiFi is working.
2025-10-03 23:48:08,877 [INFO] WiFi is working.
2025-10-03 23:48:24,899 [INFO] WiFi is working.
2025-10-03 23:48:40,918 [INFO] WiFi is working.
2025-10-03 23:48:56,939 [INFO] WiFi is working.
2025-10-03 23:49:12,962 [INFO] WiFi is working.
2025-10-03 23:49:28,983 [INFO] WiFi is working.
2025-10-03 23:49:45,003 [INFO] WiFi is working.
2025-10-03 23:50:01,022 [INFO] WiFi is working.
2025-10-03 23:50:17,042 [INFO] WiFi is working.
2025-10-03 23:50:33,064 [INFO] WiFi is working.
2025-10-03 23:50:49,083 [INFO] WiFi is working.
2025-10-03 23:51:05,108 [INFO] WiFi is working.
2025-10-03 23:51:21,129 [INFO] WiFi is working.
2025-10-03 23:51:37,155 [INFO] WiFi is working.
2025-10-03 23:51:53,175 [INFO] WiFi is working.
2025-10-03 23:52:09,197 [INFO] WiFi is working.
2025-10-03 23:52:25,217 [INFO] WiFi is working.
2025-10-03 23:52:41,238 [INFO] WiFi is working.
2025-10-03 23:52:57,257 [INFO] WiFi is working.
2025-10-03 23:53:13,277 [INFO] WiFi is working.
2025-10-03 23:53:29,299 [INFO] WiFi is working.
2025-10-03 23:53:45,317 [INFO] WiFi is working.
2025-10-03 23:54:01,338 [INFO] WiFi is working.
2025-10-03 23:54:17,358 [INFO] WiFi is working.
2025-10-03 23:54:33,378 [INFO] WiFi is working.
2025-10-03 23:54:49,399 [INFO] WiFi is working.
2025-10-03 23:55:05,418 [INFO] WiFi is working.
2025-10-03 23:55:21,441 [INFO] WiFi is working.
2025-10-03 23:55:37,462 [INFO] WiFi is working.
2025-10-03 23:55:53,484 [INFO] WiFi is working.
2025-10-03 23:56:09,507 [INFO] WiFi is working.
2025-10-03 23:56:25,531 [INFO] WiFi is working.
2025-10-03 23:56:41,552 [INFO] WiFi is working.
2025-10-03 23:56:57,575 [INFO] WiFi is working.
2025-10-03 23:57:13,598 [INFO] WiFi is working.
2025-10-03 23:57:29,619 [INFO] WiFi is working.
2025-10-03 23:57:45,649 [INFO] WiFi is working.
2025-10-03 23:58:01,671 [INFO] WiFi is working.
2025-10-03 23:58:17,694 [INFO] WiFi is working.
2025-10-03 23:58:33,715 [INFO] WiFi is working.
2025-10-03 23:58:49,736 [INFO] WiFi is working.
2025-10-03 23:59:05,760 [INFO] WiFi is working.
2025-10-03 23:59:21,778 [INFO] WiFi is working.
2025-10-03 23:59:37,795 [INFO] WiFi is working.
2025-10-03 23:59:53,816 [INFO] WiFi is working.
2025-10-04 00:00:09,836 [INFO] WiFi is working.
2025-10-04 00:00:25,860 [INFO] WiFi is working.
2025-10-04 00:00:41,882 [INFO] WiFi is working.
2025-10-04 00:00:57,899 [INFO] WiFi is working.
2025-10-04 00:01:13,919 [INFO] WiFi is working.
2025-10-04 00:01:29,943 [INFO] WiFi is working.
2025-10-04 00:01:45,967 [INFO] WiFi is working.
2025-10-04 00:02:01,988 [INFO] WiFi is working.
2025-10-04 00:02:18,011 [INFO] WiFi is working.
2025-10-04 00:02:34,033 [INFO] WiFi is working.
2025-10-04 00:02:50,051 [INFO] WiFi is working.
2025-10-04 00:03:06,072 [INFO] WiFi is working.
2025-10-04 00:03:22,096 [INFO] WiFi is working.
2025-10-04 00:03:45,619 [INFO] WiFi is working.
2025-10-04 00:04:01,640 [INFO] WiFi is working.
2025-10-04 00:04:17,660 [INFO] WiFi is working.
2025-10-07 19:13:11,965 [INFO] WiFi is working.
2025-10-07 19:13:27,988 [INFO] WiFi is working.
2025-10-07 19:13:44,009 [INFO] WiFi is working.
2025-10-07 19:14:00,032 [INFO] WiFi is working.
2025-10-07 19:14:16,056 [INFO] WiFi is working.
                                                                                                2025-10-07 19:14:50,766 [INFO] WiFi is working.
2025-10-07 19:15:06,789 [INFO] WiFi is working.
2025-10-07 19:18:55,614 [INFO] WiFi is working.
2025-10-07 19:19:11,638 [INFO] WiFi is working.
2025-10-07 19:19:27,661 [INFO] WiFi is working.
2025-10-07 19:19:43,685 [INFO] WiFi is working.
2025-10-07 19:19:59,709 [INFO] WiFi is working.
2025-10-07 19:20:15,733 [INFO] WiFi is working.
2025-10-07 19:20:30,562 [INFO] WiFi is working.
2025-10-07 19:20:46,587 [INFO] WiFi is working.
2025-10-07 19:26:02,391 [INFO] WiFi is working.
2025-10-07 19:26:18,441 [INFO] WiFi is working.
2025-10-07 19:26:34,475 [INFO] WiFi is working.
2025-10-07 19:27:00,512 [INFO] WiFi is working.
2025-10-07 19:27:16,535 [INFO] WiFi is working.
2025-10-07 19:27:32,559 [INFO] WiFi is working.
2025-10-07 19:27:48,583 [INFO] WiFi is working.
2025-10-07 19:28:04,608 [INFO] WiFi is working.
2025-10-07 19:28:20,630 [INFO] WiFi is working.
2025-10-07 19:28:36,654 [INFO] WiFi is working.
2025-10-07 19:28:52,677 [INFO] WiFi is working.
2025-10-07 19:29:08,701 [INFO] WiFi is working.
2025-10-07 19:29:24,726 [INFO] WiFi is working.
2025-10-07 19:29:40,750 [INFO] WiFi is working.
2025-10-07 19:29:56,774 [INFO] WiFi is working.
2025-10-07 19:30:12,798 [INFO] WiFi is working.
2025-10-07 19:30:28,822 [INFO] WiFi is working.
2025-10-07 19:30:44,845 [INFO] WiFi is working.
2025-10-07 19:31:00,878 [INFO] WiFi is working.
2025-10-07 19:31:16,903 [INFO] WiFi is working.
2025-10-07 19:31:32,928 [INFO] WiFi is working.
2025-10-07 19:31:48,952 [INFO] WiFi is working.
2025-10-07 19:32:04,976 [INFO] WiFi is working.
2025-10-07 19:32:20,999 [INFO] WiFi is working.
2025-10-07 19:32:37,023 [INFO] WiFi is working.
2025-10-07 19:32:53,047 [INFO] WiFi is working.
2025-10-07 19:33:09,071 [INFO] WiFi is working.
2025-10-07 19:33:25,095 [INFO] WiFi is working.
2025-10-07 19:33:41,119 [INFO] WiFi is working.
2025-10-07 19:33:57,143 [INFO] WiFi is working.
2025-10-07 19:34:13,167 [INFO] WiFi is working.
2025-10-07 19:34:29,191 [INFO] WiFi is working.
2025-10-07 19:34:45,216 [INFO] WiFi is working.
2025-10-07 19:35:01,239 [INFO] WiFi is working.
2025-10-07 19:35:17,263 [INFO] WiFi is working.
2025-10-07 19:35:33,287 [INFO] WiFi is working.
2025-10-07 19:35:49,311 [INFO] WiFi is working.
2025-10-07 19:36:05,334 [INFO] WiFi is working.
2025-10-07 19:36:21,360 [INFO] WiFi is working.
2025-10-07 19:36:37,384 [INFO] WiFi is working.
2025-10-07 19:36:53,407 [INFO] WiFi is working.
2025-10-07 19:37:09,439 [INFO] WiFi is working.
2025-10-07 19:37:25,463 [INFO] WiFi is working.
2025-10-07 19:37:41,487 [INFO] WiFi is working.
2025-10-07 19:37:57,512 [INFO] WiFi is working.
2025-10-07 19:38:13,536 [INFO] WiFi is working.
2025-10-07 19:38:29,559 [INFO] WiFi is working.
2025-10-07 19:38:45,582 [INFO] WiFi is working.
2025-10-07 19:39:01,607 [INFO] WiFi is working.
2025-10-07 19:39:17,646 [INFO] WiFi is working.
2025-10-07 19:39:33,673 [INFO] WiFi is working.
2025-10-07 19:39:49,697 [INFO] WiFi is working.
2025-10-07 19:40:05,721 [INFO] WiFi is working.
2025-10-07 19:40:21,741 [INFO] WiFi is working.
2025-10-07 19:40:37,765 [INFO] WiFi is working.
2025-10-07 19:40:53,788 [INFO] WiFi is working.
2025-10-07 19:41:09,812 [INFO] WiFi is working.
2025-10-07 19:41:25,836 [INFO] WiFi is working.
2025-10-07 19:41:41,873 [INFO] WiFi is working.
2025-10-07 19:41:57,924 [INFO] WiFi is working.
2025-10-07 19:42:13,948 [INFO] WiFi is working.
2025-10-07 19:42:29,971 [INFO] WiFi is working.
2025-10-07 19:42:45,995 [INFO] WiFi is working.
2025-10-07 19:43:02,016 [INFO] WiFi is working.
2025-10-07 19:43:18,039 [INFO] WiFi is working.
2025-10-07 19:43:34,073 [INFO] WiFi is working.
2025-10-07 19:43:50,115 [INFO] WiFi is working.
2025-10-07 19:44:06,139 [INFO] WiFi is working.
2025-10-07 19:44:22,163 [INFO] WiFi is working.
2025-10-07 19:44:38,187 [INFO] WiFi is working.
2025-10-07 19:44:54,212 [INFO] WiFi is working.
2025-10-07 19:45:10,237 [INFO] WiFi is working.
2025-10-07 19:45:26,259 [INFO] WiFi is working.
2025-10-07 19:45:42,278 [INFO] WiFi is working.
2025-10-07 19:45:58,303 [INFO] WiFi is working.
2025-10-07 19:46:14,340 [INFO] WiFi is working.
2025-10-07 19:46:30,364 [INFO] WiFi is working.
2025-10-07 19:46:46,388 [INFO] WiFi is working.
2025-10-07 19:47:02,423 [INFO] WiFi is working.
2025-10-07 19:47:18,446 [INFO] WiFi is working.
2025-10-07 19:47:34,471 [INFO] WiFi is working.
2025-10-07 19:47:50,498 [INFO] WiFi is working.
2025-10-07 19:48:06,522 [INFO] WiFi is working.
2025-10-07 19:48:22,548 [INFO] WiFi is working.
2025-10-07 19:48:38,572 [INFO] WiFi is working.
2025-10-07 19:48:54,606 [INFO] WiFi is working.
2025-10-07 19:49:10,640 [INFO] WiFi is working.
2025-10-07 19:49:26,664 [INFO] WiFi is working.
2025-10-07 19:49:42,689 [INFO] WiFi is working.
2025-10-07 19:49:58,705 [INFO] WiFi is working.
2025-10-07 19:50:14,729 [INFO] WiFi is working.
2025-10-07 19:50:40,774 [WARNING] WiFi down!
2025-10-07 19:50:40,775 [INFO] Enabling SIM800L mobile connection...
2025-10-07 19:50:56,804 [INFO] WiFi is working.
2025-10-07 19:50:56,805 [INFO] Disabling SIM800L mobile connection...
2025-10-07 19:50:56,871 [ERROR] Failed to stop PPP: Command '['sudo', 'poff']' returned non-zero exit status 1.
2025-10-07 19:51:12,895 [INFO] WiFi is working.
2025-10-07 19:51:28,922 [INFO] WiFi is working.
2025-10-07 19:51:44,946 [INFO] WiFi is working.
2025-10-07 19:52:00,971 [INFO] WiFi is working.
2025-10-07 19:52:16,993 [INFO] WiFi is working.
2025-10-07 19:52:33,017 [INFO] WiFi is working.
2025-10-07 19:52:49,041 [INFO] WiFi is working.
2025-10-07 19:53:05,065 [INFO] WiFi is working.
2025-10-07 19:53:21,089 [INFO] WiFi is working.
2025-10-07 19:53:37,114 [INFO] WiFi is working.
2025-10-07 19:53:53,138 [INFO] WiFi is working.
2025-10-07 19:54:09,162 [INFO] WiFi is working.
2025-10-07 19:54:25,187 [INFO] WiFi is working.
2025-10-07 19:54:41,211 [INFO] WiFi is working.
2025-10-07 19:54:57,235 [INFO] WiFi is working.
2025-10-07 19:55:13,259 [INFO] WiFi is working.
2025-10-07 19:55:29,282 [INFO] WiFi is working.
2025-10-07 19:55:45,306 [INFO] WiFi is working.
2025-10-07 19:56:01,333 [INFO] WiFi is working.
2025-10-07 19:56:17,358 [INFO] WiFi is working.
2025-10-07 19:56:33,381 [INFO] WiFi is working.
2025-10-07 19:56:49,404 [INFO] WiFi is working.
2025-10-07 19:57:05,429 [INFO] WiFi is working.
2025-10-07 19:57:21,450 [INFO] WiFi is working.
2025-10-07 19:57:37,479 [INFO] WiFi is working.
2025-10-07 19:57:53,502 [INFO] WiFi is working.
2025-10-07 19:58:09,527 [INFO] WiFi is working.
2025-10-07 19:58:25,552 [INFO] WiFi is working.
2025-10-07 19:58:41,576 [INFO] WiFi is working.
2025-10-07 19:58:57,600 [INFO] WiFi is working.
2025-10-07 19:59:13,624 [INFO] WiFi is working.
2025-10-07 19:59:29,648 [INFO] WiFi is working.
2025-10-07 19:59:45,672 [INFO] WiFi is working.
2025-10-07 20:00:01,696 [INFO] WiFi is working.
2025-10-07 20:00:17,721 [INFO] WiFi is working.
2025-10-07 20:00:33,745 [INFO] WiFi is working.
2025-10-07 20:00:49,769 [INFO] WiFi is working.
2025-10-07 20:01:05,793 [INFO] WiFi is working.
2025-10-07 20:01:21,817 [INFO] WiFi is working.
2025-10-07 20:01:37,838 [INFO] WiFi is working.
2025-10-07 20:01:53,860 [INFO] WiFi is working.
2025-10-07 20:02:09,884 [INFO] WiFi is working.
2025-10-07 20:02:25,908 [INFO] WiFi is working.
2025-10-07 20:02:41,932 [INFO] WiFi is working.
2025-10-07 20:02:57,956 [INFO] WiFi is working.
2025-10-07 20:03:13,979 [INFO] WiFi is working.
2025-10-07 20:03:30,004 [INFO] WiFi is working.
2025-10-07 20:03:46,028 [INFO] WiFi is working.
2025-10-07 20:04:02,052 [INFO] WiFi is working.
2025-10-07 20:04:18,077 [INFO] WiFi is working.
2025-10-07 20:04:34,101 [INFO] WiFi is working.
2025-10-07 20:04:50,125 [INFO] WiFi is working.
2025-10-07 20:05:06,149 [INFO] WiFi is working.
2025-10-07 20:05:22,173 [INFO] WiFi is working.
2025-10-07 20:05:38,198 [INFO] WiFi is working.
2025-10-07 20:05:54,217 [INFO] WiFi is working.
2025-10-07 20:06:10,241 [INFO] WiFi is working.
2025-10-07 20:06:26,266 [INFO] WiFi is working.
2025-10-07 20:06:42,291 [INFO] WiFi is working.
2025-10-07 20:06:58,315 [INFO] WiFi is working.
2025-10-07 20:07:14,340 [INFO] WiFi is working.
2025-10-07 20:07:30,369 [INFO] WiFi is working.
2025-10-07 20:07:46,393 [INFO] WiFi is working.
2025-10-07 20:08:02,417 [INFO] WiFi is working.
2025-10-07 20:08:18,441 [INFO] WiFi is working.
2025-10-07 20:08:34,465 [INFO] WiFi is working.
2025-10-07 20:08:50,489 [INFO] WiFi is working.
2025-10-07 20:09:06,511 [INFO] WiFi is working.
2025-10-07 20:09:22,536 [INFO] WiFi is working.
2025-10-07 20:09:38,559 [INFO] WiFi is working.
2025-10-07 20:09:54,583 [INFO] WiFi is working.
2025-10-07 20:10:10,605 [INFO] WiFi is working.
2025-10-07 20:10:26,628 [INFO] WiFi is working.
2025-10-07 20:10:42,652 [INFO] WiFi is working.
2025-10-07 20:10:58,677 [INFO] WiFi is working.
2025-10-07 20:11:14,701 [INFO] WiFi is working.
2025-10-07 20:11:30,725 [INFO] WiFi is working.
2025-10-07 20:11:46,751 [INFO] WiFi is working.
2025-10-07 20:12:02,775 [INFO] WiFi is working.
2025-10-07 20:12:18,800 [INFO] WiFi is working.
2025-10-07 20:12:34,824 [INFO] WiFi is working.
2025-10-07 20:12:50,847 [INFO] WiFi is working.
2025-10-07 20:13:06,872 [INFO] WiFi is working.
2025-10-07 20:13:22,895 [INFO] WiFi is working.
2025-10-07 20:13:38,919 [INFO] WiFi is working.
2025-10-07 20:13:54,942 [INFO] WiFi is working.
2025-10-07 20:14:10,966 [INFO] WiFi is working.
2025-10-07 20:14:26,990 [INFO] WiFi is working.
2025-10-07 20:14:43,014 [INFO] WiFi is working.
2025-10-07 20:14:59,039 [INFO] WiFi is working.
2025-10-07 20:15:15,063 [INFO] WiFi is working.
2025-10-07 20:15:31,087 [INFO] WiFi is working.
2025-10-07 20:15:47,111 [INFO] WiFi is working.
2025-10-07 20:16:03,135 [INFO] WiFi is working.
2025-10-07 20:16:19,159 [INFO] WiFi is working.
2025-10-07 20:16:35,183 [INFO] WiFi is working.
2025-10-07 20:16:51,203 [INFO] WiFi is working.
2025-10-07 20:17:07,228 [INFO] WiFi is working.
2025-10-07 20:17:23,254 [INFO] WiFi is working.
2025-10-07 20:17:39,278 [INFO] WiFi is working.
2025-10-07 20:17:55,303 [INFO] WiFi is working.
2025-10-07 20:18:11,331 [INFO] WiFi is working.
2025-10-07 20:18:27,355 [INFO] WiFi is working.
2025-10-07 20:18:43,379 [INFO] WiFi is working.
2025-10-07 20:18:59,403 [INFO] WiFi is working.
2025-10-07 20:19:15,427 [INFO] WiFi is working.
2025-10-07 20:19:31,447 [INFO] WiFi is working.
2025-10-07 20:19:47,471 [INFO] WiFi is working.
2025-10-07 20:20:03,495 [INFO] WiFi is working.
2025-10-07 20:20:19,518 [INFO] WiFi is working.
2025-10-07 20:20:35,542 [INFO] WiFi is working.
2025-10-07 20:20:51,563 [INFO] WiFi is working.
2025-10-07 20:21:07,587 [INFO] WiFi is working.
2025-10-07 20:21:23,611 [INFO] WiFi is working.
2025-10-07 20:21:39,635 [INFO] WiFi is working.
2025-10-07 20:21:55,660 [INFO] WiFi is working.
2025-10-07 20:22:11,684 [INFO] WiFi is working.
2025-10-07 20:22:27,708 [INFO] WiFi is working.
2025-10-07 20:22:43,732 [INFO] WiFi is working.
2025-10-07 20:22:59,757 [INFO] WiFi is working.
2025-10-07 20:23:15,780 [INFO] WiFi is working.
2025-10-07 20:23:31,804 [INFO] WiFi is working.
2025-10-07 20:23:47,828 [INFO] WiFi is working.
2025-10-07 20:24:03,851 [INFO] WiFi is working.
2025-10-07 20:24:19,875 [INFO] WiFi is working.
2025-10-07 20:24:35,900 [INFO] WiFi is working.
2025-10-07 20:24:51,922 [INFO] WiFi is working.
2025-10-07 20:25:07,942 [INFO] WiFi is working.
2025-10-07 20:25:23,965 [INFO] WiFi is working.
2025-10-07 20:25:39,989 [INFO] WiFi is working.
2025-10-07 20:25:56,013 [INFO] WiFi is working.
2025-10-07 20:26:12,036 [INFO] WiFi is working.
2025-10-07 20:26:28,059 [INFO] WiFi is working.
2025-10-07 20:26:44,083 [INFO] WiFi is working.
2025-10-07 20:27:00,106 [INFO] WiFi is working.
2025-10-07 20:27:16,130 [INFO] WiFi is working.
2025-10-07 20:27:32,154 [INFO] WiFi is working.
2025-10-07 20:27:48,177 [INFO] WiFi is working.
2025-10-07 20:28:04,202 [INFO] WiFi is working.
2025-10-07 20:28:20,226 [INFO] WiFi is working.
2025-10-07 20:28:36,250 [INFO] WiFi is working.
2025-10-07 20:28:52,275 [INFO] WiFi is working.
2025-10-07 20:29:08,299 [INFO] WiFi is working.
2025-10-07 20:29:24,323 [INFO] WiFi is working.
2025-10-07 20:29:40,347 [INFO] WiFi is working.
2025-10-07 20:29:56,372 [INFO] WiFi is working.
2025-10-07 20:30:12,396 [INFO] WiFi is working.
2025-10-07 20:30:28,420 [INFO] WiFi is working.
2025-10-07 20:30:44,444 [INFO] WiFi is working.
2025-10-07 20:31:00,468 [INFO] WiFi is working.
2025-10-07 20:31:16,489 [INFO] WiFi is working.
2025-10-07 20:31:32,513 [INFO] WiFi is working.
2025-10-07 20:31:48,534 [INFO] WiFi is working.
2025-10-07 20:32:04,559 [INFO] WiFi is working.
2025-10-07 20:32:20,583 [INFO] WiFi is working.
2025-10-07 20:32:36,606 [INFO] WiFi is working.
2025-10-07 20:32:52,630 [INFO] WiFi is working.
2025-10-07 20:33:08,655 [INFO] WiFi is working.
2025-10-07 20:33:24,679 [INFO] WiFi is working.
2025-10-07 20:33:40,703 [INFO] WiFi is working.
2025-10-07 20:33:56,728 [INFO] WiFi is working.
2025-10-07 20:34:12,751 [INFO] WiFi is working.
2025-10-07 20:34:28,776 [INFO] WiFi is working.
2025-10-07 20:34:44,801 [INFO] WiFi is working.
2025-10-07 20:35:00,826 [INFO] WiFi is working.
2025-10-07 20:35:16,850 [INFO] WiFi is working.
2025-10-07 20:35:32,876 [INFO] WiFi is working.
2025-10-07 20:35:48,900 [INFO] WiFi is working.
2025-10-07 20:36:04,924 [INFO] WiFi is working.
2025-10-07 20:36:20,947 [INFO] WiFi is working.
2025-10-07 20:36:36,971 [INFO] WiFi is working.
2025-10-07 20:36:52,995 [INFO] WiFi is working.
2025-10-07 20:37:09,019 [INFO] WiFi is working.
2025-10-07 20:37:25,042 [INFO] WiFi is working.
2025-10-07 20:37:41,066 [INFO] WiFi is working.
2025-10-07 20:37:57,091 [INFO] WiFi is working.
2025-10-07 20:38:13,111 [INFO] WiFi is working.
2025-10-07 20:38:29,136 [INFO] WiFi is working.
2025-10-07 20:38:45,160 [INFO] WiFi is working.
2025-10-07 20:39:01,184 [INFO] WiFi is working.
2025-10-07 20:39:17,207 [INFO] WiFi is working.
2025-10-07 20:39:33,231 [INFO] WiFi is working.
2025-10-07 20:39:49,255 [INFO] WiFi is working.
2025-10-07 20:40:05,279 [INFO] WiFi is working.
2025-10-07 20:40:21,303 [INFO] WiFi is working.
2025-10-07 20:40:37,327 [INFO] WiFi is working.
2025-10-07 20:40:53,351 [INFO] WiFi is working.
2025-10-07 20:41:09,375 [INFO] WiFi is working.
2025-10-07 20:41:25,400 [INFO] WiFi is working.
2025-10-07 20:41:41,424 [INFO] WiFi is working.
2025-10-07 20:41:57,448 [INFO] WiFi is working.
2025-10-07 20:42:13,472 [INFO] WiFi is working.
2025-10-07 20:42:29,496 [INFO] WiFi is working.
2025-10-07 20:42:45,520 [INFO] WiFi is working.
2025-10-07 20:43:01,543 [INFO] WiFi is working.
2025-10-07 20:43:17,568 [INFO] WiFi is working.
2025-10-07 20:43:33,592 [INFO] WiFi is working.
2025-10-07 20:43:49,616 [INFO] WiFi is working.
2025-10-07 20:44:05,641 [INFO] WiFi is working.
2025-10-07 20:44:21,661 [INFO] WiFi is working.
2025-10-07 20:44:37,685 [INFO] WiFi is working.
2025-10-07 20:44:53,708 [INFO] WiFi is working.
2025-10-07 20:45:09,733 [INFO] WiFi is working.
2025-10-07 20:45:25,756 [INFO] WiFi is working.
2025-10-07 20:45:41,780 [INFO] WiFi is working.
2025-10-07 20:45:57,805 [INFO] WiFi is working.
2025-10-07 20:46:13,829 [INFO] WiFi is working.
2025-10-07 20:46:29,853 [INFO] WiFi is working.
2025-10-07 20:46:45,879 [INFO] WiFi is working.
2025-10-07 20:47:01,902 [INFO] WiFi is working.
2025-10-07 20:47:17,926 [INFO] WiFi is working.
2025-10-07 20:47:33,951 [INFO] WiFi is working.
2025-10-07 20:47:49,975 [INFO] WiFi is working.
2025-10-07 20:48:05,999 [INFO] WiFi is working.
2025-10-07 20:48:22,022 [INFO] WiFi is working.
2025-10-07 20:48:38,044 [INFO] WiFi is working.
2025-10-07 20:48:54,067 [INFO] WiFi is working.
2025-10-07 20:49:10,092 [INFO] WiFi is working.
2025-10-07 20:49:26,116 [INFO] WiFi is working.
2025-10-07 20:49:42,141 [INFO] WiFi is working.
2025-10-07 20:49:58,161 [INFO] WiFi is working.
2025-10-07 20:50:14,183 [INFO] WiFi is working.
2025-10-07 20:50:30,208 [INFO] WiFi is working.
2025-10-07 20:50:46,231 [INFO] WiFi is working.
2025-10-07 20:51:02,252 [INFO] WiFi is working.
2025-10-07 20:51:18,275 [INFO] WiFi is working.
2025-10-07 20:51:34,300 [INFO] WiFi is working.
2025-10-07 20:51:50,324 [INFO] WiFi is working.
2025-10-07 20:52:06,348 [INFO] WiFi is working.
2025-10-07 20:52:22,377 [INFO] WiFi is working.
2025-10-07 20:52:38,401 [INFO] WiFi is working.
2025-10-07 20:52:54,425 [INFO] WiFi is working.
2025-10-07 20:53:10,450 [INFO] WiFi is working.
2025-10-07 20:53:26,474 [INFO] WiFi is working.
2025-10-07 20:53:42,498 [INFO] WiFi is working.
2025-10-07 20:53:58,522 [INFO] WiFi is working.
2025-10-07 20:54:14,546 [INFO] WiFi is working.
2025-10-07 20:54:30,569 [INFO] WiFi is working.
2025-10-07 20:54:46,594 [INFO] WiFi is working.
2025-10-07 20:55:02,617 [INFO] WiFi is working.
2025-10-07 20:55:18,640 [INFO] WiFi is working.
2025-10-07 20:55:34,664 [INFO] WiFi is working.
2025-10-07 20:55:50,688 [INFO] WiFi is working.
2025-10-07 20:56:06,711 [INFO] WiFi is working.
2025-10-07 20:56:22,735 [INFO] WiFi is working.
2025-10-07 20:56:38,760 [INFO] WiFi is working.
2025-10-07 20:56:54,783 [INFO] WiFi is working.
2025-10-07 20:57:10,807 [INFO] WiFi is working.
2025-10-07 20:57:26,831 [INFO] WiFi is working.
2025-10-07 20:57:42,856 [INFO] WiFi is working.
2025-10-07 20:57:58,882 [INFO] WiFi is working.
2025-10-07 20:58:14,906 [INFO] WiFi is working.
2025-10-07 20:58:30,930 [INFO] WiFi is working.
2025-10-07 20:58:46,954 [INFO] WiFi is working.
2025-10-07 20:59:02,978 [INFO] WiFi is working.
2025-10-07 20:59:19,002 [INFO] WiFi is working.
2025-10-07 20:59:35,026 [INFO] WiFi is working.
2025-10-07 20:59:51,050 [INFO] WiFi is working.
2025-10-07 21:00:07,074 [INFO] WiFi is working.
2025-10-07 21:00:23,098 [INFO] WiFi is working.
2025-10-07 21:00:39,122 [INFO] WiFi is working.
2025-10-07 21:00:55,146 [INFO] WiFi is working.
2025-10-07 21:01:11,170 [INFO] WiFi is working.
2025-10-07 21:01:27,193 [INFO] WiFi is working.
2025-10-07 21:01:43,217 [INFO] WiFi is working.
2025-10-07 21:01:59,243 [INFO] WiFi is working.
2025-10-07 21:02:15,267 [INFO] WiFi is working.
2025-10-07 21:02:31,291 [INFO] WiFi is working.
2025-10-07 21:02:47,315 [INFO] WiFi is working.
2025-10-07 21:03:03,338 [INFO] WiFi is working.
2025-10-07 21:03:19,362 [INFO] WiFi is working.
2025-10-07 21:03:35,386 [INFO] WiFi is working.
2025-10-07 21:03:51,411 [INFO] WiFi is working.
2025-10-07 21:04:07,435 [INFO] WiFi is working.
2025-10-07 21:04:23,458 [INFO] WiFi is working.
2025-10-07 21:04:39,482 [INFO] WiFi is working.
2025-10-07 21:04:55,506 [INFO] WiFi is working.
2025-10-07 21:05:11,529 [INFO] WiFi is working.
2025-10-07 21:05:27,554 [INFO] WiFi is working.
2025-10-07 21:05:43,573 [INFO] WiFi is working.
2025-10-07 21:05:59,597 [INFO] WiFi is working.
2025-10-07 21:06:15,621 [INFO] WiFi is working.
2025-10-07 21:06:31,642 [INFO] WiFi is working.
2025-10-07 21:06:47,665 [INFO] WiFi is working.
2025-10-07 21:07:03,689 [INFO] WiFi is working.
2025-10-07 21:07:19,713 [INFO] WiFi is working.
2025-10-07 21:07:35,737 [INFO] WiFi is working.
2025-10-07 21:07:51,759 [INFO] WiFi is working.
2025-10-07 21:08:07,785 [INFO] WiFi is working.
2025-10-07 21:08:23,809 [INFO] WiFi is working.
2025-10-07 21:08:39,832 [INFO] WiFi is working.
2025-10-07 21:08:55,855 [INFO] WiFi is working.
2025-10-07 21:09:11,881 [INFO] WiFi is working.
2025-10-07 21:09:27,906 [INFO] WiFi is working.
2025-10-07 21:09:43,929 [INFO] WiFi is working.
2025-10-07 21:09:59,953 [INFO] WiFi is working.
2025-10-07 21:10:15,978 [INFO] WiFi is working.
2025-10-07 21:10:32,003 [INFO] WiFi is working.
2025-10-07 21:10:48,026 [INFO] WiFi is working.
2025-10-07 21:11:04,050 [INFO] WiFi is working.
2025-10-07 21:11:20,074 [INFO] WiFi is working.
2025-10-07 21:11:36,098 [INFO] WiFi is working.
2025-10-07 21:11:52,120 [INFO] WiFi is working.
2025-10-07 21:12:08,144 [INFO] WiFi is working.
2025-10-07 21:12:24,168 [INFO] WiFi is working.
2025-10-07 21:12:40,195 [INFO] WiFi is working.
2025-10-07 21:12:56,220 [INFO] WiFi is working.
2025-10-07 21:13:12,245 [INFO] WiFi is working.
2025-10-07 21:13:28,268 [INFO] WiFi is working.
2025-10-07 21:13:44,292 [INFO] WiFi is working.
2025-10-07 21:14:00,317 [INFO] WiFi is working.
2025-10-07 21:14:16,340 [INFO] WiFi is working.
2025-10-07 21:14:32,365 [INFO] WiFi is working.
2025-10-07 21:14:48,387 [INFO] WiFi is working.
2025-10-07 21:15:04,411 [INFO] WiFi is working.
2025-10-07 21:15:20,435 [INFO] WiFi is working.
2025-10-07 21:15:36,460 [INFO] WiFi is working.
2025-10-07 21:15:52,484 [INFO] WiFi is working.
2025-10-07 21:16:08,507 [INFO] WiFi is working.
2025-10-07 21:16:24,530 [INFO] WiFi is working.
2025-10-07 21:16:40,555 [INFO] WiFi is working.
2025-10-07 21:16:56,577 [INFO] WiFi is working.
2025-10-07 21:17:12,601 [INFO] WiFi is working.
2025-10-07 21:17:28,625 [INFO] WiFi is working.
2025-10-07 21:17:44,648 [INFO] WiFi is working.
2025-10-07 21:18:00,672 [INFO] WiFi is working.
2025-10-07 21:18:16,696 [INFO] WiFi is working.
2025-10-07 21:18:32,719 [INFO] WiFi is working.
2025-10-07 21:18:48,743 [INFO] WiFi is working.
2025-10-07 21:19:04,767 [INFO] WiFi is working.
2025-10-07 21:19:20,791 [INFO] WiFi is working.
2025-10-07 21:19:36,814 [INFO] WiFi is working.
2025-10-07 21:19:52,839 [INFO] WiFi is working.
2025-10-07 21:20:08,862 [INFO] WiFi is working.
2025-10-07 21:20:24,885 [INFO] WiFi is working.
2025-10-07 21:20:40,910 [INFO] WiFi is working.
2025-10-07 21:20:56,933 [INFO] WiFi is working.
2025-10-07 21:21:12,957 [INFO] WiFi is working.
2025-10-07 21:21:28,982 [INFO] WiFi is working.
2025-10-07 21:21:45,005 [INFO] WiFi is working.
2025-10-07 21:22:01,029 [INFO] WiFi is working.
2025-10-07 21:22:17,056 [INFO] WiFi is working.
2025-10-07 21:22:33,079 [INFO] WiFi is working.
2025-10-07 21:22:49,103 [INFO] WiFi is working.
2025-10-07 21:23:05,127 [INFO] WiFi is working.
2025-10-07 21:23:21,151 [INFO] WiFi is working.
2025-10-07 21:23:37,175 [INFO] WiFi is working.
2025-10-07 21:23:53,199 [INFO] WiFi is working.
2025-10-07 21:24:09,222 [INFO] WiFi is working.
2025-10-07 21:24:25,246 [INFO] WiFi is working.
2025-10-07 21:24:41,271 [INFO] WiFi is working.
2025-10-07 21:24:57,293 [INFO] WiFi is working.
2025-10-07 21:25:13,317 [INFO] WiFi is working.
2025-10-07 21:25:29,341 [INFO] WiFi is working.
2025-10-07 21:25:45,366 [INFO] WiFi is working.
2025-10-07 21:26:01,390 [INFO] WiFi is working.
2025-10-07 21:26:17,414 [INFO] WiFi is working.
2025-10-07 21:26:33,437 [INFO] WiFi is working.
2025-10-07 21:26:49,462 [INFO] WiFi is working.
2025-10-07 21:27:05,485 [INFO] WiFi is working.
2025-10-07 21:27:21,505 [INFO] WiFi is working.
2025-10-07 21:27:37,529 [INFO] WiFi is working.
2025-10-07 21:27:53,553 [INFO] WiFi is working.
2025-10-07 21:28:09,577 [INFO] WiFi is working.
2025-10-07 21:28:25,601 [INFO] WiFi is working.
2025-10-07 21:28:41,626 [INFO] WiFi is working.
2025-10-07 21:28:57,649 [INFO] WiFi is working.
2025-10-07 21:29:13,674 [INFO] WiFi is working.
2025-10-07 21:29:29,699 [INFO] WiFi is working.
2025-10-07 21:29:45,723 [INFO] WiFi is working.
2025-10-07 21:30:01,743 [INFO] WiFi is working.
2025-10-07 21:30:17,765 [INFO] WiFi is working.
2025-10-07 21:30:33,785 [INFO] WiFi is working.
2025-10-07 21:30:49,808 [INFO] WiFi is working.
2025-10-07 21:31:05,832 [INFO] WiFi is working.
2025-10-07 21:31:21,853 [INFO] WiFi is working.
2025-10-07 21:31:37,877 [INFO] WiFi is working.
2025-10-07 21:31:53,900 [INFO] WiFi is working.
2025-10-07 21:32:09,923 [INFO] WiFi is working.
2025-10-07 21:32:25,947 [INFO] WiFi is working.
2025-10-07 21:32:41,972 [INFO] WiFi is working.
2025-10-07 21:32:57,995 [INFO] WiFi is working.
2025-10-07 21:33:14,016 [INFO] WiFi is working.
2025-10-07 21:33:30,041 [INFO] WiFi is working.
2025-10-07 21:33:46,065 [INFO] WiFi is working.
2025-10-07 21:34:02,089 [INFO] WiFi is working.
2025-10-07 21:34:18,114 [INFO] WiFi is working.
2025-10-07 21:34:34,137 [INFO] WiFi is working.
2025-10-07 21:34:50,161 [INFO] WiFi is working.
2025-10-07 21:35:06,184 [INFO] WiFi is working.
2025-10-07 21:35:22,207 [INFO] WiFi is working.
2025-10-07 21:35:38,231 [INFO] WiFi is working.
2025-10-07 21:35:54,256 [INFO] WiFi is working.
2025-10-07 21:36:10,279 [INFO] WiFi is working.
2025-10-07 21:36:26,303 [INFO] WiFi is working.
2025-10-07 21:36:42,326 [INFO] WiFi is working.
2025-10-07 21:36:58,350 [INFO] WiFi is working.
2025-10-07 21:37:14,373 [INFO] WiFi is working.
2025-10-07 21:37:30,398 [INFO] WiFi is working.
2025-10-07 21:37:46,421 [INFO] WiFi is working.
2025-10-07 21:38:02,445 [INFO] WiFi is working.
2025-10-07 21:38:18,465 [INFO] WiFi is working.
2025-10-07 21:38:34,490 [INFO] WiFi is working.
2025-10-07 21:38:50,514 [INFO] WiFi is working.
2025-10-07 21:39:06,534 [INFO] WiFi is working.
2025-10-07 21:39:22,558 [INFO] WiFi is working.
2025-10-07 21:39:38,582 [INFO] WiFi is working.
2025-10-07 21:39:54,605 [INFO] WiFi is working.
2025-10-07 21:40:10,629 [INFO] WiFi is working.
2025-10-07 21:40:26,653 [INFO] WiFi is working.
2025-10-07 21:40:42,676 [INFO] WiFi is working.
2025-10-07 21:40:58,700 [INFO] WiFi is working.
2025-10-07 21:41:14,723 [INFO] WiFi is working.
2025-10-07 21:41:30,747 [INFO] WiFi is working.
2025-10-07 21:41:46,768 [INFO] WiFi is working.
2025-10-07 21:42:02,791 [INFO] WiFi is working.
2025-10-07 21:42:18,814 [INFO] WiFi is working.
2025-10-07 21:42:34,837 [INFO] WiFi is working.
2025-10-07 21:42:50,861 [INFO] WiFi is working.
2025-10-07 21:43:06,885 [INFO] WiFi is working.
2025-10-07 21:43:22,909 [INFO] WiFi is working.
2025-10-07 21:43:38,932 [INFO] WiFi is working.
2025-10-07 21:43:54,957 [INFO] WiFi is working.
2025-10-07 21:44:10,981 [INFO] WiFi is working.
2025-10-07 21:44:27,005 [INFO] WiFi is working.
2025-10-07 21:44:43,029 [INFO] WiFi is working.
2025-10-07 21:44:59,053 [INFO] WiFi is working.
2025-10-07 21:45:15,077 [INFO] WiFi is working.
2025-10-07 21:45:31,101 [INFO] WiFi is working.
2025-10-07 21:45:47,124 [INFO] WiFi is working.
2025-10-07 21:46:03,150 [INFO] WiFi is working.
2025-10-07 21:46:19,175 [INFO] WiFi is working.
2025-10-07 21:46:35,199 [INFO] WiFi is working.
2025-10-07 21:46:51,223 [INFO] WiFi is working.
2025-10-07 21:47:07,247 [INFO] WiFi is working.
2025-10-07 21:47:23,274 [INFO] WiFi is working.
2025-10-07 21:47:39,298 [INFO] WiFi is working.
2025-10-07 21:47:55,321 [INFO] WiFi is working.
2025-10-07 21:48:11,346 [INFO] WiFi is working.
2025-10-07 21:48:27,370 [INFO] WiFi is working.
2025-10-07 21:48:43,394 [INFO] WiFi is working.
2025-10-07 21:48:59,418 [INFO] WiFi is working.
2025-10-07 21:49:15,442 [INFO] WiFi is working.
2025-10-07 21:49:31,467 [INFO] WiFi is working.
2025-10-07 21:49:47,490 [INFO] WiFi is working.
2025-10-07 21:50:03,514 [INFO] WiFi is working.
2025-10-07 21:50:19,539 [INFO] WiFi is working.
2025-10-07 21:50:35,563 [INFO] WiFi is working.
2025-10-07 21:50:51,586 [INFO] WiFi is working.
2025-10-07 21:51:07,610 [INFO] WiFi is working.
2025-10-07 21:51:23,633 [INFO] WiFi is working.
2025-10-07 21:51:39,657 [INFO] WiFi is working.
2025-10-07 21:51:55,683 [INFO] WiFi is working.
2025-10-07 21:52:11,707 [INFO] WiFi is working.
2025-10-07 21:52:27,730 [INFO] WiFi is working.
2025-10-07 21:52:43,754 [INFO] WiFi is working.
2025-10-07 21:52:59,778 [INFO] WiFi is working.
2025-10-07 21:53:15,801 [INFO] WiFi is working.
2025-10-07 21:53:31,824 [INFO] WiFi is working.
2025-10-07 21:53:47,848 [INFO] WiFi is working.
2025-10-07 21:54:03,872 [INFO] WiFi is working.
2025-10-07 21:54:19,896 [INFO] WiFi is working.
2025-10-07 21:54:35,920 [INFO] WiFi is working.
2025-10-07 21:54:51,944 [INFO] WiFi is working.
2025-10-07 21:55:07,967 [INFO] WiFi is working.
2025-10-07 21:55:23,990 [INFO] WiFi is working.
2025-10-07 21:55:40,014 [INFO] WiFi is working.
2025-10-07 21:55:56,035 [INFO] WiFi is working.
2025-10-07 21:56:12,061 [INFO] WiFi is working.
2025-10-07 21:56:28,084 [INFO] WiFi is working.
2025-10-07 21:56:44,108 [INFO] WiFi is working.
2025-10-07 21:57:00,132 [INFO] WiFi is working.
2025-10-07 21:57:16,157 [INFO] WiFi is working.
2025-10-07 21:57:32,181 [INFO] WiFi is working.
2025-10-07 21:57:48,205 [INFO] WiFi is working.
2025-10-07 21:58:04,229 [INFO] WiFi is working.
2025-10-07 21:58:20,254 [INFO] WiFi is working.
2025-10-07 21:58:36,278 [INFO] WiFi is working.
2025-10-07 21:58:52,302 [INFO] WiFi is working.
2025-10-07 21:59:08,326 [INFO] WiFi is working.
2025-10-07 21:59:24,350 [INFO] WiFi is working.
2025-10-07 21:59:40,375 [INFO] WiFi is working.
2025-10-07 21:59:56,399 [INFO] WiFi is working.
2025-10-07 22:00:12,423 [INFO] WiFi is working.
2025-10-07 22:00:28,448 [INFO] WiFi is working.
2025-10-07 22:00:44,472 [INFO] WiFi is working.
2025-10-07 22:01:00,496 [INFO] WiFi is working.
2025-10-07 22:01:16,520 [INFO] WiFi is working.
2025-10-07 22:01:32,544 [INFO] WiFi is working.
2025-10-07 22:01:48,568 [INFO] WiFi is working.
2025-10-07 22:02:04,591 [INFO] WiFi is working.
2025-10-07 22:02:20,615 [INFO] WiFi is working.
2025-10-07 22:02:36,638 [INFO] WiFi is working.
2025-10-07 22:02:52,662 [INFO] WiFi is working.
2025-10-07 22:03:08,686 [INFO] WiFi is working.
2025-10-07 22:03:24,710 [INFO] WiFi is working.
2025-10-07 22:03:40,734 [INFO] WiFi is working.
2025-10-07 22:03:56,758 [INFO] WiFi is working.
2025-10-07 22:04:12,783 [INFO] WiFi is working.
2025-10-07 22:04:28,808 [INFO] WiFi is working.
2025-10-07 22:04:44,831 [INFO] WiFi is working.
2025-10-07 22:05:00,860 [INFO] WiFi is working.
2025-10-07 22:05:16,883 [INFO] WiFi is working.
2025-10-07 22:05:32,907 [INFO] WiFi is working.
2025-10-07 22:05:48,931 [INFO] WiFi is working.
2025-10-07 22:06:04,951 [INFO] WiFi is working.
2025-10-07 22:06:20,975 [INFO] WiFi is working.
2025-10-07 22:06:36,998 [INFO] WiFi is working.
2025-10-07 22:06:53,023 [INFO] WiFi is working.
2025-10-07 22:07:09,047 [INFO] WiFi is working.
2025-10-07 22:07:25,071 [INFO] WiFi is working.
2025-10-07 22:07:41,098 [INFO] WiFi is working.
2025-10-07 22:07:57,121 [INFO] WiFi is working.
2025-10-07 22:08:13,146 [INFO] WiFi is working.
2025-10-07 22:08:29,170 [INFO] WiFi is working.
2025-10-07 22:08:45,194 [INFO] WiFi is working.
2025-10-07 22:09:01,217 [INFO] WiFi is working.
2025-10-07 22:09:17,241 [INFO] WiFi is working.
2025-10-07 22:09:33,268 [INFO] WiFi is working.
2025-10-07 22:09:49,292 [INFO] WiFi is working.
2025-10-07 22:10:05,316 [INFO] WiFi is working.
2025-10-07 22:10:21,338 [INFO] WiFi is working.
2025-10-07 22:10:37,363 [INFO] WiFi is working.
2025-10-07 22:10:53,388 [INFO] WiFi is working.
2025-10-07 22:11:09,411 [INFO] WiFi is working.
2025-10-07 22:11:25,435 [INFO] WiFi is working.
2025-10-07 22:11:41,459 [INFO] WiFi is working.
2025-10-07 22:11:57,483 [INFO] WiFi is working.
2025-10-07 22:12:13,507 [INFO] WiFi is working.
2025-10-07 22:12:29,531 [INFO] WiFi is working.
2025-10-07 22:12:45,558 [INFO] WiFi is working.
2025-10-07 22:13:01,578 [INFO] WiFi is working.
2025-10-07 22:13:17,607 [INFO] WiFi is working.
2025-10-07 22:13:33,631 [INFO] WiFi is working.
2025-10-07 22:13:49,655 [INFO] WiFi is working.
2025-10-07 22:14:05,679 [INFO] WiFi is working.
2025-10-07 22:14:21,703 [INFO] WiFi is working.
2025-10-07 22:14:37,727 [INFO] WiFi is working.
2025-10-07 22:14:53,750 [INFO] WiFi is working.
2025-10-07 22:15:09,774 [INFO] WiFi is working.
2025-10-07 22:15:25,796 [INFO] WiFi is working.
2025-10-07 22:15:41,818 [INFO] WiFi is working.
2025-10-07 22:15:57,842 [INFO] WiFi is working.
2025-10-07 22:16:13,862 [INFO] WiFi is working.
2025-10-07 22:16:29,889 [INFO] WiFi is working.
2025-10-07 22:16:45,913 [INFO] WiFi is working.
2025-10-07 22:17:01,936 [INFO] WiFi is working.
2025-10-07 22:17:17,960 [INFO] WiFi is working.
2025-10-07 22:17:33,984 [INFO] WiFi is working.
2025-10-07 22:17:50,008 [INFO] WiFi is working.
2025-10-07 22:18:06,032 [INFO] WiFi is working.
2025-10-07 22:18:22,056 [INFO] WiFi is working.
2025-10-07 22:18:38,080 [INFO] WiFi is working.
2025-10-07 22:18:54,104 [INFO] WiFi is working.
2025-10-07 22:19:10,129 [INFO] WiFi is working.
2025-10-07 22:19:26,155 [INFO] WiFi is working.
2025-10-07 22:19:42,179 [INFO] WiFi is working.
2025-10-07 22:19:58,203 [INFO] WiFi is working.
2025-10-07 22:20:14,227 [INFO] WiFi is working.
2025-10-07 22:20:30,252 [INFO] WiFi is working.
2025-10-07 22:20:46,275 [INFO] WiFi is working.
2025-10-07 22:21:02,298 [INFO] WiFi is working.
2025-10-07 22:21:18,323 [INFO] WiFi is working.
2025-10-07 22:21:34,346 [INFO] WiFi is working.
2025-10-07 22:21:50,370 [INFO] WiFi is working.
2025-10-07 22:22:06,394 [INFO] WiFi is working.
2025-10-07 22:22:22,417 [INFO] WiFi is working.
2025-10-07 22:22:38,441 [INFO] WiFi is working.
2025-10-07 22:22:54,469 [INFO] WiFi is working.
2025-10-07 22:23:10,493 [INFO] WiFi is working.
2025-10-07 22:23:26,517 [INFO] WiFi is working.
2025-10-07 22:23:42,541 [INFO] WiFi is working.
2025-10-07 22:23:58,565 [INFO] WiFi is working.
2025-10-07 22:24:14,589 [INFO] WiFi is working.
2025-10-07 22:24:30,613 [INFO] WiFi is working.
2025-10-07 22:24:46,640 [INFO] WiFi is working.
2025-10-07 22:25:02,665 [INFO] WiFi is working.
2025-10-07 22:25:18,689 [INFO] WiFi is working.
2025-10-07 22:25:34,715 [INFO] WiFi is working.
2025-10-07 22:25:50,740 [INFO] WiFi is working.
2025-10-07 22:26:06,764 [INFO] WiFi is working.
2025-10-07 22:26:22,788 [INFO] WiFi is working.
2025-10-07 22:26:38,810 [INFO] WiFi is working.
2025-10-07 22:26:54,833 [INFO] WiFi is working.
2025-10-07 22:27:10,857 [INFO] WiFi is working.
2025-10-07 22:27:26,879 [INFO] WiFi is working.
2025-10-07 22:27:42,903 [INFO] WiFi is working.
2025-10-07 22:27:58,926 [INFO] WiFi is working.
2025-10-07 22:28:14,950 [INFO] WiFi is working.
2025-10-07 22:28:30,973 [INFO] WiFi is working.
2025-10-07 22:28:46,997 [INFO] WiFi is working.
2025-10-07 22:29:03,021 [INFO] WiFi is working.
2025-10-07 22:29:19,045 [INFO] WiFi is working.
2025-10-07 22:29:35,069 [INFO] WiFi is working.
2025-10-07 22:29:51,093 [INFO] WiFi is working.
2025-10-07 22:30:07,117 [INFO] WiFi is working.
2025-10-07 22:30:23,142 [INFO] WiFi is working.
2025-10-07 22:30:39,166 [INFO] WiFi is working.
2025-10-07 22:30:55,190 [INFO] WiFi is working.
2025-10-07 22:31:11,216 [INFO] WiFi is working.
2025-10-07 22:31:27,241 [INFO] WiFi is working.
2025-10-07 22:31:43,265 [INFO] WiFi is working.
2025-10-07 22:31:59,290 [INFO] WiFi is working.
2025-10-07 22:32:15,315 [INFO] WiFi is working.
2025-10-07 22:32:31,339 [INFO] WiFi is working.
2025-10-07 22:32:47,363 [INFO] WiFi is working.
2025-10-07 22:33:03,387 [INFO] WiFi is working.
2025-10-07 22:33:19,412 [INFO] WiFi is working.
2025-10-07 22:33:35,445 [INFO] WiFi is working.
2025-10-07 22:33:51,479 [INFO] WiFi is working.
2025-10-07 22:34:07,504 [INFO] WiFi is working.
2025-10-07 22:34:23,537 [INFO] WiFi is working.
2025-10-07 22:34:39,561 [INFO] WiFi is working.
2025-10-07 22:34:55,598 [INFO] WiFi is working.
2025-10-07 22:35:11,621 [INFO] WiFi is working.
2025-10-07 22:35:27,644 [INFO] WiFi is working.
2025-10-07 22:35:43,667 [INFO] WiFi is working.
2025-10-07 22:35:59,693 [INFO] WiFi is working.
2025-10-07 22:36:15,727 [INFO] WiFi is working.
2025-10-07 22:36:31,760 [INFO] WiFi is working.
2025-10-07 22:36:47,793 [INFO] WiFi is working.
2025-10-07 22:37:03,828 [INFO] WiFi is working.
2025-10-07 22:37:19,864 [INFO] WiFi is working.
2025-10-07 22:37:35,892 [INFO] WiFi is working.
2025-10-07 22:37:51,917 [INFO] WiFi is working.
2025-10-07 22:38:07,941 [INFO] WiFi is working.
2025-10-07 22:38:23,965 [INFO] WiFi is working.
2025-10-07 22:38:39,990 [INFO] WiFi is working.
2025-10-07 22:38:56,025 [INFO] WiFi is working.
2025-10-07 22:39:12,059 [INFO] WiFi is working.
2025-10-07 22:39:28,085 [INFO] WiFi is working.
2025-10-07 22:39:44,125 [INFO] WiFi is working.
2025-10-07 22:40:00,149 [INFO] WiFi is working.
2025-10-07 22:40:16,174 [INFO] WiFi is working.
2025-10-07 22:40:32,208 [INFO] WiFi is working.
2025-10-07 22:40:48,242 [INFO] WiFi is working.
2025-10-07 22:41:04,273 [INFO] WiFi is working.
2025-10-07 22:41:20,298 [INFO] WiFi is working.
2025-10-07 22:41:36,322 [INFO] WiFi is working.
2025-10-07 22:41:52,346 [INFO] WiFi is working.
2025-10-07 22:42:08,373 [INFO] WiFi is working.
2025-10-07 22:42:24,397 [INFO] WiFi is working.
2025-10-07 22:42:40,425 [INFO] WiFi is working.
2025-10-07 22:42:56,449 [INFO] WiFi is working.
2025-10-07 22:43:12,472 [INFO] WiFi is working.
2025-10-07 22:43:28,496 [INFO] WiFi is working.
2025-10-07 22:43:44,524 [INFO] WiFi is working.
2025-10-07 22:44:00,557 [INFO] WiFi is working.
2025-10-07 22:44:16,588 [INFO] WiFi is working.
2025-10-07 22:44:32,622 [INFO] WiFi is working.
2025-10-07 22:44:48,649 [INFO] WiFi is working.
2025-10-07 22:45:04,688 [INFO] WiFi is working.
2025-10-07 22:45:20,710 [INFO] WiFi is working.
2025-10-07 22:45:36,734 [INFO] WiFi is working.
2025-10-07 22:45:52,758 [INFO] WiFi is working.
2025-10-07 22:46:08,781 [INFO] WiFi is working.
2025-10-07 22:46:24,804 [INFO] WiFi is working.
2025-10-07 22:46:40,828 [INFO] WiFi is working.
2025-10-07 22:46:56,855 [INFO] WiFi is working.
2025-10-07 22:47:12,879 [INFO] WiFi is working.
2025-10-07 22:47:28,903 [INFO] WiFi is working.
2025-10-07 22:47:44,930 [INFO] WiFi is working.
2025-10-07 22:48:00,956 [INFO] WiFi is working.
2025-10-07 22:48:16,978 [INFO] WiFi is working.
2025-10-07 22:48:33,003 [INFO] WiFi is working.
2025-10-07 22:48:49,030 [INFO] WiFi is working.
2025-10-07 22:49:05,054 [INFO] WiFi is working.
2025-10-07 22:49:21,077 [INFO] WiFi is working.
2025-10-07 22:49:37,102 [INFO] WiFi is working.
2025-10-07 22:49:53,136 [INFO] WiFi is working.
2025-10-07 22:50:09,160 [INFO] WiFi is working.
2025-10-07 22:50:25,185 [INFO] WiFi is working.
2025-10-07 22:50:41,209 [INFO] WiFi is working.
2025-10-07 22:50:57,233 [INFO] WiFi is working.
2025-10-07 22:51:13,267 [INFO] WiFi is working.
2025-10-07 22:51:29,291 [INFO] WiFi is working.
2025-10-07 22:51:45,318 [INFO] WiFi is working.
2025-10-07 22:52:01,343 [INFO] WiFi is working.
2025-10-07 22:52:17,368 [INFO] WiFi is working.
2025-10-07 22:52:33,391 [INFO] WiFi is working.
2025-10-07 22:52:49,416 [INFO] WiFi is working.
2025-10-07 22:53:05,440 [INFO] WiFi is working.
2025-10-07 22:53:21,464 [INFO] WiFi is working.
2025-10-07 22:53:37,488 [INFO] WiFi is working.
2025-10-07 22:53:53,512 [INFO] WiFi is working.
2025-10-07 22:54:09,537 [INFO] WiFi is working.
2025-10-07 22:54:25,561 [INFO] WiFi is working.
2025-10-07 22:54:41,585 [INFO] WiFi is working.
2025-10-07 22:54:57,615 [INFO] WiFi is working.
2025-10-07 22:55:13,648 [INFO] WiFi is working.
2025-10-07 22:55:29,670 [INFO] WiFi is working.
2025-10-07 22:55:45,697 [INFO] WiFi is working.
2025-10-07 22:56:01,731 [INFO] WiFi is working.
2025-10-07 22:56:17,764 [INFO] WiFi is working.
2025-10-07 22:56:33,784 [INFO] WiFi is working.
2025-10-07 22:56:49,811 [INFO] WiFi is working.
2025-10-07 22:57:05,847 [INFO] WiFi is working.
2025-10-07 22:57:21,886 [INFO] WiFi is working.
2025-10-07 22:57:37,911 [INFO] WiFi is working.
2025-10-07 22:57:53,948 [INFO] WiFi is working.
2025-10-07 22:58:09,979 [INFO] WiFi is working.
2025-10-07 22:58:26,002 [INFO] WiFi is working.
2025-10-07 22:58:42,022 [INFO] WiFi is working.
2025-10-07 22:58:58,049 [INFO] WiFi is working.
2025-10-07 22:59:14,077 [INFO] WiFi is working.
2025-10-07 22:59:30,101 [INFO] WiFi is working.
2025-10-07 22:59:46,130 [INFO] WiFi is working.
2025-10-07 23:00:02,153 [INFO] WiFi is working.
2025-10-07 23:00:18,177 [INFO] WiFi is working.
2025-10-07 23:00:34,211 [INFO] WiFi is working.
2025-10-07 23:00:50,235 [INFO] WiFi is working.
2025-10-07 23:01:06,264 [INFO] WiFi is working.
2025-10-07 23:01:22,288 [INFO] WiFi is working.
2025-10-07 23:01:38,311 [INFO] WiFi is working.
2025-10-07 23:01:54,337 [INFO] WiFi is working.
2025-10-07 23:02:10,376 [INFO] WiFi is working.
2025-10-07 23:02:26,400 [INFO] WiFi is working.
2025-10-07 23:02:42,427 [INFO] WiFi is working.
2025-10-07 23:02:58,452 [INFO] WiFi is working.
2025-10-07 23:03:14,476 [INFO] WiFi is working.
2025-10-07 23:03:30,499 [INFO] WiFi is working.
2025-10-07 23:03:46,523 [INFO] WiFi is working.
2025-10-07 23:04:02,547 [INFO] WiFi is working.
2025-10-07 23:04:18,576 [INFO] WiFi is working.
2025-10-07 23:04:34,608 [INFO] WiFi is working.
2025-10-07 23:04:50,642 [INFO] WiFi is working.
2025-10-07 23:05:06,664 [INFO] WiFi is working.
2025-10-07 23:05:22,692 [INFO] WiFi is working.
2025-10-07 23:05:38,719 [INFO] WiFi is working.
2025-10-07 23:05:54,743 [INFO] WiFi is working.
2025-10-07 23:06:10,768 [INFO] WiFi is working.
2025-10-07 23:06:26,792 [INFO] WiFi is working.
2025-10-07 23:06:42,823 [INFO] WiFi is working.
2025-10-07 23:06:58,857 [INFO] WiFi is working.
2025-10-07 23:07:14,890 [INFO] WiFi is working.
2025-10-07 23:07:30,915 [INFO] WiFi is working.
2025-10-07 23:07:46,939 [INFO] WiFi is working.
2025-10-07 23:08:02,973 [INFO] WiFi is working.
2025-10-07 23:08:19,009 [INFO] WiFi is working.
2025-10-07 23:08:35,039 [INFO] WiFi is working.
2025-10-07 23:08:51,071 [INFO] WiFi is working.
2025-10-07 23:09:07,092 [INFO] WiFi is working.
2025-10-07 23:09:23,122 [INFO] WiFi is working.
2025-10-07 23:09:39,154 [INFO] WiFi is working.
2025-10-07 23:09:55,188 [INFO] WiFi is working.
2025-10-07 23:10:11,212 [INFO] WiFi is working.
2025-10-07 23:10:27,238 [INFO] WiFi is working.
2025-10-07 23:10:43,262 [INFO] WiFi is working.
2025-10-07 23:10:59,285 [INFO] WiFi is working.
2025-10-07 23:11:15,312 [INFO] WiFi is working.
2025-10-07 23:11:31,337 [INFO] WiFi is working.
2025-10-07 23:11:47,370 [INFO] WiFi is working.
2025-10-07 23:12:03,394 [INFO] WiFi is working.
2025-10-07 23:12:19,418 [INFO] WiFi is working.
2025-10-07 23:12:35,441 [INFO] WiFi is working.
2025-10-07 23:12:51,465 [INFO] WiFi is working.
2025-10-07 23:13:07,489 [INFO] WiFi is working.
2025-10-07 23:13:23,513 [INFO] WiFi is working.
2025-10-07 23:13:39,553 [INFO] WiFi is working.
2025-10-07 23:13:55,579 [INFO] WiFi is working.
2025-10-07 23:14:11,602 [INFO] WiFi is working.
2025-10-07 23:14:27,636 [INFO] WiFi is working.
2025-10-07 23:14:43,668 [INFO] WiFi is working.
2025-10-07 23:14:59,702 [INFO] WiFi is working.
2025-10-07 23:15:15,737 [INFO] WiFi is working.
2025-10-07 23:15:31,762 [INFO] WiFi is working.
2025-10-07 23:15:47,801 [INFO] WiFi is working.
2025-10-07 23:16:03,833 [INFO] WiFi is working.
2025-10-07 23:16:19,867 [INFO] WiFi is working.
2025-10-07 23:16:35,893 [INFO] WiFi is working.
2025-10-07 23:16:51,917 [INFO] WiFi is working.
2025-10-07 23:17:07,950 [INFO] WiFi is working.
2025-10-07 23:17:23,973 [INFO] WiFi is working.
2025-10-07 23:17:40,000 [INFO] WiFi is working.
2025-10-07 23:17:56,021 [INFO] WiFi is working.
2025-10-07 23:18:12,050 [INFO] WiFi is working.
2025-10-07 23:18:28,073 [INFO] WiFi is working.
2025-10-07 23:18:44,095 [INFO] WiFi is working.
2025-10-07 23:19:00,133 [INFO] WiFi is working.
2025-10-07 23:19:16,157 [INFO] WiFi is working.
2025-10-07 23:19:32,181 [INFO] WiFi is working.
2025-10-07 23:19:48,208 [INFO] WiFi is working.
2025-10-07 23:20:04,232 [INFO] WiFi is working.
2025-10-07 23:20:20,256 [INFO] WiFi is working.
2025-10-07 23:20:36,281 [INFO] WiFi is working.
2025-10-07 23:20:52,302 [INFO] WiFi is working.
2025-10-07 23:21:08,329 [INFO] WiFi is working.
2025-10-07 23:21:24,364 [INFO] WiFi is working.
2025-10-07 23:21:40,398 [INFO] WiFi is working.
2025-10-07 23:21:56,431 [INFO] WiFi is working.
2025-10-07 23:22:12,457 [INFO] WiFi is working.
2025-10-07 23:22:28,481 [INFO] WiFi is working.
2025-10-07 23:22:44,504 [INFO] WiFi is working.
2025-10-07 23:23:00,528 [INFO] WiFi is working.
2025-10-07 23:23:16,553 [INFO] WiFi is working.
2025-10-07 23:23:32,580 [INFO] WiFi is working.
2025-10-07 23:23:48,605 [INFO] WiFi is working.
2025-10-07 23:24:04,632 [INFO] WiFi is working.
2025-10-07 23:24:20,663 [INFO] WiFi is working.
2025-10-07 23:24:36,694 [INFO] WiFi is working.
2025-10-07 23:24:52,718 [INFO] WiFi is working.
2025-10-07 23:25:08,742 [INFO] WiFi is working.
2025-10-07 23:25:24,765 [INFO] WiFi is working.
2025-10-07 23:25:40,793 [INFO] WiFi is working.
2025-10-07 23:25:56,818 [INFO] WiFi is working.
2025-10-07 23:26:12,844 [INFO] WiFi is working.
2025-10-07 23:26:28,867 [INFO] WiFi is working.
2025-10-07 23:26:44,891 [INFO] WiFi is working.
2025-10-07 23:27:00,927 [INFO] WiFi is working.
2025-10-07 23:27:16,950 [INFO] WiFi is working.
2025-10-07 23:27:32,979 [INFO] WiFi is working.
2025-10-07 23:27:49,009 [INFO] WiFi is working.
2025-10-07 23:28:05,034 [INFO] WiFi is working.
2025-10-07 23:28:21,060 [INFO] WiFi is working.
2025-10-07 23:28:37,084 [INFO] WiFi is working.
2025-10-07 23:28:53,108 [INFO] WiFi is working.
2025-10-07 23:29:09,133 [INFO] WiFi is working.
2025-10-07 23:29:25,160 [INFO] WiFi is working.
2025-10-07 23:29:41,192 [INFO] WiFi is working.
2025-10-07 23:29:57,224 [INFO] WiFi is working.
2025-10-07 23:30:13,252 [INFO] WiFi is working.
2025-10-07 23:30:29,272 [INFO] WiFi is working.
2025-10-07 23:30:45,308 [INFO] WiFi is working.
2025-10-07 23:31:01,341 [INFO] WiFi is working.
2025-10-07 23:31:17,363 [INFO] WiFi is working.
2025-10-07 23:31:33,392 [INFO] WiFi is working.
2025-10-07 23:31:49,413 [INFO] WiFi is working.
2025-10-07 23:32:05,441 [INFO] WiFi is working.
2025-10-07 23:32:21,464 [INFO] WiFi is working.
2025-10-07 23:32:37,488 [INFO] WiFi is working.
2025-10-07 23:32:53,523 [INFO] WiFi is working.
2025-10-07 23:33:09,557 [INFO] WiFi is working.
2025-10-07 23:33:25,593 [INFO] WiFi is working.
2025-10-07 23:33:41,617 [INFO] WiFi is working.
2025-10-07 23:33:57,646 [INFO] WiFi is working.
2025-10-07 23:34:13,673 [INFO] WiFi is working.
2025-10-07 23:34:29,697 [INFO] WiFi is working.
2025-10-07 23:34:45,723 [INFO] WiFi is working.
2025-10-07 23:35:01,747 [INFO] WiFi is working.
2025-10-07 23:35:17,771 [INFO] WiFi is working.
2025-10-07 23:35:33,796 [INFO] WiFi is working.
2025-10-07 23:35:49,819 [INFO] WiFi is working.
2025-10-07 23:36:05,855 [INFO] WiFi is working.
2025-10-07 23:36:21,880 [INFO] WiFi is working.
2025-10-07 23:36:37,908 [INFO] WiFi is working.
2025-10-07 23:36:53,932 [INFO] WiFi is working.
2025-10-07 23:37:09,970 [INFO] WiFi is working.
2025-10-07 23:37:26,010 [INFO] WiFi is working.
2025-10-07 23:37:42,037 [INFO] WiFi is working.
2025-10-07 23:37:58,061 [INFO] WiFi is working.
2025-10-07 23:38:14,086 [INFO] WiFi is working.
2025-10-07 23:38:30,110 [INFO] WiFi is working.
2025-10-07 23:38:46,136 [INFO] WiFi is working.
2025-10-07 23:39:02,170 [INFO] WiFi is working.
2025-10-07 23:39:18,203 [INFO] WiFi is working.
2025-10-07 23:39:34,226 [INFO] WiFi is working.
2025-10-07 23:39:50,256 [INFO] WiFi is working.
2025-10-07 23:40:06,285 [INFO] WiFi is working.
2025-10-07 23:40:22,320 [INFO] WiFi is working.
2025-10-07 23:40:38,349 [INFO] WiFi is working.
2025-10-07 23:40:54,372 [INFO] WiFi is working.
2025-10-07 23:41:10,401 [INFO] WiFi is working.
2025-10-07 23:41:26,425 [INFO] WiFi is working.
2025-10-07 23:41:42,451 [INFO] WiFi is working.
2025-10-07 23:41:58,484 [INFO] WiFi is working.
2025-10-07 23:42:14,519 [INFO] WiFi is working.
2025-10-07 23:42:30,541 [INFO] WiFi is working.
2025-10-07 23:42:46,567 [INFO] WiFi is working.
2025-10-07 23:43:02,593 [INFO] WiFi is working.
2025-10-07 23:43:18,616 [INFO] WiFi is working.
2025-10-07 23:43:34,636 [INFO] WiFi is working.
2025-10-07 23:43:50,667 [INFO] WiFi is working.
2025-10-07 23:44:06,690 [INFO] WiFi is working.
2025-10-07 23:44:22,714 [INFO] WiFi is working.
2025-10-07 23:44:38,737 [INFO] WiFi is working.
2025-10-07 23:44:54,757 [INFO] WiFi is working.
2025-10-07 23:45:10,780 [INFO] WiFi is working.
2025-10-07 23:45:26,801 [INFO] WiFi is working.
2025-10-07 23:45:42,820 [INFO] WiFi is working.
2025-10-07 23:45:58,839 [INFO] WiFi is working.
2025-10-07 23:46:14,864 [INFO] WiFi is working.
2025-10-07 23:46:30,887 [INFO] WiFi is working.
2025-10-07 23:46:46,915 [INFO] WiFi is working.
2025-10-07 23:47:02,936 [INFO] WiFi is working.
2025-10-07 23:47:18,960 [INFO] WiFi is working.
2025-10-07 23:47:34,999 [INFO] WiFi is working.
2025-10-07 23:47:51,023 [INFO] WiFi is working.
2025-10-07 23:48:07,049 [INFO] WiFi is working.
2025-10-07 23:48:23,073 [INFO] WiFi is working.
2025-10-07 23:48:39,098 [INFO] WiFi is working.
2025-10-07 23:48:55,129 [INFO] WiFi is working.
2025-10-07 23:49:11,153 [INFO] WiFi is working.
2025-10-07 23:49:27,178 [INFO] WiFi is working.
2025-10-07 23:49:43,213 [INFO] WiFi is working.
2025-10-07 23:49:59,233 [INFO] WiFi is working.
2025-10-07 23:50:15,256 [INFO] WiFi is working.
2025-10-07 23:50:31,295 [INFO] WiFi is working.
2025-10-07 23:50:47,318 [INFO] WiFi is working.
2025-10-07 23:51:03,341 [INFO] WiFi is working.
2025-10-07 23:51:19,361 [INFO] WiFi is working.
2025-10-07 23:51:35,381 [INFO] WiFi is working.
2025-10-07 23:51:51,405 [INFO] WiFi is working.
2025-10-07 23:52:07,428 [INFO] WiFi is working.
2025-10-07 23:52:23,449 [INFO] WiFi is working.
2025-10-07 23:52:39,470 [INFO] WiFi is working.
2025-10-07 23:52:55,492 [INFO] WiFi is working.
2025-10-07 23:53:11,511 [INFO] WiFi is working.
2025-10-07 23:53:27,543 [INFO] WiFi is working.
2025-10-07 23:53:43,564 [INFO] WiFi is working.
2025-10-07 23:53:59,586 [INFO] WiFi is working.
2025-10-07 23:54:15,608 [INFO] WiFi is working.
2025-10-07 23:54:31,629 [INFO] WiFi is working.
2025-10-07 23:54:47,650 [INFO] WiFi is working.
2025-10-07 23:55:03,671 [INFO] WiFi is working.
2025-10-07 23:55:19,699 [INFO] WiFi is working.
2025-10-07 23:55:35,720 [INFO] WiFi is working.
2025-10-07 23:55:51,747 [INFO] WiFi is working.
2025-10-07 23:56:07,775 [INFO] WiFi is working.
2025-10-07 23:56:23,796 [INFO] WiFi is working.
2025-10-07 23:56:39,817 [INFO] WiFi is working.
2025-10-07 23:56:55,838 [INFO] WiFi is working.
2025-10-07 23:57:11,859 [INFO] WiFi is working.
2025-10-07 23:57:27,881 [INFO] WiFi is working.
2025-10-07 23:57:43,900 [INFO] WiFi is working.
2025-10-07 23:57:59,921 [INFO] WiFi is working.
2025-10-07 23:58:15,943 [INFO] WiFi is working.
2025-10-07 23:58:31,966 [INFO] WiFi is working.
2025-10-07 23:58:47,988 [INFO] WiFi is working.
2025-10-07 23:59:04,009 [INFO] WiFi is working.
2025-10-07 23:59:20,028 [INFO] WiFi is working.
2025-10-07 23:59:36,056 [INFO] WiFi is working.
2025-10-07 23:59:52,088 [INFO] WiFi is working.
2025-10-08 00:00:08,124 [INFO] WiFi is working.
2025-10-08 00:00:24,149 [INFO] WiFi is working.
2025-10-08 00:00:40,172 [INFO] WiFi is working.
2025-10-08 00:00:56,190 [INFO] WiFi is working.
2025-10-08 00:01:12,212 [INFO] WiFi is working.
2025-10-08 00:01:28,234 [INFO] WiFi is working.
2025-10-08 00:01:44,254 [INFO] WiFi is working.
2025-10-08 00:02:00,275 [INFO] WiFi is working.
2025-10-08 00:02:16,299 [INFO] WiFi is working.
2025-10-08 00:02:32,320 [INFO] WiFi is working.
2025-10-08 00:02:48,355 [INFO] WiFi is working.
2025-10-08 00:03:04,387 [INFO] WiFi is working.
2025-10-08 00:03:20,420 [INFO] WiFi is working.
2025-10-08 00:03:36,440 [INFO] WiFi is working.
2025-10-08 00:03:52,469 [INFO] WiFi is working.
2025-10-08 00:04:08,486 [INFO] WiFi is working.
2025-10-08 00:04:24,519 [INFO] WiFi is working.
2025-10-08 00:04:40,539 [INFO] WiFi is working.
2025-10-08 00:04:56,563 [INFO] WiFi is working.
2025-10-08 00:05:12,582 [INFO] WiFi is working.
2025-10-08 00:05:28,605 [INFO] WiFi is working.
2025-10-08 00:05:44,636 [INFO] WiFi is working.
2025-10-08 00:06:00,668 [INFO] WiFi is working.
2025-10-08 00:06:16,687 [INFO] WiFi is working.
2025-10-08 00:06:32,720 [INFO] WiFi is working.
2025-10-08 00:06:48,751 [INFO] WiFi is working.
2025-10-08 00:07:04,787 [INFO] WiFi is working.
2025-10-08 00:07:20,819 [INFO] WiFi is working.
2025-10-08 00:07:36,840 [INFO] WiFi is working.
2025-10-08 00:07:52,866 [INFO] WiFi is working.
2025-10-08 00:08:08,885 [INFO] WiFi is working.
2025-10-08 00:08:24,917 [INFO] WiFi is working.
2025-10-08 00:08:40,948 [INFO] WiFi is working.
2025-10-08 00:08:56,965 [INFO] WiFi is working.
2025-10-08 00:09:12,981 [INFO] WiFi is working.
2025-10-08 00:09:28,999 [INFO] WiFi is working.
2025-10-08 00:09:45,020 [INFO] WiFi is working.
2025-10-08 00:10:01,049 [INFO] WiFi is working.
2025-10-08 00:10:17,071 [INFO] WiFi is working.
2025-10-08 00:10:33,100 [INFO] WiFi is working.
2025-10-08 00:10:49,132 [INFO] WiFi is working.
2025-10-08 00:11:05,164 [INFO] WiFi is working.
2025-10-08 00:11:21,197 [INFO] WiFi is working.
2025-10-08 00:11:37,233 [INFO] WiFi is working.
2025-10-08 00:11:53,255 [INFO] WiFi is working.
2025-10-08 00:12:09,281 [INFO] WiFi is working.
2025-10-08 00:12:25,314 [INFO] WiFi is working.
2025-10-08 00:12:41,330 [INFO] WiFi is working.
2025-10-08 00:12:57,362 [INFO] WiFi is working.
2025-10-08 00:13:13,397 [INFO] WiFi is working.
2025-10-08 00:13:29,429 [INFO] WiFi is working.
2025-10-08 00:13:45,446 [INFO] WiFi is working.
2025-10-08 00:14:01,463 [INFO] WiFi is working.
2025-10-08 00:14:17,483 [INFO] WiFi is working.
2025-10-08 00:14:33,502 [INFO] WiFi is working.
2025-10-08 00:14:49,530 [INFO] WiFi is working.
2025-10-08 00:15:05,583 [INFO] WiFi is working.
2025-10-08 00:15:21,611 [INFO] WiFi is working.
2025-10-08 00:14:56,248 [INFO] WiFi is working.
2025-10-08 00:15:12,276 [INFO] WiFi is working.
2025-10-08 00:16:37,888 [INFO] WiFi is working.
2025-10-08 00:16:53,912 [INFO] WiFi is working.
2025-10-08 00:17:09,934 [INFO] WiFi is working.
2025-10-08 00:17:25,964 [INFO] WiFi is working.
2025-10-08 00:17:41,987 [INFO] WiFi is working.
2025-10-08 00:17:58,021 [INFO] WiFi is working.
2025-10-08 00:18:14,056 [INFO] WiFi is working.
2025-10-08 00:18:30,087 [INFO] WiFi is working.
2025-10-08 00:18:46,108 [INFO] WiFi is working.
2025-10-08 00:19:02,127 [INFO] WiFi is working.
2025-10-08 00:19:18,146 [INFO] WiFi is working.
2025-10-08 00:19:34,168 [INFO] WiFi is working.
2025-10-08 00:19:50,187 [INFO] WiFi is working.
2025-10-08 00:20:06,222 [INFO] WiFi is working.
2025-10-08 00:20:22,255 [INFO] WiFi is working.
2025-10-08 00:20:38,286 [INFO] WiFi is working.
2025-10-08 00:20:54,307 [INFO] WiFi is working.
2025-10-08 00:21:10,327 [INFO] WiFi is working.
2025-10-08 00:21:26,351 [INFO] WiFi is working.
2025-10-08 00:21:42,385 [INFO] WiFi is working.
2025-10-08 00:21:58,418 [INFO] WiFi is working.
2025-10-08 00:22:14,441 [INFO] WiFi is working.
2025-10-08 00:22:30,468 [INFO] WiFi is working.
2025-10-08 00:22:46,487 [INFO] WiFi is working.
2025-10-08 00:23:02,507 [INFO] WiFi is working.
2025-10-08 00:23:18,534 [INFO] WiFi is working.
2025-10-08 00:23:34,567 [INFO] WiFi is working.
2025-10-08 00:23:50,586 [INFO] WiFi is working.
2025-10-08 00:24:06,606 [INFO] WiFi is working.
2025-10-08 00:24:22,627 [INFO] WiFi is working.
2025-10-08 00:24:38,645 [INFO] WiFi is working.
2025-10-08 00:24:54,661 [INFO] WiFi is working.
2025-10-08 00:25:10,678 [INFO] WiFi is working.
2025-10-08 00:25:26,700 [INFO] WiFi is working.
2025-10-08 00:25:42,733 [INFO] WiFi is working.
2025-10-08 00:25:58,766 [INFO] WiFi is working.
2025-10-08 00:26:14,797 [INFO] WiFi is working.
2025-10-08 00:26:30,817 [INFO] WiFi is working.
2025-10-08 00:26:46,837 [INFO] WiFi is working.
2025-10-08 00:27:02,866 [INFO] WiFi is working.
2025-10-08 00:27:18,888 [INFO] WiFi is working.
2025-10-08 00:27:34,908 [INFO] WiFi is working.
2025-10-08 00:27:50,930 [INFO] WiFi is working.
2025-10-08 00:28:06,966 [INFO] WiFi is working.
2025-10-08 00:28:22,995 [INFO] WiFi is working.
2025-10-08 00:28:39,016 [INFO] WiFi is working.
2025-10-08 00:28:55,032 [INFO] WiFi is working.
2025-10-08 00:29:11,062 [INFO] WiFi is working.
2025-10-08 00:29:27,097 [INFO] WiFi is working.
2025-10-08 00:29:43,112 [INFO] WiFi is working.
2025-10-08 00:29:59,132 [INFO] WiFi is working.
2025-10-08 00:30:15,162 [INFO] WiFi is working.
2025-10-08 00:30:31,178 [INFO] WiFi is working.
2025-10-08 00:30:47,211 [INFO] WiFi is working.
2025-10-08 00:31:03,230 [INFO] WiFi is working.
2025-10-08 00:31:19,250 [INFO] WiFi is working.
2025-10-08 00:31:35,277 [INFO] WiFi is working.
2025-10-08 00:31:51,296 [INFO] WiFi is working.
2025-10-08 00:32:07,315 [INFO] WiFi is working.
2025-10-08 00:32:23,346 [INFO] WiFi is working.
2025-10-08 00:32:39,376 [INFO] WiFi is working.
2025-10-08 00:32:55,395 [INFO] WiFi is working.
2025-10-08 00:33:11,419 [INFO] WiFi is working.
2025-10-08 00:33:27,455 [INFO] WiFi is working.
2025-10-08 00:33:43,474 [INFO] WiFi is working.
2025-10-08 00:33:59,492 [INFO] WiFi is working.
2025-10-08 00:34:15,528 [INFO] WiFi is working.
2025-10-08 00:34:31,558 [INFO] WiFi is working.
2025-10-08 00:34:47,578 [INFO] WiFi is working.
2025-10-08 00:35:03,594 [INFO] WiFi is working.
2025-10-08 00:35:19,626 [INFO] WiFi is working.
2025-10-08 00:35:35,643 [INFO] WiFi is working.
2025-10-08 00:35:51,674 [INFO] WiFi is working.
2025-10-08 00:36:07,708 [INFO] WiFi is working.
2025-10-08 00:36:23,730 [INFO] WiFi is working.
2025-10-08 00:36:39,760 [INFO] WiFi is working.
2025-10-08 00:36:55,783 [INFO] WiFi is working.
2025-10-08 00:37:11,806 [INFO] WiFi is working.
2025-10-08 00:37:27,827 [INFO] WiFi is working.
2025-10-08 00:37:43,847 [INFO] WiFi is working.
2025-10-08 00:37:59,876 [INFO] WiFi is working.
2025-10-08 00:38:15,907 [INFO] WiFi is working.
2025-10-08 00:38:41,931 [INFO] WiFi is working.
2025-10-08 00:38:57,958 [INFO] WiFi is working.
2025-10-08 00:39:13,989 [INFO] WiFi is working.
2025-10-08 00:39:30,024 [INFO] WiFi is working.
2025-10-08 00:39:46,044 [INFO] WiFi is working.
2025-10-08 00:40:02,064 [INFO] WiFi is working.
2025-10-08 00:40:18,090 [INFO] WiFi is working.
2025-10-08 00:40:34,113 [INFO] WiFi is working.
2025-10-08 00:40:50,142 [INFO] WiFi is working.
2025-10-08 00:41:06,173 [INFO] WiFi is working.
2025-10-08 00:41:22,194 [INFO] WiFi is working.
2025-10-08 00:41:38,215 [INFO] WiFi is working.
2025-10-08 00:41:54,240 [INFO] WiFi is working.
2025-10-08 00:42:10,256 [INFO] WiFi is working.
2025-10-08 00:42:26,273 [INFO] WiFi is working.
2025-10-08 00:42:42,305 [INFO] WiFi is working.
2025-10-08 00:42:58,332 [INFO] WiFi is working.
2025-10-08 00:43:14,355 [INFO] WiFi is working.
2025-10-08 00:43:30,373 [INFO] WiFi is working.
2025-10-08 00:43:46,393 [INFO] WiFi is working.
2025-10-08 00:44:02,420 [INFO] WiFi is working.
2025-10-08 00:44:18,444 [INFO] WiFi is working.
2025-10-08 00:44:34,460 [INFO] WiFi is working.
2025-10-08 00:44:50,480 [INFO] WiFi is working.
2025-10-08 00:45:06,501 [INFO] WiFi is working.
2025-10-08 00:45:22,520 [INFO] WiFi is working.
2025-10-08 00:45:38,540 [INFO] WiFi is working.
2025-10-08 00:45:54,569 [INFO] WiFi is working.
2025-10-08 00:46:10,604 [INFO] WiFi is working.
2025-10-08 00:46:26,636 [INFO] WiFi is working.
2025-10-08 00:46:42,658 [INFO] WiFi is working.
2025-10-08 00:46:59,663 [INFO] WiFi is working.
2025-10-08 00:47:15,700 [INFO] WiFi is working.
2025-10-08 00:47:31,716 [INFO] WiFi is working.
2025-10-08 00:47:47,735 [INFO] WiFi is working.
2025-10-08 00:48:03,768 [INFO] WiFi is working.
2025-10-08 00:48:19,792 [INFO] WiFi is working.
2025-10-08 00:48:35,812 [INFO] WiFi is working.
2025-10-08 00:48:51,832 [INFO] WiFi is working.
2025-10-08 00:49:07,852 [INFO] WiFi is working.
2025-10-08 00:49:23,887 [INFO] WiFi is working.
2025-10-08 00:49:39,906 [INFO] WiFi is working.
2025-10-08 00:49:55,925 [INFO] WiFi is working.
2025-10-08 00:50:11,942 [INFO] WiFi is working.
2025-10-08 00:50:27,967 [INFO] WiFi is working.
2025-10-08 00:50:43,985 [INFO] WiFi is working.
2025-10-08 00:51:00,016 [INFO] WiFi is working.
2025-10-08 00:51:16,033 [INFO] WiFi is working.
2025-10-08 00:51:32,065 [INFO] WiFi is working.
2025-10-08 00:51:48,084 [INFO] WiFi is working.
2025-10-08 00:52:04,105 [INFO] WiFi is working.
2025-10-08 00:52:20,131 [INFO] WiFi is working.
2025-10-08 00:52:36,153 [INFO] WiFi is working.
2025-10-08 00:52:52,173 [INFO] WiFi is working.
2025-10-08 00:53:08,199 [INFO] WiFi is working.
2025-10-08 00:53:24,222 [INFO] WiFi is working.
2025-10-08 00:53:40,247 [INFO] WiFi is working.
2025-10-08 00:53:56,298 [INFO] WiFi is working.
2025-10-08 00:54:12,340 [INFO] WiFi is working.
2025-10-08 00:54:28,360 [INFO] WiFi is working.
2025-10-08 00:54:44,386 [INFO] WiFi is working.
2025-10-08 00:55:00,416 [INFO] WiFi is working.
2025-10-08 00:55:16,447 [INFO] WiFi is working.
2025-10-08 00:55:32,467 [INFO] WiFi is working.
2025-10-08 00:55:48,488 [INFO] WiFi is working.
2025-10-08 00:56:04,515 [INFO] WiFi is working.
2025-10-08 00:56:20,536 [INFO] WiFi is working.
2025-10-08 00:56:36,559 [INFO] WiFi is working.
2025-10-08 00:56:52,578 [INFO] WiFi is working.
2025-10-08 00:57:08,598 [INFO] WiFi is working.
2025-10-08 00:57:24,631 [INFO] WiFi is working.
2025-10-08 00:57:40,651 [INFO] WiFi is working.
2025-10-08 00:57:56,669 [INFO] WiFi is working.
2025-10-08 00:58:12,694 [INFO] WiFi is working.
2025-10-08 00:58:28,715 [INFO] WiFi is working.
2025-10-08 00:58:44,735 [INFO] WiFi is working.
2025-10-08 00:59:00,762 [INFO] WiFi is working.
2025-10-08 00:59:16,795 [INFO] WiFi is working.
2025-10-08 00:59:32,815 [INFO] WiFi is working.
2025-10-08 00:59:48,847 [INFO] WiFi is working.
2025-10-08 01:00:04,877 [INFO] WiFi is working.
2025-10-08 01:00:20,913 [INFO] WiFi is working.
2025-10-08 01:00:36,933 [INFO] WiFi is working.
2025-10-08 01:00:52,959 [INFO] WiFi is working.
2025-10-08 01:01:08,980 [INFO] WiFi is working.
2025-10-08 01:01:25,008 [INFO] WiFi is working.
2025-10-08 01:01:41,042 [INFO] WiFi is working.
2025-10-08 01:01:57,062 [INFO] WiFi is working.
2025-10-08 01:02:13,092 [INFO] WiFi is working.
2025-10-08 01:02:29,124 [INFO] WiFi is working.
2025-10-08 01:02:45,158 [INFO] WiFi is working.
2025-10-08 01:03:01,177 [INFO] WiFi is working.
2025-10-08 01:03:17,199 [INFO] WiFi is working.
2025-10-08 01:03:33,226 [INFO] WiFi is working.
2025-10-08 01:03:49,248 [INFO] WiFi is working.
2025-10-08 01:04:05,274 [INFO] WiFi is working.
2025-10-08 01:04:21,294 [INFO] WiFi is working.
2025-10-08 01:04:37,311 [INFO] WiFi is working.
2025-10-08 01:04:53,334 [INFO] WiFi is working.
2025-10-08 01:05:09,355 [INFO] WiFi is working.
2025-10-08 01:05:25,396 [INFO] WiFi is working.
2025-10-08 01:05:41,423 [INFO] WiFi is working.
2025-10-08 01:05:57,444 [INFO] WiFi is working.
2025-10-08 01:06:13,472 [INFO] WiFi is working.
2025-10-08 01:06:29,507 [INFO] WiFi is working.
2025-10-08 01:06:45,539 [INFO] WiFi is working.
2025-10-08 01:07:01,559 [INFO] WiFi is working.
2025-10-08 01:07:17,591 [INFO] WiFi is working.
2025-10-08 01:07:33,615 [INFO] WiFi is working.
2025-10-08 01:07:49,638 [INFO] WiFi is working.
2025-10-08 01:08:05,657 [INFO] WiFi is working.
2025-10-08 01:08:21,677 [INFO] WiFi is working.
2025-10-08 01:08:37,697 [INFO] WiFi is working.
2025-10-08 01:08:53,722 [INFO] WiFi is working.
2025-10-08 01:09:09,756 [INFO] WiFi is working.
2025-10-08 01:09:25,779 [INFO] WiFi is working.
2025-10-08 01:09:41,798 [INFO] WiFi is working.
2025-10-08 01:09:57,819 [INFO] WiFi is working.
2025-10-08 01:10:13,842 [INFO] WiFi is working.
2025-10-08 01:10:29,862 [INFO] WiFi is working.
2025-10-08 01:10:45,887 [INFO] WiFi is working.
2025-10-08 01:11:01,906 [INFO] WiFi is working.
2025-10-08 01:11:17,927 [INFO] WiFi is working.
2025-10-08 01:11:33,947 [INFO] WiFi is working.
2025-10-08 01:11:49,972 [INFO] WiFi is working.
2025-10-08 01:12:05,992 [INFO] WiFi is working.
2025-10-08 01:12:22,013 [INFO] WiFi is working.
2025-10-08 01:12:38,035 [INFO] WiFi is working.
2025-10-08 01:12:54,061 [INFO] WiFi is working.
2025-10-08 01:13:10,081 [INFO] WiFi is working.
2025-10-08 01:13:26,101 [INFO] WiFi is working.
2025-10-08 01:13:42,120 [INFO] WiFi is working.
2025-10-08 01:13:58,142 [INFO] WiFi is working.
2025-10-08 01:14:14,162 [INFO] WiFi is working.
2025-10-08 01:14:30,183 [INFO] WiFi is working.
2025-10-08 01:14:46,200 [INFO] WiFi is working.
2025-10-08 01:15:02,234 [INFO] WiFi is working.
2025-10-08 01:15:18,255 [INFO] WiFi is working.
2025-10-08 01:15:34,275 [INFO] WiFi is working.
2025-10-08 01:15:50,294 [INFO] WiFi is working.
2025-10-08 01:16:06,315 [INFO] WiFi is working.
2025-10-08 01:16:22,351 [INFO] WiFi is working.
2025-10-08 01:16:38,384 [INFO] WiFi is working.
2025-10-08 01:16:54,420 [INFO] WiFi is working.
2025-10-08 01:17:10,441 [INFO] WiFi is working.
2025-10-08 01:17:26,466 [INFO] WiFi is working.
2025-10-08 01:17:42,485 [INFO] WiFi is working.
2025-10-08 01:17:58,502 [INFO] WiFi is working.
2025-10-08 01:18:14,532 [INFO] WiFi is working.
2025-10-08 01:18:30,549 [INFO] WiFi is working.
2025-10-08 01:18:46,569 [INFO] WiFi is working.
2025-10-08 01:19:02,598 [INFO] WiFi is working.
2025-10-08 01:19:18,617 [INFO] WiFi is working.
2025-10-08 01:19:34,635 [INFO] WiFi is working.
2025-10-08 01:19:50,666 [INFO] WiFi is working.
2025-10-08 01:20:06,701 [INFO] WiFi is working.
2025-10-08 01:20:22,731 [INFO] WiFi is working.
2025-10-08 01:20:38,763 [INFO] WiFi is working.
2025-10-08 01:20:54,784 [INFO] WiFi is working.
2025-10-08 01:21:10,804 [INFO] WiFi is working.
2025-10-08 01:21:26,827 [INFO] WiFi is working.
2025-10-08 01:21:42,847 [INFO] WiFi is working.
2025-10-08 01:21:58,865 [INFO] WiFi is working.
2025-10-08 01:22:14,891 [INFO] WiFi is working.
2025-10-08 01:22:30,916 [INFO] WiFi is working.
2025-10-08 01:22:46,933 [INFO] WiFi is working.
2025-10-08 01:23:02,962 [INFO] WiFi is working.
2025-10-08 01:23:18,999 [INFO] WiFi is working.
2025-10-08 01:23:35,029 [INFO] WiFi is working.
2025-10-08 01:23:51,050 [INFO] WiFi is working.
2025-10-08 01:24:07,079 [INFO] WiFi is working.
2025-10-08 01:24:23,113 [INFO] WiFi is working.
2025-10-08 01:24:39,146 [INFO] WiFi is working.
2025-10-08 01:24:55,163 [INFO] WiFi is working.
2025-10-08 01:25:11,184 [INFO] WiFi is working.
2025-10-08 01:25:27,204 [INFO] WiFi is working.
2025-10-08 01:25:43,224 [INFO] WiFi is working.
2025-10-08 01:25:59,243 [INFO] WiFi is working.
2025-10-08 01:26:20,407 [INFO] WiFi is working.
2025-10-08 01:26:46,433 [INFO] WiFi is working.
2025-10-08 01:27:17,737 [INFO] WiFi is working.
2025-10-08 01:27:33,768 [INFO] WiFi is working.
2025-10-08 01:27:49,795 [INFO] WiFi is working.
2025-10-08 01:28:05,820 [INFO] WiFi is working.
2025-10-08 01:28:21,839 [INFO] WiFi is working.
2025-10-08 01:28:37,858 [INFO] WiFi is working.
2025-10-08 01:28:53,886 [INFO] WiFi is working.
2025-10-08 01:29:09,902 [INFO] WiFi is working.
2025-10-08 01:29:25,924 [INFO] WiFi is working.
2025-10-08 01:29:41,953 [INFO] WiFi is working.
2025-10-08 01:29:57,987 [INFO] WiFi is working.
2025-10-08 01:30:14,006 [INFO] WiFi is working.
2025-10-08 01:30:30,028 [INFO] WiFi is working.
2025-10-08 01:30:46,045 [INFO] WiFi is working.
2025-10-08 01:31:02,065 [INFO] WiFi is working.
2025-10-08 01:31:18,088 [INFO] WiFi is working.
2025-10-08 01:31:34,122 [INFO] WiFi is working.
2025-10-08 01:31:50,142 [INFO] WiFi is working.
2025-10-08 01:32:06,164 [INFO] WiFi is working.
2025-10-08 01:32:22,184 [INFO] WiFi is working.
2025-10-08 01:32:38,207 [INFO] WiFi is working.
2025-10-08 01:32:54,240 [INFO] WiFi is working.
2025-10-08 01:33:10,273 [INFO] WiFi is working.
2025-10-08 01:33:26,293 [INFO] WiFi is working.
2025-10-08 01:33:42,314 [INFO] WiFi is working.
2025-10-08 01:33:58,336 [INFO] WiFi is working.
2025-10-08 01:34:14,358 [INFO] WiFi is working.
2025-10-08 01:34:30,380 [INFO] WiFi is working.
2025-10-08 01:34:46,402 [INFO] WiFi is working.
2025-10-08 01:35:02,423 [INFO] WiFi is working.
2025-10-08 01:35:18,443 [INFO] WiFi is working.
2025-10-08 01:35:34,458 [INFO] WiFi is working.
2025-10-08 01:35:50,478 [INFO] WiFi is working.
2025-10-08 01:36:06,506 [INFO] WiFi is working.
2025-10-08 01:36:22,526 [INFO] WiFi is working.
2025-10-08 01:36:38,557 [INFO] WiFi is working.
2025-10-08 01:36:54,578 [INFO] WiFi is working.
2025-10-08 01:37:10,606 [INFO] WiFi is working.
2025-10-08 01:37:26,623 [INFO] WiFi is working.
2025-10-08 01:37:42,644 [INFO] WiFi is working.
2025-10-08 01:37:58,666 [INFO] WiFi is working.
2025-10-08 01:38:14,691 [INFO] WiFi is working.
2025-10-08 01:38:30,724 [INFO] WiFi is working.
2025-10-08 01:38:46,747 [INFO] WiFi is working.
2025-10-08 01:39:02,775 [INFO] WiFi is working.
2025-10-08 01:39:18,807 [INFO] WiFi is working.
2025-10-08 01:39:34,827 [INFO] WiFi is working.
2025-10-08 01:39:50,859 [INFO] WiFi is working.
2025-10-08 01:40:06,893 [INFO] WiFi is working.
2025-10-08 01:40:22,925 [INFO] WiFi is working.
2025-10-08 01:40:38,959 [INFO] WiFi is working.
2025-10-08 01:40:54,975 [INFO] WiFi is working.
2025-10-08 01:41:10,994 [INFO] WiFi is working.
2025-10-08 01:41:27,015 [INFO] WiFi is working.
2025-10-08 01:41:43,041 [INFO] WiFi is working.
2025-10-08 01:41:59,059 [INFO] WiFi is working.
2025-10-08 01:42:15,093 [INFO] WiFi is working.
2025-10-08 01:42:31,127 [INFO] WiFi is working.
2025-10-08 01:42:47,159 [INFO] WiFi is working.
2025-10-08 01:43:03,179 [INFO] WiFi is working.
2025-10-08 01:43:19,200 [INFO] WiFi is working.
2025-10-08 01:43:35,226 [INFO] WiFi is working.
2025-10-08 01:43:51,242 [INFO] WiFi is working.
2025-10-08 01:44:07,275 [INFO] WiFi is working.
2025-10-08 01:44:23,308 [INFO] WiFi is working.
2025-10-08 01:44:39,328 [INFO] WiFi is working.
2025-10-08 01:44:55,356 [INFO] WiFi is working.
2025-10-08 01:45:11,389 [INFO] WiFi is working.
2025-10-08 01:45:27,407 [INFO] WiFi is working.
2025-10-08 01:45:43,436 [INFO] WiFi is working.
2025-10-08 01:45:59,471 [INFO] WiFi is working.
2025-10-08 01:46:15,491 [INFO] WiFi is working.
2025-10-08 01:46:31,518 [INFO] WiFi is working.
2025-10-08 01:46:47,539 [INFO] WiFi is working.
2025-10-08 01:47:03,561 [INFO] WiFi is working.
2025-10-08 01:47:19,605 [INFO] WiFi is working.
2025-10-08 01:47:35,633 [INFO] WiFi is working.
2025-10-08 01:47:51,655 [INFO] WiFi is working.
2025-10-08 01:48:07,676 [INFO] WiFi is working.
2025-10-08 01:48:23,700 [INFO] WiFi is working.
2025-10-08 01:48:39,732 [INFO] WiFi is working.
2025-10-08 01:48:55,749 [INFO] WiFi is working.
2025-10-08 01:49:11,781 [INFO] WiFi is working.
2025-10-08 01:49:27,813 [INFO] WiFi is working.
2025-10-08 01:49:43,829 [INFO] WiFi is working.
2025-10-08 01:49:59,848 [INFO] WiFi is working.
2025-10-08 01:50:15,870 [INFO] WiFi is working.
2025-10-08 01:50:31,896 [INFO] WiFi is working.
2025-10-08 01:50:47,912 [INFO] WiFi is working.
2025-10-08 01:51:03,934 [INFO] WiFi is working.
2025-10-08 01:51:19,955 [INFO] WiFi is working.
2025-10-08 01:51:35,973 [INFO] WiFi is working.
2025-10-08 01:51:51,995 [INFO] WiFi is working.
2025-10-08 01:52:08,027 [INFO] WiFi is working.
2025-10-08 01:52:24,062 [INFO] WiFi is working.
2025-10-08 01:52:40,094 [INFO] WiFi is working.
2025-10-08 01:52:56,134 [INFO] WiFi is working.
2025-10-08 01:53:12,161 [INFO] WiFi is working.
2025-10-08 01:53:28,194 [INFO] WiFi is working.
2025-10-08 01:53:54,559 [INFO] WiFi is working.
2025-10-08 01:54:10,587 [INFO] WiFi is working.
2025-10-08 02:43:32,816 [INFO] WiFi is working.
2025-10-08 02:43:48,842 [INFO] WiFi is working.
2025-10-08 02:44:04,871 [INFO] WiFi is working.
2025-10-08 02:44:20,899 [INFO] WiFi is working.
2025-10-08 02:44:36,926 [INFO] WiFi is working.
2025-10-08 02:44:52,956 [INFO] WiFi is working.
2025-10-08 02:45:08,994 [INFO] WiFi is working.
2025-10-08 02:45:25,020 [INFO] WiFi is working.
2025-10-08 02:45:41,047 [INFO] WiFi is working.
2025-10-08 02:46:07,083 [INFO] WiFi is working.
2025-10-08 02:46:23,108 [INFO] WiFi is working.
2025-10-08 02:46:39,135 [INFO] WiFi is working.
2025-10-08 02:46:55,159 [INFO] WiFi is working.
2025-10-08 02:47:11,183 [INFO] WiFi is working.
2025-10-08 02:47:27,207 [INFO] WiFi is working.
2025-10-08 02:47:43,231 [INFO] WiFi is working.
2025-10-08 02:47:59,255 [INFO] WiFi is working.
2025-10-08 02:48:15,280 [INFO] WiFi is working.
2025-10-08 02:48:31,306 [INFO] WiFi is working.
2025-10-08 02:48:47,329 [INFO] WiFi is working.
2025-10-08 02:49:03,352 [INFO] WiFi is working.
2025-10-08 02:49:19,376 [INFO] WiFi is working.
2025-10-08 02:49:35,401 [INFO] WiFi is working.
2025-10-08 02:49:51,432 [INFO] WiFi is working.
2025-10-08 02:50:07,456 [INFO] WiFi is working.
2025-10-08 02:50:23,483 [INFO] WiFi is working.
2025-10-08 02:50:39,505 [INFO] WiFi is working.
2025-10-08 02:50:55,529 [INFO] WiFi is working.
2025-10-08 02:51:11,556 [INFO] WiFi is working.
2025-10-08 02:51:27,591 [INFO] WiFi is working.
2025-10-08 02:51:43,615 [INFO] WiFi is working.
2025-10-08 02:51:59,639 [INFO] WiFi is working.
2025-10-08 02:52:15,663 [INFO] WiFi is working.
2025-10-08 02:52:31,699 [INFO] WiFi is working.
2025-10-08 02:52:47,730 [INFO] WiFi is working.
2025-10-08 02:53:03,754 [INFO] WiFi is working.
2025-10-08 02:53:19,781 [INFO] WiFi is working.
2025-10-08 02:53:35,805 [INFO] WiFi is working.
2025-10-08 02:53:51,830 [INFO] WiFi is working.
2025-10-08 02:54:07,850 [INFO] WiFi is working.
2025-10-08 02:54:23,874 [INFO] WiFi is working.
2025-10-08 02:54:39,898 [INFO] WiFi is working.
2025-10-08 02:54:55,922 [INFO] WiFi is working.
2025-10-08 02:55:11,949 [INFO] WiFi is working.
2025-10-08 02:55:27,974 [INFO] WiFi is working.
2025-10-08 02:55:43,997 [INFO] WiFi is working.
2025-10-08 02:56:00,019 [INFO] WiFi is working.
2025-10-08 02:56:16,056 [INFO] WiFi is working.
2025-10-08 02:56:32,099 [INFO] WiFi is working.
2025-10-08 02:56:48,119 [INFO] WiFi is working.
2025-10-08 02:57:04,143 [INFO] WiFi is working.
2025-10-08 02:57:20,172 [INFO] WiFi is working.
2025-10-08 02:57:36,196 [INFO] WiFi is working.
2025-10-08 02:57:52,221 [INFO] WiFi is working.
2025-10-08 02:58:08,246 [INFO] WiFi is working.
2025-10-08 02:58:24,272 [INFO] WiFi is working.
2025-10-08 02:58:40,296 [INFO] WiFi is working.
2025-10-08 02:58:56,320 [INFO] WiFi is working.
2025-10-08 02:59:12,346 [INFO] WiFi is working.
2025-10-08 02:59:28,372 [INFO] WiFi is working.
2025-10-08 02:59:44,395 [INFO] WiFi is working.
2025-10-08 03:00:00,419 [INFO] WiFi is working.
2025-10-08 03:00:16,443 [INFO] WiFi is working.
2025-10-08 03:00:32,467 [INFO] WiFi is working.
2025-10-08 03:00:48,491 [INFO] WiFi is working.
2025-10-08 03:01:04,515 [INFO] WiFi is working.
2025-10-08 03:01:20,539 [INFO] WiFi is working.
2025-10-08 03:01:36,572 [INFO] WiFi is working.
2025-10-08 03:01:52,597 [INFO] WiFi is working.
2025-10-08 03:02:08,621 [INFO] WiFi is working.
2025-10-08 03:02:24,646 [INFO] WiFi is working.
2025-10-08 03:02:40,670 [INFO] WiFi is working.
2025-10-08 03:02:56,694 [INFO] WiFi is working.
2025-10-08 03:03:12,718 [INFO] WiFi is working.
2025-10-08 03:03:28,742 [INFO] WiFi is working.
2025-10-08 03:03:44,765 [INFO] WiFi is working.
2025-10-08 03:04:00,789 [INFO] WiFi is working.
2025-10-08 03:04:16,813 [INFO] WiFi is working.
2025-10-08 03:04:32,836 [INFO] WiFi is working.
2025-10-08 03:04:48,861 [INFO] WiFi is working.
2025-10-08 03:05:04,887 [INFO] WiFi is working.
2025-10-08 03:05:20,910 [INFO] WiFi is working.
2025-10-08 03:05:36,932 [INFO] WiFi is working.
2025-10-08 03:05:52,971 [INFO] WiFi is working.
2025-10-08 03:06:09,004 [INFO] WiFi is working.
2025-10-08 03:06:25,028 [INFO] WiFi is working.
2025-10-08 03:06:41,051 [INFO] WiFi is working.
2025-10-08 03:06:57,075 [INFO] WiFi is working.
2025-10-08 03:07:13,099 [INFO] WiFi is working.
2025-10-08 03:07:29,123 [INFO] WiFi is working.
2025-10-08 03:07:45,147 [INFO] WiFi is working.
2025-10-08 03:08:06,641 [INFO] WiFi is working.
2025-10-08 03:08:22,661 [INFO] WiFi is working.
2025-10-08 03:08:38,680 [INFO] WiFi is working.
2025-10-13 03:30:50,378 [INFO] WiFi is working.
2025-10-13 03:31:06,401 [INFO] WiFi is working.
2025-10-13 03:31:22,425 [INFO] WiFi is working.
2025-10-13 03:31:38,449 [INFO] WiFi is working.
2025-10-13 03:31:54,473 [INFO] WiFi is working.
2025-10-13 03:32:10,497 [INFO] WiFi is working.
2025-10-13 03:32:26,521 [INFO] WiFi is working.
2025-10-13 03:32:42,544 [INFO] WiFi is working.
2025-10-13 03:32:58,568 [INFO] WiFi is working.
2025-10-13 03:33:14,591 [INFO] WiFi is working.
2025-10-13 03:33:30,614 [INFO] WiFi is working.
2025-10-13 03:33:46,638 [INFO] WiFi is working.
2025-10-13 03:34:02,662 [INFO] WiFi is working.
2025-10-13 03:34:18,685 [INFO] WiFi is working.
2025-10-13 03:34:34,709 [INFO] WiFi is working.
2025-10-13 03:34:50,730 [INFO] WiFi is working.
2025-10-13 03:35:06,753 [INFO] WiFi is working.
2025-10-13 03:35:22,776 [INFO] WiFi is working.
2025-10-13 03:35:38,800 [INFO] WiFi is working.
2025-10-13 03:35:54,824 [INFO] WiFi is working.
2025-10-13 03:36:10,847 [INFO] WiFi is working.
2025-10-13 03:36:26,870 [INFO] WiFi is working.
2025-10-13 03:36:42,896 [INFO] WiFi is working.
2025-10-13 03:36:58,920 [INFO] WiFi is working.
2025-10-13 03:37:14,943 [INFO] WiFi is working.
2025-10-13 03:37:30,966 [INFO] WiFi is working.
2025-10-13 03:37:46,989 [INFO] WiFi is working.
2025-10-13 03:38:03,012 [INFO] WiFi is working.
2025-10-13 03:38:19,036 [INFO] WiFi is working.
2025-10-13 03:38:35,059 [INFO] WiFi is working.
2025-10-13 03:38:51,082 [INFO] WiFi is working.
2025-10-13 03:39:07,106 [INFO] WiFi is working.
2025-10-13 03:39:23,131 [INFO] WiFi is working.
2025-10-13 03:39:39,152 [INFO] WiFi is working.
2025-10-13 03:39:55,172 [INFO] WiFi is working.
2025-10-13 03:40:11,191 [INFO] WiFi is working.
2025-10-13 03:40:27,216 [INFO] WiFi is working.
2025-10-13 03:40:43,237 [INFO] WiFi is working.
2025-10-13 03:40:59,257 [INFO] WiFi is working.
2025-10-13 03:41:15,276 [INFO] WiFi is working.
2025-10-13 03:41:31,298 [INFO] WiFi is working.
2025-10-13 03:41:47,322 [INFO] WiFi is working.
2025-10-13 03:42:03,346 [INFO] WiFi is working.
2025-10-13 03:42:19,371 [INFO] WiFi is working.
2025-10-13 03:42:35,394 [INFO] WiFi is working.
2025-10-13 03:42:51,409 [INFO] WiFi is working.
                                                2025-10-13 03:42:24,041 [INFO] WiFi is working.
2025-10-13 03:42:40,066 [INFO] WiFi is working.
2025-10-13 04:43:33,197 [INFO] WiFi is working.
2025-10-13 04:43:49,221 [INFO] WiFi is working.
2025-10-13 04:44:05,247 [INFO] WiFi is working.
2025-10-13 04:44:21,271 [INFO] WiFi is working.
2025-10-13 04:44:37,295 [INFO] WiFi is working.
2025-10-13 04:44:53,320 [INFO] WiFi is working.
2025-10-13 04:45:09,340 [INFO] WiFi is working.
2025-10-13 04:45:25,359 [INFO] WiFi is working.
2025-10-13 04:45:41,380 [INFO] WiFi is working.
2025-10-13 04:45:57,399 [INFO] WiFi is working.
2025-10-13 04:46:13,422 [INFO] WiFi is working.
2025-10-13 04:46:29,446 [INFO] WiFi is working.
2025-10-13 04:46:45,465 [INFO] WiFi is working.
2025-10-13 04:47:01,482 [INFO] WiFi is working.
2025-10-13 04:47:27,778 [INFO] WiFi is working.
2025-10-13 04:47:43,802 [INFO] WiFi is working.
2025-10-13 22:10:51,723 [INFO] WiFi is working.
2025-10-13 22:11:07,745 [INFO] WiFi is working.
2025-10-13 22:11:23,769 [INFO] WiFi is working.
2025-10-13 22:11:39,792 [INFO] WiFi is working.
2025-10-13 22:11:55,816 [INFO] WiFi is working.
2025-10-13 22:12:11,841 [INFO] WiFi is working.
2025-10-13 22:12:27,865 [INFO] WiFi is working.
2025-10-13 22:12:43,888 [INFO] WiFi is working.
2025-10-13 22:12:59,912 [INFO] WiFi is working.
2025-10-13 22:13:15,936 [INFO] WiFi is working.
2025-10-13 22:13:31,959 [INFO] WiFi is working.
2025-10-13 22:13:47,982 [INFO] WiFi is working.
2025-10-13 22:14:04,006 [INFO] WiFi is working.
2025-10-13 22:14:20,030 [INFO] WiFi is working.
2025-10-13 22:14:36,054 [INFO] WiFi is working.
2025-10-13 22:14:52,077 [INFO] WiFi is working.
2025-10-13 22:15:08,104 [INFO] WiFi is working.
2025-10-13 22:15:24,127 [INFO] WiFi is working.
2025-10-13 22:15:40,150 [INFO] WiFi is working.
2025-10-13 22:15:56,174 [INFO] WiFi is working.
2025-10-13 22:16:12,200 [INFO] WiFi is working.
2025-10-13 22:16:28,225 [INFO] WiFi is working.
2025-10-13 22:16:44,250 [INFO] WiFi is working.
2025-10-13 22:17:00,273 [INFO] WiFi is working.
2025-10-13 22:17:16,297 [INFO] WiFi is working.
2025-10-13 22:17:32,318 [INFO] WiFi is working.
2025-10-13 22:17:48,342 [INFO] WiFi is working.
2025-10-13 22:18:04,366 [INFO] WiFi is working.
2025-10-13 22:18:20,390 [INFO] WiFi is working.
2025-10-13 22:18:36,414 [INFO] WiFi is working.
2025-10-13 22:18:52,435 [INFO] WiFi is working.
2025-10-13 22:19:08,458 [INFO] WiFi is working.
2025-10-13 22:19:24,482 [INFO] WiFi is working.
2025-10-13 22:19:40,506 [INFO] WiFi is working.
2025-10-13 22:19:56,529 [INFO] WiFi is working.
2025-10-13 22:20:12,553 [INFO] WiFi is working.
2025-10-13 22:20:28,575 [INFO] WiFi is working.
2025-10-13 22:20:44,599 [INFO] WiFi is working.
2025-10-13 22:21:00,622 [INFO] WiFi is working.
2025-10-13 22:21:16,646 [INFO] WiFi is working.
2025-10-13 22:21:32,669 [INFO] WiFi is working.
2025-10-13 22:21:48,693 [INFO] WiFi is working.
2025-10-13 22:22:04,718 [INFO] WiFi is working.
2025-10-13 22:22:20,741 [INFO] WiFi is working.
2025-10-13 22:22:36,767 [INFO] WiFi is working.
2025-10-13 22:22:52,790 [INFO] WiFi is working.
2025-10-13 22:23:08,815 [INFO] WiFi is working.
2025-10-13 22:23:24,840 [INFO] WiFi is working.
2025-10-13 22:23:40,863 [INFO] WiFi is working.
2025-10-13 22:23:56,888 [INFO] WiFi is working.
2025-10-13 22:24:12,913 [INFO] WiFi is working.
2025-10-13 22:24:28,937 [INFO] WiFi is working.
2025-10-13 22:24:44,956 [INFO] WiFi is working.
2025-10-13 22:25:00,978 [INFO] WiFi is working.
2025-10-13 22:25:16,998 [INFO] WiFi is working.
2025-10-13 22:25:33,019 [INFO] WiFi is working.
2025-10-13 22:25:49,046 [INFO] WiFi is working.
2025-10-13 22:26:05,070 [INFO] WiFi is working.
2025-10-13 22:26:21,094 [INFO] WiFi is working.
2025-10-13 22:26:37,118 [INFO] WiFi is working.
2025-10-13 22:26:53,142 [INFO] WiFi is working.
2025-10-13 22:27:09,167 [INFO] WiFi is working.
2025-10-13 22:27:25,191 [INFO] WiFi is working.
2025-10-13 22:27:41,215 [INFO] WiFi is working.
2025-10-13 22:27:57,239 [INFO] WiFi is working.
2025-10-13 22:28:13,266 [INFO] WiFi is working.
2025-10-13 22:28:29,385 [INFO] WiFi is working.
2025-10-13 22:28:45,408 [INFO] WiFi is working.
2025-10-13 22:29:01,435 [INFO] WiFi is working.
2025-10-13 22:29:17,460 [INFO] WiFi is working.
2025-10-13 22:29:33,484 [INFO] WiFi is working.
2025-10-13 22:29:49,509 [INFO] WiFi is working.
2025-10-13 22:30:05,532 [INFO] WiFi is working.
2025-10-13 22:30:21,562 [INFO] WiFi is working.
2025-10-13 22:30:37,584 [INFO] WiFi is working.
2025-10-13 22:30:53,607 [INFO] WiFi is working.
2025-10-13 22:31:09,631 [INFO] WiFi is working.
2025-10-13 22:31:25,654 [INFO] WiFi is working.
2025-10-13 22:31:41,677 [INFO] WiFi is working.
2025-10-13 22:31:57,701 [INFO] WiFi is working.
2025-10-13 22:32:13,724 [INFO] WiFi is working.
2025-10-13 22:32:29,747 [INFO] WiFi is working.
2025-10-13 22:32:45,771 [INFO] WiFi is working.
2025-10-13 22:33:01,792 [INFO] WiFi is working.
2025-10-13 22:33:17,816 [INFO] WiFi is working.
2025-10-13 22:33:33,839 [INFO] WiFi is working.
2025-10-13 22:33:49,863 [INFO] WiFi is working.
2025-10-13 22:34:05,886 [INFO] WiFi is working.
2025-10-13 22:34:21,913 [INFO] WiFi is working.
2025-10-13 22:34:37,936 [INFO] WiFi is working.
2025-10-13 22:34:53,960 [INFO] WiFi is working.
2025-10-13 22:35:09,983 [INFO] WiFi is working.
2025-10-13 22:35:26,007 [INFO] WiFi is working.
2025-10-13 22:35:42,031 [INFO] WiFi is working.
2025-10-13 22:35:58,055 [INFO] WiFi is working.
2025-10-13 22:36:14,078 [INFO] WiFi is working.
2025-10-13 22:36:30,102 [INFO] WiFi is working.
2025-10-13 22:36:46,126 [INFO] WiFi is working.
2025-10-13 22:37:02,149 [INFO] WiFi is working.
2025-10-13 22:37:18,173 [INFO] WiFi is working.
2025-10-13 22:37:34,198 [INFO] WiFi is working.
2025-10-13 22:37:50,222 [INFO] WiFi is working.
2025-10-13 22:38:06,245 [INFO] WiFi is working.
2025-10-13 22:38:22,269 [INFO] WiFi is working.
2025-10-13 22:38:38,292 [INFO] WiFi is working.
2025-10-13 22:38:54,315 [INFO] WiFi is working.
2025-10-13 22:39:10,339 [INFO] WiFi is working.
2025-10-13 22:39:26,362 [INFO] WiFi is working.
2025-10-13 22:39:42,385 [INFO] WiFi is working.
2025-10-13 22:39:58,409 [INFO] WiFi is working.
2025-10-13 22:40:14,432 [INFO] WiFi is working.
2025-10-13 22:40:30,456 [INFO] WiFi is working.
2025-10-13 22:40:46,479 [INFO] WiFi is working.
2025-10-13 22:41:02,502 [INFO] WiFi is working.
2025-10-13 22:41:18,526 [INFO] WiFi is working.
2025-10-13 22:41:34,551 [INFO] WiFi is working.
2025-10-13 22:41:50,575 [INFO] WiFi is working.
2025-10-13 22:42:06,599 [INFO] WiFi is working.
2025-10-13 22:42:22,626 [INFO] WiFi is working.
2025-10-13 22:42:38,649 [INFO] WiFi is working.
2025-10-13 22:42:54,674 [INFO] WiFi is working.
2025-10-13 22:43:10,697 [INFO] WiFi is working.
2025-10-13 22:43:26,721 [INFO] WiFi is working.
2025-10-13 22:43:42,744 [INFO] WiFi is working.
2025-10-13 22:43:58,770 [INFO] WiFi is working.
2025-10-13 22:44:14,794 [INFO] WiFi is working.
2025-10-13 22:44:30,818 [INFO] WiFi is working.
2025-10-13 22:44:46,839 [INFO] WiFi is working.
2025-10-13 22:45:02,863 [INFO] WiFi is working.
2025-10-13 22:45:18,886 [INFO] WiFi is working.
2025-10-13 22:45:34,909 [INFO] WiFi is working.
2025-10-13 22:45:50,933 [INFO] WiFi is working.
2025-10-13 22:46:06,956 [INFO] WiFi is working.
2025-10-13 22:46:22,978 [INFO] WiFi is working.
2025-10-13 22:46:38,998 [INFO] WiFi is working.
2025-10-13 22:46:55,023 [INFO] WiFi is working.
2025-10-13 22:47:11,047 [INFO] WiFi is working.
2025-10-13 22:47:27,073 [INFO] WiFi is working.
2025-10-13 22:47:43,097 [INFO] WiFi is working.
2025-10-13 22:47:59,121 [INFO] WiFi is working.
2025-10-13 22:48:15,145 [INFO] WiFi is working.
2025-10-13 22:48:31,168 [INFO] WiFi is working.
2025-10-13 22:48:47,194 [INFO] WiFi is working.
2025-10-13 22:49:03,214 [INFO] WiFi is working.
2025-10-13 22:49:19,238 [INFO] WiFi is working.
2025-10-13 22:49:35,262 [INFO] WiFi is working.
2025-10-13 22:49:51,281 [INFO] WiFi is working.
2025-10-13 22:50:07,305 [INFO] WiFi is working.
2025-10-13 22:50:23,329 [INFO] WiFi is working.
2025-10-13 22:50:39,352 [INFO] WiFi is working.
2025-10-13 22:50:55,376 [INFO] WiFi is working.
2025-10-13 22:51:11,399 [INFO] WiFi is working.
2025-10-13 22:51:27,422 [INFO] WiFi is working.
2025-10-13 22:51:43,445 [INFO] WiFi is working.
2025-10-13 22:51:59,469 [INFO] WiFi is working.
2025-10-13 22:52:15,491 [INFO] WiFi is working.
2025-10-13 22:52:31,515 [INFO] WiFi is working.
2025-10-13 22:52:47,539 [INFO] WiFi is working.
2025-10-13 22:53:03,565 [INFO] WiFi is working.
2025-10-13 22:53:19,590 [INFO] WiFi is working.
2025-10-13 22:53:35,613 [INFO] WiFi is working.
2025-10-13 22:53:51,637 [INFO] WiFi is working.
2025-10-13 22:54:07,662 [INFO] WiFi is working.
2025-10-13 22:54:23,686 [INFO] WiFi is working.
2025-10-13 22:54:39,710 [INFO] WiFi is working.
2025-10-13 22:54:55,733 [INFO] WiFi is working.
2025-10-13 22:55:11,756 [INFO] WiFi is working.
2025-10-13 22:55:27,780 [INFO] WiFi is working.
2025-10-13 22:55:43,803 [INFO] WiFi is working.
2025-10-13 22:55:59,828 [INFO] WiFi is working.
2025-10-13 22:56:15,852 [INFO] WiFi is working.
2025-10-13 22:56:31,876 [INFO] WiFi is working.
2025-10-13 22:56:47,900 [INFO] WiFi is working.
2025-10-13 22:57:03,924 [INFO] WiFi is working.
2025-10-13 22:57:19,947 [INFO] WiFi is working.
2025-10-13 22:57:35,972 [INFO] WiFi is working.
2025-10-13 22:57:51,995 [INFO] WiFi is working.
2025-10-13 22:58:08,018 [INFO] WiFi is working.
2025-10-13 22:58:24,042 [INFO] WiFi is working.
2025-10-13 22:58:40,064 [INFO] WiFi is working.
2025-10-13 22:58:56,089 [INFO] WiFi is working.
2025-10-13 22:59:12,105 [INFO] WiFi is working.
2025-10-13 22:59:28,128 [INFO] WiFi is working.
2025-10-13 22:59:44,152 [INFO] WiFi is working.
2025-10-13 23:00:00,177 [INFO] WiFi is working.
2025-10-13 23:00:16,201 [INFO] WiFi is working.
2025-10-13 23:00:32,223 [INFO] WiFi is working.
2025-10-13 23:00:48,246 [INFO] WiFi is working.
2025-10-13 23:01:04,270 [INFO] WiFi is working.
2025-10-13 23:01:20,294 [INFO] WiFi is working.
2025-10-13 23:01:36,318 [INFO] WiFi is working.
2025-10-13 23:01:52,341 [INFO] WiFi is working.
2025-10-13 23:02:08,361 [INFO] WiFi is working.
2025-10-13 23:02:24,384 [INFO] WiFi is working.
2025-10-13 23:02:40,408 [INFO] WiFi is working.
2025-10-13 23:02:56,430 [INFO] WiFi is working.
2025-10-13 23:03:12,454 [INFO] WiFi is working.
2025-10-13 23:03:28,481 [INFO] WiFi is working.
2025-10-13 23:03:44,505 [INFO] WiFi is working.
2025-10-13 23:04:00,528 [INFO] WiFi is working.
2025-10-13 23:04:16,555 [INFO] WiFi is working.
2025-10-13 23:04:32,575 [INFO] WiFi is working.
2025-10-13 23:04:48,599 [INFO] WiFi is working.
2025-10-13 23:05:04,622 [INFO] WiFi is working.
2025-10-13 23:05:20,646 [INFO] WiFi is working.
2025-10-13 23:05:36,670 [INFO] WiFi is working.
2025-10-13 23:05:52,693 [INFO] WiFi is working.
2025-10-13 23:06:08,717 [INFO] WiFi is working.
2025-10-13 23:06:24,740 [INFO] WiFi is working.
2025-10-13 23:06:40,764 [INFO] WiFi is working.
2025-10-13 23:06:56,788 [INFO] WiFi is working.
2025-10-13 23:07:12,812 [INFO] WiFi is working.
2025-10-13 23:07:28,836 [INFO] WiFi is working.
2025-10-13 23:07:44,861 [INFO] WiFi is working.
2025-10-13 23:08:00,884 [INFO] WiFi is working.
2025-10-13 23:08:16,908 [INFO] WiFi is working.
2025-10-13 23:08:32,933 [INFO] WiFi is working.
2025-10-13 23:08:48,953 [INFO] WiFi is working.
2025-10-13 23:09:04,976 [INFO] WiFi is working.
2025-10-13 23:09:20,998 [INFO] WiFi is working.
2025-10-13 23:09:37,020 [INFO] WiFi is working.
2025-10-13 23:09:53,043 [INFO] WiFi is working.
2025-10-13 23:10:09,066 [INFO] WiFi is working.
2025-10-13 23:10:25,094 [INFO] WiFi is working.
2025-10-13 23:10:41,118 [INFO] WiFi is working.
2025-10-13 23:10:57,142 [INFO] WiFi is working.
2025-10-13 23:11:13,167 [INFO] WiFi is working.
2025-10-13 23:11:29,191 [INFO] WiFi is working.
2025-10-13 23:11:45,216 [INFO] WiFi is working.
2025-10-13 23:12:01,240 [INFO] WiFi is working.
2025-10-13 23:12:17,269 [INFO] WiFi is working.
2025-10-13 23:12:33,292 [INFO] WiFi is working.
2025-10-13 23:12:49,316 [INFO] WiFi is working.
2025-10-13 23:13:05,343 [INFO] WiFi is working.
2025-10-13 23:13:21,362 [INFO] WiFi is working.
2025-10-13 23:13:37,377 [INFO] WiFi is working.
2025-10-13 23:13:53,400 [INFO] WiFi is working.
2025-10-13 23:14:09,424 [INFO] WiFi is working.
2025-10-13 23:14:25,448 [INFO] WiFi is working.
2025-10-13 23:14:41,468 [INFO] WiFi is working.
2025-10-13 23:14:57,492 [INFO] WiFi is working.
2025-10-13 23:15:13,515 [INFO] WiFi is working.
2025-10-13 23:15:29,539 [INFO] WiFi is working.
2025-10-13 23:15:45,563 [INFO] WiFi is working.
2025-10-13 23:16:01,584 [INFO] WiFi is working.
2025-10-13 23:16:17,607 [INFO] WiFi is working.
2025-10-13 23:16:33,627 [INFO] WiFi is working.
2025-10-13 23:16:49,650 [INFO] WiFi is working.
2025-10-13 23:17:05,674 [INFO] WiFi is working.
2025-10-13 23:17:21,698 [INFO] WiFi is working.
2025-10-13 23:17:37,722 [INFO] WiFi is working.
2025-10-13 23:17:53,745 [INFO] WiFi is working.
2025-10-13 23:18:09,769 [INFO] WiFi is working.
2025-10-13 23:18:25,792 [INFO] WiFi is working.
2025-10-13 23:18:41,815 [INFO] WiFi is working.
2025-10-13 23:18:57,840 [INFO] WiFi is working.
2025-10-13 23:19:13,863 [INFO] WiFi is working.
2025-10-13 23:19:29,887 [INFO] WiFi is working.
2025-10-13 23:19:45,909 [INFO] WiFi is working.
2025-10-13 23:20:01,932 [INFO] WiFi is working.
2025-10-13 23:20:17,955 [INFO] WiFi is working.
2025-10-13 23:20:33,979 [INFO] WiFi is working.
2025-10-13 23:20:50,003 [INFO] WiFi is working.
2025-10-13 23:21:06,028 [INFO] WiFi is working.
2025-10-13 23:21:22,051 [INFO] WiFi is working.
2025-10-13 23:21:38,076 [INFO] WiFi is working.
2025-10-13 23:21:54,099 [INFO] WiFi is working.
2025-10-13 23:22:10,119 [INFO] WiFi is working.
2025-10-13 23:22:26,142 [INFO] WiFi is working.
2025-10-13 23:22:42,165 [INFO] WiFi is working.
2025-10-13 23:22:58,190 [INFO] WiFi is working.
2025-10-13 23:23:14,214 [INFO] WiFi is working.
2025-10-13 23:23:30,237 [INFO] WiFi is working.
2025-10-13 23:23:46,261 [INFO] WiFi is working.
2025-10-13 23:24:02,284 [INFO] WiFi is working.
2025-10-13 23:24:18,307 [INFO] WiFi is working.
2025-10-13 23:24:34,331 [INFO] WiFi is working.
2025-10-13 23:24:50,351 [INFO] WiFi is working.
2025-10-13 23:25:06,373 [INFO] WiFi is working.
2025-10-13 23:25:22,393 [INFO] WiFi is working.
2025-10-13 23:25:38,416 [INFO] WiFi is working.
2025-10-13 23:25:54,436 [INFO] WiFi is working.
2025-10-13 23:26:10,455 [INFO] WiFi is working.
2025-10-13 23:26:26,482 [INFO] WiFi is working.
2025-10-13 23:26:42,511 [INFO] WiFi is working.
2025-10-13 23:26:58,535 [INFO] WiFi is working.
2025-10-13 23:27:14,559 [INFO] WiFi is working.
2025-10-13 23:27:30,582 [INFO] WiFi is working.
2025-10-13 23:27:46,606 [INFO] WiFi is working.
2025-10-13 23:28:02,629 [INFO] WiFi is working.
2025-10-13 23:28:18,652 [INFO] WiFi is working.
2025-10-13 23:28:34,677 [INFO] WiFi is working.
2025-10-13 23:28:50,701 [INFO] WiFi is working.
2025-10-13 23:29:06,724 [INFO] WiFi is working.
2025-10-13 23:29:22,748 [INFO] WiFi is working.
2025-10-13 23:29:38,771 [INFO] WiFi is working.
2025-10-13 23:29:54,795 [INFO] WiFi is working.
2025-10-13 23:30:10,819 [INFO] WiFi is working.
2025-10-13 23:30:26,842 [INFO] WiFi is working.
2025-10-13 23:30:42,862 [INFO] WiFi is working.
2025-10-13 23:30:58,886 [INFO] WiFi is working.
2025-10-13 23:31:14,910 [INFO] WiFi is working.
2025-10-13 23:31:30,933 [INFO] WiFi is working.
2025-10-13 23:31:46,954 [INFO] WiFi is working.
2025-10-13 23:32:02,976 [INFO] WiFi is working.
2025-10-13 23:32:18,999 [INFO] WiFi is working.
2025-10-13 23:32:35,023 [INFO] WiFi is working.
2025-10-13 23:32:51,047 [INFO] WiFi is working.
2025-10-13 23:33:07,071 [INFO] WiFi is working.
2025-10-13 23:33:23,099 [INFO] WiFi is working.
2025-10-13 23:33:39,122 [INFO] WiFi is working.
2025-10-13 23:33:55,146 [INFO] WiFi is working.
2025-10-13 23:34:11,167 [INFO] WiFi is working.
2025-10-13 23:34:27,187 [INFO] WiFi is working.
2025-10-13 23:34:43,213 [INFO] WiFi is working.
2025-10-13 23:34:59,237 [INFO] WiFi is working.
2025-10-13 23:35:15,260 [INFO] WiFi is working.
2025-10-13 23:35:31,281 [INFO] WiFi is working.
2025-10-13 23:35:47,304 [INFO] WiFi is working.
2025-10-13 23:36:03,329 [INFO] WiFi is working.
2025-10-13 23:36:19,353 [INFO] WiFi is working.
2025-10-13 23:36:35,375 [INFO] WiFi is working.
2025-10-13 23:36:51,398 [INFO] WiFi is working.
2025-10-13 23:37:07,414 [INFO] WiFi is working.
2025-10-13 23:37:23,437 [INFO] WiFi is working.
2025-10-13 23:37:39,460 [INFO] WiFi is working.
2025-10-13 23:37:55,484 [INFO] WiFi is working.
2025-10-13 23:38:11,507 [INFO] WiFi is working.
2025-10-13 23:38:27,533 [INFO] WiFi is working.
2025-10-13 23:38:43,556 [INFO] WiFi is working.
2025-10-13 23:38:59,581 [INFO] WiFi is working.
2025-10-13 23:39:15,604 [INFO] WiFi is working.
2025-10-13 23:39:31,627 [INFO] WiFi is working.
2025-10-13 23:39:47,647 [INFO] WiFi is working.
2025-10-13 23:40:03,672 [INFO] WiFi is working.
2025-10-13 23:40:19,691 [INFO] WiFi is working.
2025-10-13 23:40:35,721 [INFO] WiFi is working.
2025-10-13 23:40:51,744 [INFO] WiFi is working.
2025-10-13 23:41:07,767 [INFO] WiFi is working.
2025-10-13 23:41:23,788 [INFO] WiFi is working.
2025-10-13 23:41:39,812 [INFO] WiFi is working.
2025-10-13 23:41:55,832 [INFO] WiFi is working.
2025-10-13 23:42:11,856 [INFO] WiFi is working.
2025-10-13 23:42:27,879 [INFO] WiFi is working.
2025-10-13 23:42:43,902 [INFO] WiFi is working.
2025-10-13 23:42:59,926 [INFO] WiFi is working.
2025-10-13 23:43:15,950 [INFO] WiFi is working.
2025-10-13 23:43:31,974 [INFO] WiFi is working.
2025-10-13 23:43:47,998 [INFO] WiFi is working.
2025-10-13 23:44:04,018 [INFO] WiFi is working.
2025-10-13 23:44:20,041 [INFO] WiFi is working.
2025-10-13 23:44:36,063 [INFO] WiFi is working.
2025-10-13 23:44:52,082 [INFO] WiFi is working.
2025-10-13 23:45:08,106 [INFO] WiFi is working.
2025-10-13 23:45:24,126 [INFO] WiFi is working.
2025-10-13 23:45:40,148 [INFO] WiFi is working.
2025-10-13 23:45:56,173 [INFO] WiFi is working.
2025-10-13 23:46:12,194 [INFO] WiFi is working.
2025-10-13 23:46:28,210 [INFO] WiFi is working.
2025-10-13 23:46:44,232 [INFO] WiFi is working.
2025-10-13 23:47:00,255 [INFO] WiFi is working.
2025-10-13 23:47:16,279 [INFO] WiFi is working.
2025-10-13 23:47:32,302 [INFO] WiFi is working.
2025-10-13 23:47:48,326 [INFO] WiFi is working.
2025-10-13 23:48:04,351 [INFO] WiFi is working.
2025-10-13 23:48:20,373 [INFO] WiFi is working.
2025-10-13 23:48:36,397 [INFO] WiFi is working.
2025-10-13 23:48:52,416 [INFO] WiFi is working.
2025-10-13 23:49:08,441 [INFO] WiFi is working.
2025-10-13 23:49:24,466 [INFO] WiFi is working.
2025-10-13 23:49:40,490 [INFO] WiFi is working.
2025-10-13 23:49:56,514 [INFO] WiFi is working.
2025-10-13 23:50:12,537 [INFO] WiFi is working.
2025-10-13 23:50:28,561 [INFO] WiFi is working.
2025-10-13 23:50:44,584 [INFO] WiFi is working.
2025-10-13 23:51:00,608 [INFO] WiFi is working.
2025-10-13 23:51:16,632 [INFO] WiFi is working.
2025-10-13 23:51:32,656 [INFO] WiFi is working.
2025-10-13 23:51:48,679 [INFO] WiFi is working.
2025-10-13 23:52:04,703 [INFO] WiFi is working.
2025-10-13 23:52:20,726 [INFO] WiFi is working.
2025-10-13 23:52:36,751 [INFO] WiFi is working.
2025-10-13 23:52:52,774 [INFO] WiFi is working.
2025-10-13 23:53:08,799 [INFO] WiFi is working.
2025-10-13 23:53:24,823 [INFO] WiFi is working.
2025-10-13 23:53:40,846 [INFO] WiFi is working.
                                                2025-10-13 23:53:55,206 [INFO] WiFi is working.
2025-10-13 23:54:11,227 [INFO] WiFi is working.
2025-10-14 00:17:06,083 [INFO] WiFi is working.
2025-10-14 00:17:22,106 [INFO] WiFi is working.
2025-10-14 00:17:38,129 [INFO] WiFi is working.
2025-10-14 00:17:54,153 [INFO] WiFi is working.
2025-10-14 00:18:10,177 [INFO] WiFi is working.
2025-10-14 00:18:26,200 [INFO] WiFi is working.
2025-10-14 00:18:42,223 [INFO] WiFi is working.
2025-10-14 00:18:58,247 [INFO] WiFi is working.
2025-10-14 00:19:14,270 [INFO] WiFi is working.
2025-10-14 00:19:30,292 [INFO] WiFi is working.
2025-10-14 00:19:46,315 [INFO] WiFi is working.
2025-10-14 00:20:02,339 [INFO] WiFi is working.
2025-10-14 00:20:18,360 [INFO] WiFi is working.
2025-10-14 00:20:34,385 [INFO] WiFi is working.
2025-10-14 00:20:50,407 [INFO] WiFi is working.
2025-10-14 00:21:06,426 [INFO] WiFi is working.
2025-10-14 00:21:22,449 [INFO] WiFi is working.
2025-10-14 00:21:38,469 [INFO] WiFi is working.
2025-10-14 00:21:54,496 [INFO] WiFi is working.
2025-10-14 00:22:10,522 [INFO] WiFi is working.
2025-10-14 00:22:26,546 [INFO] WiFi is working.
2025-10-14 00:22:42,570 [INFO] WiFi is working.
2025-10-14 00:22:58,594 [INFO] WiFi is working.
2025-10-14 00:23:14,618 [INFO] WiFi is working.
2025-10-14 00:23:30,645 [INFO] WiFi is working.
2025-10-14 00:23:46,669 [INFO] WiFi is working.
2025-10-14 00:24:02,693 [INFO] WiFi is working.
2025-10-14 00:24:18,718 [INFO] WiFi is working.
2025-10-14 00:24:34,741 [INFO] WiFi is working.
2025-10-14 00:24:50,764 [INFO] WiFi is working.
2025-10-14 00:25:06,788 [INFO] WiFi is working.
2025-10-14 00:25:22,812 [INFO] WiFi is working.
2025-10-14 00:25:38,835 [INFO] WiFi is working.
2025-10-14 00:25:54,859 [INFO] WiFi is working.
2025-10-14 00:26:10,884 [INFO] WiFi is working.
2025-10-14 00:26:26,909 [INFO] WiFi is working.
2025-10-14 00:26:42,933 [INFO] WiFi is working.
2025-10-14 00:26:58,957 [INFO] WiFi is working.
2025-10-14 00:27:14,981 [INFO] WiFi is working.
2025-10-14 00:27:31,005 [INFO] WiFi is working.
2025-10-14 00:27:47,028 [INFO] WiFi is working.
2025-10-14 00:28:03,053 [INFO] WiFi is working.
2025-10-14 00:28:19,078 [INFO] WiFi is working.
2025-10-14 00:28:35,098 [INFO] WiFi is working.
2025-10-14 00:28:51,123 [INFO] WiFi is working.
2025-10-14 00:29:07,146 [INFO] WiFi is working.
2025-10-14 00:29:23,170 [INFO] WiFi is working.
2025-10-14 00:29:39,196 [INFO] WiFi is working.
2025-10-14 00:29:55,219 [INFO] WiFi is working.
2025-10-14 00:30:11,242 [INFO] WiFi is working.
2025-10-14 00:30:27,267 [INFO] WiFi is working.
2025-10-14 00:30:43,291 [INFO] WiFi is working.
2025-10-14 00:30:59,317 [INFO] WiFi is working.
2025-10-14 00:31:15,340 [INFO] WiFi is working.
2025-10-14 00:31:31,364 [INFO] WiFi is working.
2025-10-14 00:31:47,385 [INFO] WiFi is working.
2025-10-14 00:32:03,413 [INFO] WiFi is working.
2025-10-14 00:32:19,436 [INFO] WiFi is working.
2025-10-14 00:32:35,460 [INFO] WiFi is working.
2025-10-14 00:32:51,483 [INFO] WiFi is working.
2025-10-14 00:33:07,507 [INFO] WiFi is working.
2025-10-14 00:33:23,528 [INFO] WiFi is working.
2025-10-14 00:33:39,552 [INFO] WiFi is working.
2025-10-14 00:33:55,575 [INFO] WiFi is working.
2025-10-14 00:34:11,599 [INFO] WiFi is working.
2025-10-14 00:34:27,623 [INFO] WiFi is working.
2025-10-14 00:34:43,647 [INFO] WiFi is working.
2025-10-14 00:34:59,671 [INFO] WiFi is working.
2025-10-14 00:35:15,696 [INFO] WiFi is working.
2025-10-14 00:35:31,720 [INFO] WiFi is working.
2025-10-14 00:35:47,744 [INFO] WiFi is working.
2025-10-14 00:36:03,766 [INFO] WiFi is working.
2025-10-14 00:36:19,791 [INFO] WiFi is working.
2025-10-14 00:36:35,816 [INFO] WiFi is working.
2025-10-14 00:36:51,838 [INFO] WiFi is working.
2025-10-14 00:37:07,862 [INFO] WiFi is working.
2025-10-14 00:37:23,889 [INFO] WiFi is working.
2025-10-14 00:37:39,912 [INFO] WiFi is working.
2025-10-14 00:37:55,935 [INFO] WiFi is working.
2025-10-14 00:38:11,958 [INFO] WiFi is working.
2025-10-14 00:38:27,982 [INFO] WiFi is working.
2025-10-14 00:38:44,006 [INFO] WiFi is working.
2025-10-14 00:39:00,031 [INFO] WiFi is working.
2025-10-14 00:39:16,054 [INFO] WiFi is working.
2025-10-14 00:39:32,078 [INFO] WiFi is working.
2025-10-14 00:39:48,102 [INFO] WiFi is working.
2025-10-14 00:40:04,126 [INFO] WiFi is working.
2025-10-14 00:40:20,145 [INFO] WiFi is working.
2025-10-14 00:40:36,168 [INFO] WiFi is working.
2025-10-14 00:40:52,192 [INFO] WiFi is working.
2025-10-14 00:41:08,215 [INFO] WiFi is working.
2025-10-14 00:41:24,239 [INFO] WiFi is working.
2025-10-14 00:41:40,263 [INFO] WiFi is working.
2025-10-14 00:41:56,287 [INFO] WiFi is working.
2025-10-14 00:42:12,306 [INFO] WiFi is working.
2025-10-14 00:42:28,331 [INFO] WiFi is working.
2025-10-14 00:42:44,354 [INFO] WiFi is working.
2025-10-14 00:43:00,379 [INFO] WiFi is working.
2025-10-14 00:43:16,403 [INFO] WiFi is working.
2025-10-14 00:43:32,427 [INFO] WiFi is working.
2025-10-14 00:43:48,450 [INFO] WiFi is working.
2025-10-14 00:44:04,474 [INFO] WiFi is working.
2025-10-14 00:44:20,499 [INFO] WiFi is working.
2025-10-14 00:44:36,522 [INFO] WiFi is working.
2025-10-14 00:44:52,545 [INFO] WiFi is working.
2025-10-14 00:45:08,571 [INFO] WiFi is working.
2025-10-14 00:45:24,594 [INFO] WiFi is working.
2025-10-14 00:45:40,618 [INFO] WiFi is working.
2025-10-14 00:45:56,643 [INFO] WiFi is working.
2025-10-14 00:46:12,666 [INFO] WiFi is working.
2025-10-14 00:46:28,690 [INFO] WiFi is working.
2025-10-14 00:46:44,714 [INFO] WiFi is working.
2025-10-14 00:47:00,739 [INFO] WiFi is working.
2025-10-14 00:47:16,763 [INFO] WiFi is working.
2025-10-14 00:47:32,787 [INFO] WiFi is working.
2025-10-14 00:47:48,811 [INFO] WiFi is working.
2025-10-14 00:48:04,835 [INFO] WiFi is working.
2025-10-14 00:48:20,859 [INFO] WiFi is working.
2025-10-14 00:48:36,883 [INFO] WiFi is working.
2025-10-14 00:48:52,907 [INFO] WiFi is working.
2025-10-14 00:49:08,931 [INFO] WiFi is working.
2025-10-14 00:49:24,954 [INFO] WiFi is working.
2025-10-14 00:49:40,979 [INFO] WiFi is working.
2025-10-14 00:49:57,001 [INFO] WiFi is working.
2025-10-14 00:50:13,027 [INFO] WiFi is working.
2025-10-14 00:50:29,051 [INFO] WiFi is working.
2025-10-14 00:50:45,075 [INFO] WiFi is working.
2025-10-14 00:51:01,101 [INFO] WiFi is working.
2025-10-14 00:51:17,124 [INFO] WiFi is working.
2025-10-14 00:51:33,148 [INFO] WiFi is working.
2025-10-14 00:51:49,172 [INFO] WiFi is working.
2025-10-14 00:52:05,195 [INFO] WiFi is working.
2025-10-14 00:52:21,219 [INFO] WiFi is working.
2025-10-14 00:52:37,242 [INFO] WiFi is working.
2025-10-14 00:52:53,265 [INFO] WiFi is working.
2025-10-14 00:53:09,289 [INFO] WiFi is working.
2025-10-14 00:53:25,313 [INFO] WiFi is working.
2025-10-14 00:53:41,336 [INFO] WiFi is working.
2025-10-14 00:53:57,359 [INFO] WiFi is working.
2025-10-14 00:54:13,384 [INFO] WiFi is working.
2025-10-14 00:54:29,409 [INFO] WiFi is working.
2025-10-14 00:54:45,434 [INFO] WiFi is working.
2025-10-14 00:55:01,457 [INFO] WiFi is working.
2025-10-14 00:55:17,480 [INFO] WiFi is working.
2025-10-14 00:55:33,503 [INFO] WiFi is working.
2025-10-14 00:55:49,527 [INFO] WiFi is working.
2025-10-14 00:56:05,550 [INFO] WiFi is working.
2025-10-14 00:56:21,573 [INFO] WiFi is working.
2025-10-14 00:56:37,598 [INFO] WiFi is working.
2025-10-14 00:56:53,622 [INFO] WiFi is working.
2025-10-14 00:57:09,647 [INFO] WiFi is working.
2025-10-14 00:57:25,671 [INFO] WiFi is working.
2025-10-14 00:57:41,696 [INFO] WiFi is working.
2025-10-14 00:57:57,719 [INFO] WiFi is working.
2025-10-14 00:58:13,743 [INFO] WiFi is working.
2025-10-14 00:58:29,767 [INFO] WiFi is working.
2025-10-14 00:58:45,791 [INFO] WiFi is working.
2025-10-14 00:59:01,814 [INFO] WiFi is working.
2025-10-14 00:59:17,838 [INFO] WiFi is working.
2025-10-14 00:59:33,863 [INFO] WiFi is working.
2025-10-14 00:59:49,887 [INFO] WiFi is working.
2025-10-14 01:00:05,911 [INFO] WiFi is working.
2025-10-14 01:00:21,935 [INFO] WiFi is working.
2025-10-14 01:00:37,964 [INFO] WiFi is working.
2025-10-14 01:00:53,987 [INFO] WiFi is working.
2025-10-14 01:01:10,011 [INFO] WiFi is working.
2025-10-14 01:01:26,034 [INFO] WiFi is working.
2025-10-14 01:01:42,062 [INFO] WiFi is working.
2025-10-14 01:01:58,086 [INFO] WiFi is working.
2025-10-14 01:02:14,110 [INFO] WiFi is working.
2025-10-14 01:02:30,133 [INFO] WiFi is working.
2025-10-14 01:02:46,157 [INFO] WiFi is working.
2025-10-14 01:03:02,180 [INFO] WiFi is working.
2025-10-14 01:03:18,205 [INFO] WiFi is working.
2025-10-14 01:03:34,228 [INFO] WiFi is working.
2025-10-14 01:03:50,251 [INFO] WiFi is working.
2025-10-14 01:04:06,274 [INFO] WiFi is working.
2025-10-14 01:04:22,298 [INFO] WiFi is working.
2025-10-14 01:04:38,321 [INFO] WiFi is working.
2025-10-14 01:04:54,345 [INFO] WiFi is working.
2025-10-14 01:05:10,368 [INFO] WiFi is working.
2025-10-14 01:05:26,392 [INFO] WiFi is working.
2025-10-14 01:05:42,412 [INFO] WiFi is working.
2025-10-14 01:05:58,436 [INFO] WiFi is working.
2025-10-14 01:06:14,461 [INFO] WiFi is working.
2025-10-14 01:06:30,485 [INFO] WiFi is working.
2025-10-14 01:06:46,509 [INFO] WiFi is working.
2025-10-14 01:07:02,533 [INFO] WiFi is working.
2025-10-14 01:07:18,557 [INFO] WiFi is working.
2025-10-14 01:07:34,582 [INFO] WiFi is working.
2025-10-14 01:07:50,605 [INFO] WiFi is working.
2025-10-14 01:08:06,629 [INFO] WiFi is working.
2025-10-14 01:08:22,653 [INFO] WiFi is working.
2025-10-14 01:08:38,679 [INFO] WiFi is working.
2025-10-14 01:08:54,703 [INFO] WiFi is working.
2025-10-14 01:09:10,728 [INFO] WiFi is working.
2025-10-14 01:09:26,752 [INFO] WiFi is working.
2025-10-14 01:09:42,775 [INFO] WiFi is working.
2025-10-14 01:09:58,799 [INFO] WiFi is working.
2025-10-14 01:10:14,822 [INFO] WiFi is working.
2025-10-14 01:10:30,846 [INFO] WiFi is working.
2025-10-14 01:10:46,869 [INFO] WiFi is working.
2025-10-14 01:11:02,893 [INFO] WiFi is working.
2025-10-14 01:11:18,917 [INFO] WiFi is working.
2025-10-14 01:11:34,939 [INFO] WiFi is working.
2025-10-14 01:11:50,964 [INFO] WiFi is working.
2025-10-14 01:12:06,988 [INFO] WiFi is working.
2025-10-14 01:12:23,011 [INFO] WiFi is working.
2025-10-14 01:12:39,036 [INFO] WiFi is working.
2025-10-14 01:12:55,060 [INFO] WiFi is working.
2025-10-14 01:13:11,084 [INFO] WiFi is working.
2025-10-14 01:13:27,108 [INFO] WiFi is working.
2025-10-14 01:13:43,132 [INFO] WiFi is working.
2025-10-14 01:13:59,156 [INFO] WiFi is working.
2025-10-14 01:14:15,181 [INFO] WiFi is working.
2025-10-14 01:14:31,204 [INFO] WiFi is working.
2025-10-14 01:14:47,227 [INFO] WiFi is working.
2025-10-14 01:15:03,250 [INFO] WiFi is working.
2025-10-14 01:15:19,273 [INFO] WiFi is working.
2025-10-14 01:15:35,297 [INFO] WiFi is working.
2025-10-14 01:15:51,322 [INFO] WiFi is working.
2025-10-14 01:16:07,342 [INFO] WiFi is working.
2025-10-14 01:16:23,366 [INFO] WiFi is working.
2025-10-14 01:16:39,390 [INFO] WiFi is working.
2025-10-14 01:16:55,414 [INFO] WiFi is working.
2025-10-14 01:17:11,437 [INFO] WiFi is working.
2025-10-14 01:17:27,459 [INFO] WiFi is working.
2025-10-14 01:17:43,484 [INFO] WiFi is working.
2025-10-14 01:17:59,507 [INFO] WiFi is working.
2025-10-14 01:18:15,532 [INFO] WiFi is working.
2025-10-14 01:18:31,555 [INFO] WiFi is working.
2025-10-14 01:18:47,579 [INFO] WiFi is working.
2025-10-14 01:19:03,603 [INFO] WiFi is working.
2025-10-14 01:19:19,627 [INFO] WiFi is working.
2025-10-14 01:19:35,650 [INFO] WiFi is working.
2025-10-14 01:19:51,673 [INFO] WiFi is working.
2025-10-14 01:20:07,696 [INFO] WiFi is working.
2025-10-14 01:20:23,720 [INFO] WiFi is working.
2025-10-14 01:20:39,743 [INFO] WiFi is working.
2025-10-14 01:20:55,765 [INFO] WiFi is working.
2025-10-14 01:21:11,790 [INFO] WiFi is working.
2025-10-14 01:21:27,814 [INFO] WiFi is working.
2025-10-14 01:21:43,838 [INFO] WiFi is working.
2025-10-14 01:21:59,864 [INFO] WiFi is working.
2025-10-14 01:22:15,888 [INFO] WiFi is working.
2025-10-14 01:22:31,912 [INFO] WiFi is working.
2025-10-14 01:22:47,936 [INFO] WiFi is working.
2025-10-14 01:23:03,959 [INFO] WiFi is working.
2025-10-14 01:23:19,983 [INFO] WiFi is working.
2025-10-14 01:23:36,007 [INFO] WiFi is working.
2025-10-14 01:23:52,031 [INFO] WiFi is working.
2025-10-14 01:24:08,056 [INFO] WiFi is working.
2025-10-14 01:24:24,079 [INFO] WiFi is working.
2025-10-14 01:24:40,103 [INFO] WiFi is working.
2025-10-14 01:24:56,126 [INFO] WiFi is working.
2025-10-14 01:25:12,149 [INFO] WiFi is working.
2025-10-14 01:25:28,173 [INFO] WiFi is working.
2025-10-14 01:25:44,196 [INFO] WiFi is working.
2025-10-14 01:26:00,220 [INFO] WiFi is working.
2025-10-14 01:26:16,237 [INFO] WiFi is working.
2025-10-14 01:26:32,257 [INFO] WiFi is working.
2025-10-14 01:26:48,282 [INFO] WiFi is working.
2025-10-14 01:27:04,305 [INFO] WiFi is working.
2025-10-14 01:27:20,326 [INFO] WiFi is working.
2025-10-14 01:27:36,346 [INFO] WiFi is working.
2025-10-14 01:27:52,371 [INFO] WiFi is working.
2025-10-14 01:28:08,396 [INFO] WiFi is working.
2025-10-14 01:28:24,420 [INFO] WiFi is working.
2025-10-14 01:28:40,443 [INFO] WiFi is working.
2025-10-14 01:28:56,467 [INFO] WiFi is working.
2025-10-14 01:29:12,488 [INFO] WiFi is working.
2025-10-14 01:29:28,512 [INFO] WiFi is working.
2025-10-14 01:29:44,537 [INFO] WiFi is working.
2025-10-14 01:30:00,563 [INFO] WiFi is working.
2025-10-14 01:30:16,587 [INFO] WiFi is working.
2025-10-14 01:30:32,617 [INFO] WiFi is working.
2025-10-14 01:30:48,646 [INFO] WiFi is working.
2025-10-14 01:31:04,674 [INFO] WiFi is working.
2025-10-14 01:31:20,700 [INFO] WiFi is working.
2025-10-14 01:31:36,729 [INFO] WiFi is working.
2025-10-14 01:31:52,756 [INFO] WiFi is working.
2025-10-14 01:32:08,778 [INFO] WiFi is working.
2025-10-14 01:32:24,806 [INFO] WiFi is working.
2025-10-14 01:32:40,831 [INFO] WiFi is working.
2025-10-14 01:32:56,857 [INFO] WiFi is working.
2025-10-14 01:33:12,884 [INFO] WiFi is working.
2025-10-14 01:33:28,913 [INFO] WiFi is working.
2025-10-14 01:33:44,941 [INFO] WiFi is working.
2025-10-14 01:34:00,968 [INFO] WiFi is working.
2025-10-14 01:34:16,994 [INFO] WiFi is working.
2025-10-14 01:34:33,021 [INFO] WiFi is working.
2025-10-14 01:34:49,048 [INFO] WiFi is working.
2025-10-14 01:35:05,080 [INFO] WiFi is working.
2025-10-14 01:35:21,109 [INFO] WiFi is working.
2025-10-14 01:35:37,137 [INFO] WiFi is working.
2025-10-14 01:35:53,165 [INFO] WiFi is working.
2025-10-14 01:36:09,193 [INFO] WiFi is working.
2025-10-14 01:36:25,222 [INFO] WiFi is working.
2025-10-14 01:36:41,248 [INFO] WiFi is working.
2025-10-14 01:36:57,279 [INFO] WiFi is working.
2025-10-14 01:37:13,305 [INFO] WiFi is working.
2025-10-14 01:37:29,333 [INFO] WiFi is working.
2025-10-14 01:37:45,360 [INFO] WiFi is working.
2025-10-14 01:38:01,387 [INFO] WiFi is working.
2025-10-14 01:38:17,414 [INFO] WiFi is working.
2025-10-14 01:38:33,441 [INFO] WiFi is working.
2025-10-14 01:38:49,469 [INFO] WiFi is working.
2025-10-14 01:39:05,498 [INFO] WiFi is working.
2025-10-14 01:39:21,527 [INFO] WiFi is working.
2025-10-14 01:39:37,555 [INFO] WiFi is working.
2025-10-14 01:39:53,579 [INFO] WiFi is working.
2025-10-14 01:40:09,604 [INFO] WiFi is working.
2025-10-14 01:40:25,630 [INFO] WiFi is working.
2025-10-14 01:40:41,665 [INFO] WiFi is working.
2025-10-14 01:40:57,692 [INFO] WiFi is working.
2025-10-14 01:41:13,715 [INFO] WiFi is working.
2025-10-14 01:41:29,745 [INFO] WiFi is working.
2025-10-14 01:41:45,773 [INFO] WiFi is working.
2025-10-14 01:42:01,796 [INFO] WiFi is working.
2025-10-14 01:42:17,823 [INFO] WiFi is working.
2025-10-14 01:42:33,850 [INFO] WiFi is working.
2025-10-14 01:42:49,877 [INFO] WiFi is working.
2025-10-14 01:43:05,904 [INFO] WiFi is working.
2025-10-14 01:43:21,931 [INFO] WiFi is working.
2025-10-14 01:43:37,963 [INFO] WiFi is working.
2025-10-14 01:43:53,999 [INFO] WiFi is working.
2025-10-14 01:44:10,029 [INFO] WiFi is working.
2025-10-14 01:44:26,061 [INFO] WiFi is working.
2025-10-14 01:44:42,090 [INFO] WiFi is working.
2025-10-14 01:44:58,116 [INFO] WiFi is working.
2025-10-14 01:45:14,145 [INFO] WiFi is working.
2025-10-14 01:45:30,173 [INFO] WiFi is working.
2025-10-14 01:45:46,199 [INFO] WiFi is working.
2025-10-14 01:46:02,226 [INFO] WiFi is working.
2025-10-14 01:46:18,253 [INFO] WiFi is working.
2025-10-14 01:46:34,281 [INFO] WiFi is working.
2025-10-14 01:46:50,310 [INFO] WiFi is working.
2025-10-14 01:47:06,338 [INFO] WiFi is working.
2025-10-14 01:47:22,361 [INFO] WiFi is working.
2025-10-14 01:47:38,384 [INFO] WiFi is working.
2025-10-14 01:47:54,412 [INFO] WiFi is working.
2025-10-14 01:48:10,438 [INFO] WiFi is working.
2025-10-14 01:48:26,465 [INFO] WiFi is working.
2025-10-14 01:48:42,489 [INFO] WiFi is working.
2025-10-14 01:48:58,515 [INFO] WiFi is working.
2025-10-14 01:49:14,543 [INFO] WiFi is working.
2025-10-14 01:49:30,567 [INFO] WiFi is working.
2025-10-14 01:49:46,593 [INFO] WiFi is working.
2025-10-14 01:50:02,620 [INFO] WiFi is working.
2025-10-14 01:50:18,647 [INFO] WiFi is working.
2025-10-14 01:50:34,675 [INFO] WiFi is working.
2025-10-14 01:50:50,704 [INFO] WiFi is working.
2025-10-14 01:51:06,731 [INFO] WiFi is working.
2025-10-14 01:51:22,756 [INFO] WiFi is working.
2025-10-14 01:51:38,780 [INFO] WiFi is working.
2025-10-14 01:51:54,808 [INFO] WiFi is working.
2025-10-14 01:52:10,834 [INFO] WiFi is working.
2025-10-14 01:52:26,863 [INFO] WiFi is working.
2025-10-14 01:52:42,891 [INFO] WiFi is working.
2025-10-14 01:52:58,919 [INFO] WiFi is working.
2025-10-14 01:53:14,947 [INFO] WiFi is working.
2025-10-14 01:53:30,975 [INFO] WiFi is working.
2025-10-14 01:53:47,002 [INFO] WiFi is working.
2025-10-14 01:54:03,030 [INFO] WiFi is working.
2025-10-14 01:54:19,060 [INFO] WiFi is working.
2025-10-14 01:54:35,086 [INFO] WiFi is working.
2025-10-14 01:54:51,118 [INFO] WiFi is working.
2025-10-14 01:55:07,145 [INFO] WiFi is working.
2025-10-14 01:55:23,175 [INFO] WiFi is working.
2025-10-14 01:55:39,201 [INFO] WiFi is working.
2025-10-14 01:55:55,228 [INFO] WiFi is working.
2025-10-14 01:56:11,254 [INFO] WiFi is working.
2025-10-14 01:56:27,283 [INFO] WiFi is working.
2025-10-14 01:56:43,311 [INFO] WiFi is working.
2025-10-14 01:56:59,335 [INFO] WiFi is working.
2025-10-14 01:57:15,361 [INFO] WiFi is working.
2025-10-14 01:57:31,389 [INFO] WiFi is working.
2025-10-14 01:57:47,416 [INFO] WiFi is working.
2025-10-14 01:58:03,443 [INFO] WiFi is working.
2025-10-14 01:58:19,471 [INFO] WiFi is working.
2025-10-14 01:58:35,502 [INFO] WiFi is working.
2025-10-14 01:58:51,530 [INFO] WiFi is working.
2025-10-14 01:59:07,554 [INFO] WiFi is working.
2025-10-14 01:59:23,584 [INFO] WiFi is working.
2025-10-14 01:59:39,615 [INFO] WiFi is working.
2025-10-14 01:59:55,638 [INFO] WiFi is working.
2025-10-14 02:00:11,668 [INFO] WiFi is working.
2025-10-14 02:00:27,695 [INFO] WiFi is working.
2025-10-14 02:00:43,723 [INFO] WiFi is working.
2025-10-14 02:00:59,747 [INFO] WiFi is working.
2025-10-14 02:01:15,775 [INFO] WiFi is working.
2025-10-14 02:01:31,798 [INFO] WiFi is working.
2025-10-14 02:01:47,826 [INFO] WiFi is working.
2025-10-14 02:02:03,855 [INFO] WiFi is working.
2025-10-14 02:02:19,885 [INFO] WiFi is working.
2025-10-14 02:02:35,909 [INFO] WiFi is working.
2025-10-14 02:02:51,932 [INFO] WiFi is working.
2025-10-14 02:03:07,961 [INFO] WiFi is working.
2025-10-14 02:03:23,993 [INFO] WiFi is working.
2025-10-14 02:03:40,019 [INFO] WiFi is working.
2025-10-14 02:03:56,046 [INFO] WiFi is working.
2025-10-14 02:04:12,077 [INFO] WiFi is working.
2025-10-14 02:04:28,104 [INFO] WiFi is working.
2025-10-14 02:04:44,129 [INFO] WiFi is working.
2025-10-14 02:05:00,160 [INFO] WiFi is working.
2025-10-14 02:05:16,187 [INFO] WiFi is working.
2025-10-14 02:05:32,210 [INFO] WiFi is working.
2025-10-14 02:05:48,238 [INFO] WiFi is working.
2025-10-14 02:06:04,264 [INFO] WiFi is working.
2025-10-14 02:06:20,291 [INFO] WiFi is working.
2025-10-14 02:06:36,320 [INFO] WiFi is working.
2025-10-14 02:06:52,348 [INFO] WiFi is working.
2025-10-14 02:07:08,375 [INFO] WiFi is working.
2025-10-14 02:07:24,404 [INFO] WiFi is working.
2025-10-14 02:07:40,430 [INFO] WiFi is working.
2025-10-14 02:07:56,458 [INFO] WiFi is working.
2025-10-14 02:08:12,487 [INFO] WiFi is working.
2025-10-14 02:08:28,518 [INFO] WiFi is working.
2025-10-14 02:08:44,544 [INFO] WiFi is working.
2025-10-14 02:09:00,571 [INFO] WiFi is working.
2025-10-14 02:09:16,600 [INFO] WiFi is working.
2025-10-14 02:09:32,626 [INFO] WiFi is working.
2025-10-14 02:09:48,655 [INFO] WiFi is working.
2025-10-14 02:10:04,681 [INFO] WiFi is working.
2025-10-14 02:10:20,709 [INFO] WiFi is working.
2025-10-14 02:10:36,736 [INFO] WiFi is working.
2025-10-14 02:10:52,762 [INFO] WiFi is working.
2025-10-14 02:11:08,789 [INFO] WiFi is working.
2025-10-14 02:11:24,818 [INFO] WiFi is working.
2025-10-14 02:11:40,845 [INFO] WiFi is working.
2025-10-14 02:11:56,872 [INFO] WiFi is working.
2025-10-14 02:12:12,898 [INFO] WiFi is working.
2025-10-14 02:12:28,927 [INFO] WiFi is working.
2025-10-14 02:12:44,953 [INFO] WiFi is working.
2025-10-14 02:13:00,981 [INFO] WiFi is working.
2025-10-14 02:13:17,005 [INFO] WiFi is working.
2025-10-14 02:13:33,033 [INFO] WiFi is working.
2025-10-14 02:13:49,061 [INFO] WiFi is working.
2025-10-14 02:14:05,087 [INFO] WiFi is working.
2025-10-14 02:14:21,110 [INFO] WiFi is working.
2025-10-14 02:14:37,137 [INFO] WiFi is working.
2025-10-14 02:14:53,163 [INFO] WiFi is working.
2025-10-14 02:15:09,194 [INFO] WiFi is working.
2025-10-14 02:15:25,222 [INFO] WiFi is working.
2025-10-14 02:15:41,250 [INFO] WiFi is working.
2025-10-14 02:15:57,276 [INFO] WiFi is working.
2025-10-14 02:16:13,302 [INFO] WiFi is working.
2025-10-14 02:16:29,331 [INFO] WiFi is working.
2025-10-14 02:16:45,360 [INFO] WiFi is working.
2025-10-14 02:17:01,383 [INFO] WiFi is working.
2025-10-14 02:17:17,406 [INFO] WiFi is working.
2025-10-14 02:17:33,433 [INFO] WiFi is working.
2025-10-14 02:17:49,459 [INFO] WiFi is working.
2025-10-14 02:18:05,487 [INFO] WiFi is working.
2025-10-14 02:18:21,512 [INFO] WiFi is working.
2025-10-14 02:18:37,540 [INFO] WiFi is working.
2025-10-14 02:18:53,568 [INFO] WiFi is working.
2025-10-14 02:19:09,598 [INFO] WiFi is working.
2025-10-14 02:19:25,626 [INFO] WiFi is working.
2025-10-14 02:19:41,653 [INFO] WiFi is working.
2025-10-14 02:19:57,679 [INFO] WiFi is working.
2025-10-14 02:20:13,706 [INFO] WiFi is working.
2025-10-14 02:20:29,736 [INFO] WiFi is working.
2025-10-14 02:20:45,763 [INFO] WiFi is working.
2025-10-14 02:21:01,791 [INFO] WiFi is working.
2025-10-14 02:21:17,818 [INFO] WiFi is working.
2025-10-14 02:21:33,846 [INFO] WiFi is working.
2025-10-14 02:21:49,874 [INFO] WiFi is working.
2025-10-14 02:22:05,902 [INFO] WiFi is working.
2025-10-14 02:22:21,929 [INFO] WiFi is working.
2025-10-14 02:22:37,956 [INFO] WiFi is working.
2025-10-14 02:22:53,983 [INFO] WiFi is working.
2025-10-14 02:23:10,013 [INFO] WiFi is working.
2025-10-14 02:23:26,042 [INFO] WiFi is working.
2025-10-14 02:23:42,066 [INFO] WiFi is working.
2025-10-14 02:23:58,096 [INFO] WiFi is working.
2025-10-14 02:24:14,128 [INFO] WiFi is working.
2025-10-14 02:24:30,156 [INFO] WiFi is working.
2025-10-14 02:24:46,183 [INFO] WiFi is working.
2025-10-14 02:25:02,207 [INFO] WiFi is working.
2025-10-14 02:25:18,234 [INFO] WiFi is working.
2025-10-14 02:25:34,261 [INFO] WiFi is working.
2025-10-14 02:25:50,288 [INFO] WiFi is working.
2025-10-14 02:26:06,317 [INFO] WiFi is working.
2025-10-14 02:26:22,343 [INFO] WiFi is working.
2025-10-14 02:26:38,370 [INFO] WiFi is working.
2025-10-14 02:26:54,397 [INFO] WiFi is working.
2025-10-14 02:27:10,425 [INFO] WiFi is working.
2025-10-14 02:27:26,452 [INFO] WiFi is working.
2025-10-14 02:27:42,479 [INFO] WiFi is working.
2025-10-14 02:27:58,502 [INFO] WiFi is working.
2025-10-14 02:28:14,530 [INFO] WiFi is working.
2025-10-14 02:28:30,557 [INFO] WiFi is working.
2025-10-14 02:28:46,585 [INFO] WiFi is working.
2025-10-14 02:29:02,612 [INFO] WiFi is working.
2025-10-14 02:29:18,637 [INFO] WiFi is working.
2025-10-14 02:29:34,666 [INFO] WiFi is working.
2025-10-14 02:29:50,693 [INFO] WiFi is working.
2025-10-14 02:30:06,720 [INFO] WiFi is working.
2025-10-14 02:30:22,749 [INFO] WiFi is working.
2025-10-14 02:30:38,775 [INFO] WiFi is working.
2025-10-14 02:30:54,803 [INFO] WiFi is working.
2025-10-14 02:31:10,825 [INFO] WiFi is working.
2025-10-14 02:31:26,848 [INFO] WiFi is working.
2025-10-14 02:31:42,878 [INFO] WiFi is working.
2025-10-14 02:31:58,905 [INFO] WiFi is working.
2025-10-14 02:32:14,933 [INFO] WiFi is working.
2025-10-14 02:32:30,961 [INFO] WiFi is working.
2025-10-14 02:32:46,988 [INFO] WiFi is working.
2025-10-14 02:33:03,017 [INFO] WiFi is working.
2025-10-14 02:33:19,044 [INFO] WiFi is working.
2025-10-14 02:33:35,068 [INFO] WiFi is working.
2025-10-14 02:33:51,094 [INFO] WiFi is working.
2025-10-14 02:34:07,121 [INFO] WiFi is working.
2025-10-14 02:34:23,146 [INFO] WiFi is working.
2025-10-14 02:34:39,173 [INFO] WiFi is working.
2025-10-14 02:34:55,206 [INFO] WiFi is working.
2025-10-14 02:35:11,234 [INFO] WiFi is working.
2025-10-14 02:35:27,258 [INFO] WiFi is working.
2025-10-14 02:35:43,286 [INFO] WiFi is working.
2025-10-14 02:35:59,309 [INFO] WiFi is working.
2025-10-14 02:36:15,331 [INFO] WiFi is working.
2025-10-14 02:36:31,358 [INFO] WiFi is working.
2025-10-14 02:36:47,384 [INFO] WiFi is working.
2025-10-14 02:37:03,408 [INFO] WiFi is working.
2025-10-14 02:37:19,436 [INFO] WiFi is working.
2025-10-14 02:37:35,463 [INFO] WiFi is working.
2025-10-14 02:37:51,489 [INFO] WiFi is working.
2025-10-14 02:38:07,521 [INFO] WiFi is working.
2025-10-14 02:38:23,550 [INFO] WiFi is working.
2025-10-14 02:38:39,578 [INFO] WiFi is working.
2025-10-14 02:38:55,606 [INFO] WiFi is working.
2025-10-14 02:39:11,637 [INFO] WiFi is working.
2025-10-14 02:39:27,664 [INFO] WiFi is working.
2025-10-14 02:39:43,689 [INFO] WiFi is working.
2025-10-14 02:39:59,718 [INFO] WiFi is working.
2025-10-14 02:40:15,745 [INFO] WiFi is working.
2025-10-14 02:40:31,772 [INFO] WiFi is working.
2025-10-14 02:40:47,800 [INFO] WiFi is working.
2025-10-14 02:41:03,827 [INFO] WiFi is working.
2025-10-14 02:41:19,854 [INFO] WiFi is working.
2025-10-14 02:41:35,878 [INFO] WiFi is working.
2025-10-14 02:41:51,907 [INFO] WiFi is working.
2025-10-14 02:42:07,930 [INFO] WiFi is working.
2025-10-14 02:42:23,955 [INFO] WiFi is working.
2025-10-14 02:42:39,976 [INFO] WiFi is working.
2025-10-14 02:42:56,006 [INFO] WiFi is working.
2025-10-14 02:43:12,033 [INFO] WiFi is working.
2025-10-14 02:43:28,059 [INFO] WiFi is working.
2025-10-14 02:43:44,086 [INFO] WiFi is working.
2025-10-14 02:44:00,114 [INFO] WiFi is working.
2025-10-14 02:44:16,141 [INFO] WiFi is working.
2025-10-14 02:44:32,169 [INFO] WiFi is working.
2025-10-14 02:44:48,195 [INFO] WiFi is working.
2025-10-14 02:45:04,225 [INFO] WiFi is working.
2025-10-14 02:45:20,249 [INFO] WiFi is working.
2025-10-14 02:45:36,278 [INFO] WiFi is working.
2025-10-14 02:45:52,305 [INFO] WiFi is working.
2025-10-14 02:46:08,332 [INFO] WiFi is working.
2025-10-14 02:46:24,358 [INFO] WiFi is working.
2025-10-14 02:46:40,382 [INFO] WiFi is working.
2025-10-14 02:46:56,409 [INFO] WiFi is working.
2025-10-14 02:47:12,435 [INFO] WiFi is working.
2025-10-14 02:47:28,461 [INFO] WiFi is working.
2025-10-14 02:47:44,489 [INFO] WiFi is working.
2025-10-14 02:48:00,516 [INFO] WiFi is working.
2025-10-14 02:48:16,544 [INFO] WiFi is working.
2025-10-14 02:48:32,571 [INFO] WiFi is working.
2025-10-14 02:48:48,600 [INFO] WiFi is working.
2025-10-14 02:49:04,627 [INFO] WiFi is working.
2025-10-14 02:49:20,655 [INFO] WiFi is working.
2025-10-14 02:49:36,683 [INFO] WiFi is working.
2025-10-14 02:49:52,709 [INFO] WiFi is working.
2025-10-14 02:50:08,735 [INFO] WiFi is working.
2025-10-14 02:50:24,763 [INFO] WiFi is working.
2025-10-14 02:50:40,792 [INFO] WiFi is working.
2025-10-14 02:50:56,816 [INFO] WiFi is working.
2025-10-14 02:51:12,840 [INFO] WiFi is working.
2025-10-14 02:51:28,867 [INFO] WiFi is working.
2025-10-14 02:51:44,893 [INFO] WiFi is working.
2025-10-14 02:52:00,917 [INFO] WiFi is working.
2025-10-14 02:52:16,940 [INFO] WiFi is working.
2025-10-14 02:52:32,967 [INFO] WiFi is working.
2025-10-14 02:52:48,993 [INFO] WiFi is working.
2025-10-14 02:53:05,021 [INFO] WiFi is working.
2025-10-14 02:53:21,049 [INFO] WiFi is working.
2025-10-14 02:53:37,078 [INFO] WiFi is working.
2025-10-14 02:53:53,105 [INFO] WiFi is working.
2025-10-14 02:54:09,133 [INFO] WiFi is working.
2025-10-14 02:54:25,161 [INFO] WiFi is working.
2025-10-14 02:54:41,187 [INFO] WiFi is working.
2025-10-14 02:54:57,215 [INFO] WiFi is working.
2025-10-14 02:55:13,244 [INFO] WiFi is working.
2025-10-14 02:55:29,271 [INFO] WiFi is working.
2025-10-14 02:55:45,301 [INFO] WiFi is working.
2025-10-14 02:56:01,328 [INFO] WiFi is working.
2025-10-14 02:56:17,355 [INFO] WiFi is working.
2025-10-14 02:56:33,381 [INFO] WiFi is working.
2025-10-14 02:56:49,407 [INFO] WiFi is working.
2025-10-14 02:57:05,433 [INFO] WiFi is working.
2025-10-14 02:57:21,462 [INFO] WiFi is working.
2025-10-14 02:57:37,490 [INFO] WiFi is working.
2025-10-14 02:57:53,514 [INFO] WiFi is working.
2025-10-14 02:58:09,543 [INFO] WiFi is working.
2025-10-14 02:58:25,571 [INFO] WiFi is working.
2025-10-14 02:58:41,597 [INFO] WiFi is working.
2025-10-14 02:58:57,628 [INFO] WiFi is working.
2025-10-14 02:59:13,656 [INFO] WiFi is working.
2025-10-14 02:59:29,679 [INFO] WiFi is working.
2025-10-14 02:59:45,708 [INFO] WiFi is working.
2025-10-14 03:00:01,737 [INFO] WiFi is working.
2025-10-14 03:00:17,764 [INFO] WiFi is working.
2025-10-14 03:00:33,792 [INFO] WiFi is working.
2025-10-14 03:00:49,815 [INFO] WiFi is working.
2025-10-14 03:01:05,842 [INFO] WiFi is working.
2025-10-14 03:01:21,868 [INFO] WiFi is working.
2025-10-14 03:01:37,895 [INFO] WiFi is working.
2025-10-14 03:01:53,921 [INFO] WiFi is working.
2025-10-14 03:02:09,946 [INFO] WiFi is working.
2025-10-14 03:02:25,975 [INFO] WiFi is working.
2025-10-14 03:02:41,999 [INFO] WiFi is working.
2025-10-14 03:02:58,027 [INFO] WiFi is working.
2025-10-14 03:03:14,069 [INFO] WiFi is working.
2025-10-14 03:03:30,096 [INFO] WiFi is working.
2025-10-14 03:03:46,133 [INFO] WiFi is working.
2025-10-14 03:04:02,160 [INFO] WiFi is working.
2025-10-14 03:04:18,188 [INFO] WiFi is working.
2025-10-14 03:04:34,215 [INFO] WiFi is working.
2025-10-14 03:04:50,245 [INFO] WiFi is working.
2025-10-14 03:05:06,278 [INFO] WiFi is working.
2025-10-14 03:05:22,303 [INFO] WiFi is working.
2025-10-14 03:05:38,357 [INFO] WiFi is working.
2025-10-14 03:05:54,388 [INFO] WiFi is working.
2025-10-14 03:06:10,423 [INFO] WiFi is working.
2025-10-14 03:06:26,456 [INFO] WiFi is working.
2025-10-14 03:06:42,490 [INFO] WiFi is working.
2025-10-14 03:06:58,523 [INFO] WiFi is working.
2025-10-14 03:07:14,556 [INFO] WiFi is working.
2025-10-14 03:07:30,597 [INFO] WiFi is working.
2025-10-14 03:07:46,630 [INFO] WiFi is working.
2025-10-14 03:08:02,658 [INFO] WiFi is working.
2025-10-14 03:08:18,709 [INFO] WiFi is working.
2025-10-14 03:08:34,748 [INFO] WiFi is working.
2025-10-14 03:08:50,777 [INFO] WiFi is working.
2025-10-14 03:09:06,818 [INFO] WiFi is working.
2025-10-14 03:09:22,852 [INFO] WiFi is working.
2025-10-14 03:09:38,886 [INFO] WiFi is working.
2025-10-14 03:09:54,920 [INFO] WiFi is working.
2025-10-14 03:10:10,953 [INFO] WiFi is working.
2025-10-14 03:10:26,981 [INFO] WiFi is working.
2025-10-14 03:10:43,009 [INFO] WiFi is working.
2025-10-14 03:10:59,036 [INFO] WiFi is working.
2025-10-14 03:11:15,069 [INFO] WiFi is working.
2025-10-14 03:11:31,109 [INFO] WiFi is working.
2025-10-14 03:11:47,153 [INFO] WiFi is working.
2025-10-14 03:12:03,201 [INFO] WiFi is working.
2025-10-14 03:12:19,224 [INFO] WiFi is working.
2025-10-14 03:12:35,251 [INFO] WiFi is working.
2025-10-14 03:12:51,276 [INFO] WiFi is working.
2025-10-14 03:13:07,308 [INFO] WiFi is working.
2025-10-14 03:13:23,342 [INFO] WiFi is working.
2025-10-14 03:13:39,368 [INFO] WiFi is working.
2025-10-14 03:13:55,398 [INFO] WiFi is working.
2025-10-14 03:14:11,425 [INFO] WiFi is working.
2025-10-14 03:14:27,459 [INFO] WiFi is working.
2025-10-14 03:14:43,490 [INFO] WiFi is working.
2025-10-14 03:14:59,522 [INFO] WiFi is working.
2025-10-14 03:15:15,552 [INFO] WiFi is working.
2025-10-14 03:15:31,583 [INFO] WiFi is working.
2025-10-14 03:15:47,615 [INFO] WiFi is working.
2025-10-14 03:16:03,646 [INFO] WiFi is working.
2025-10-14 03:16:19,681 [INFO] WiFi is working.
2025-10-14 03:16:35,718 [INFO] WiFi is working.
2025-10-14 03:16:51,747 [INFO] WiFi is working.
2025-10-14 03:17:07,780 [INFO] WiFi is working.
2025-10-14 03:17:23,815 [INFO] WiFi is working.
2025-10-14 03:17:39,850 [INFO] WiFi is working.
2025-10-14 03:17:55,882 [INFO] WiFi is working.
2025-10-14 03:18:11,915 [INFO] WiFi is working.
2025-10-14 03:18:27,941 [INFO] WiFi is working.
2025-10-14 03:18:43,978 [INFO] WiFi is working.
2025-10-14 03:19:00,014 [INFO] WiFi is working.
2025-10-14 03:19:16,050 [INFO] WiFi is working.
2025-10-14 03:19:32,079 [INFO] WiFi is working.
2025-10-14 03:19:48,115 [INFO] WiFi is working.
2025-10-14 03:20:04,147 [INFO] WiFi is working.
2025-10-14 03:20:20,178 [INFO] WiFi is working.
2025-10-14 03:20:36,202 [INFO] WiFi is working.
2025-10-14 03:20:52,240 [INFO] WiFi is working.
2025-10-14 03:21:08,273 [INFO] WiFi is working.
2025-10-14 03:21:24,307 [INFO] WiFi is working.
2025-10-14 03:21:40,346 [INFO] WiFi is working.
2025-10-14 03:21:56,378 [INFO] WiFi is working.
2025-10-14 03:22:12,418 [INFO] WiFi is working.
2025-10-14 03:22:28,452 [INFO] WiFi is working.
2025-10-14 03:22:44,479 [INFO] WiFi is working.
2025-10-14 03:23:00,508 [INFO] WiFi is working.
2025-10-14 03:23:16,538 [INFO] WiFi is working.
2025-10-14 03:23:32,577 [INFO] WiFi is working.
2025-10-14 03:23:48,605 [INFO] WiFi is working.
2025-10-14 03:24:04,638 [INFO] WiFi is working.
2025-10-14 03:24:20,673 [INFO] WiFi is working.
2025-10-14 03:24:36,702 [INFO] WiFi is working.
2025-10-14 03:24:52,735 [INFO] WiFi is working.
2025-10-14 03:25:08,766 [INFO] WiFi is working.
2025-10-14 03:25:24,795 [INFO] WiFi is working.
2025-10-14 03:25:40,826 [INFO] WiFi is working.
2025-10-14 03:25:56,855 [INFO] WiFi is working.
2025-10-14 03:26:12,878 [INFO] WiFi is working.
2025-10-14 03:26:28,909 [INFO] WiFi is working.
2025-10-14 03:26:44,944 [INFO] WiFi is working.
2025-10-14 03:27:00,968 [INFO] WiFi is working.
2025-10-14 03:27:17,002 [INFO] WiFi is working.
2025-10-14 03:27:33,030 [INFO] WiFi is working.
2025-10-14 03:27:49,062 [INFO] WiFi is working.
2025-10-14 03:28:05,092 [INFO] WiFi is working.
2025-10-14 03:28:21,124 [INFO] WiFi is working.
2025-10-14 03:28:37,159 [INFO] WiFi is working.
2025-10-14 03:28:53,184 [INFO] WiFi is working.
2025-10-14 03:29:09,219 [INFO] WiFi is working.
2025-10-14 03:29:25,249 [INFO] WiFi is working.
2025-10-14 03:29:41,278 [INFO] WiFi is working.
2025-10-14 03:29:57,310 [INFO] WiFi is working.
2025-10-14 03:30:13,342 [INFO] WiFi is working.
2025-10-14 03:30:29,370 [INFO] WiFi is working.
2025-10-14 03:30:45,398 [INFO] WiFi is working.
2025-10-14 03:31:01,426 [INFO] WiFi is working.
2025-10-14 03:31:17,457 [INFO] WiFi is working.
2025-10-14 03:31:33,485 [INFO] WiFi is working.
2025-10-14 03:31:49,517 [INFO] WiFi is working.
2025-10-14 03:32:05,545 [INFO] WiFi is working.
2025-10-14 03:32:21,582 [INFO] WiFi is working.
2025-10-14 03:32:37,618 [INFO] WiFi is working.
2025-10-14 03:32:53,674 [INFO] WiFi is working.
2025-10-14 03:33:09,705 [INFO] WiFi is working.
2025-10-14 03:33:25,741 [INFO] WiFi is working.
2025-10-14 03:33:41,780 [INFO] WiFi is working.
2025-10-14 03:33:57,809 [INFO] WiFi is working.
2025-10-14 03:34:13,837 [INFO] WiFi is working.
2025-10-14 03:34:29,864 [INFO] WiFi is working.
2025-10-14 03:34:45,896 [INFO] WiFi is working.
2025-10-14 03:35:01,931 [INFO] WiFi is working.
2025-10-14 03:35:17,961 [INFO] WiFi is working.
2025-10-14 03:35:33,998 [INFO] WiFi is working.
2025-10-14 03:35:50,023 [INFO] WiFi is working.
2025-10-14 03:36:06,065 [INFO] WiFi is working.
2025-10-14 03:36:22,095 [INFO] WiFi is working.
2025-10-14 03:36:38,126 [INFO] WiFi is working.
2025-10-14 03:36:54,153 [INFO] WiFi is working.
2025-10-14 03:37:10,189 [INFO] WiFi is working.
2025-10-14 03:37:26,228 [INFO] WiFi is working.
2025-10-14 03:37:42,258 [INFO] WiFi is working.
2025-10-14 03:37:58,289 [INFO] WiFi is working.
2025-10-14 03:38:14,323 [INFO] WiFi is working.
2025-10-14 03:38:30,354 [INFO] WiFi is working.
2025-10-14 03:38:46,386 [INFO] WiFi is working.
2025-10-14 03:39:02,421 [INFO] WiFi is working.
2025-10-14 03:39:18,448 [INFO] WiFi is working.
2025-10-14 03:39:34,491 [INFO] WiFi is working.
2025-10-14 03:39:50,518 [INFO] WiFi is working.
2025-10-14 03:40:06,553 [INFO] WiFi is working.
2025-10-14 03:40:22,591 [INFO] WiFi is working.
2025-10-14 03:40:38,625 [INFO] WiFi is working.
2025-10-14 03:40:54,657 [INFO] WiFi is working.
2025-10-14 03:41:10,687 [INFO] WiFi is working.
2025-10-14 03:41:26,715 [INFO] WiFi is working.
2025-10-14 03:41:42,746 [INFO] WiFi is working.
2025-10-14 03:41:58,774 [INFO] WiFi is working.
2025-10-14 03:42:14,801 [INFO] WiFi is working.
2025-10-14 03:42:30,860 [INFO] WiFi is working.
2025-10-14 03:42:46,895 [INFO] WiFi is working.
2025-10-14 03:43:02,929 [INFO] WiFi is working.
2025-10-14 03:43:18,961 [INFO] WiFi is working.
2025-10-14 03:43:34,989 [INFO] WiFi is working.
2025-10-14 03:43:51,019 [INFO] WiFi is working.
2025-10-14 03:44:07,063 [INFO] WiFi is working.
2025-10-14 03:44:23,091 [INFO] WiFi is working.
2025-10-14 03:44:39,127 [INFO] WiFi is working.
2025-10-14 03:44:55,156 [INFO] WiFi is working.
2025-10-14 03:45:11,192 [INFO] WiFi is working.
2025-10-14 03:45:27,220 [INFO] WiFi is working.
2025-10-14 03:45:43,254 [INFO] WiFi is working.
2025-10-14 03:45:59,284 [INFO] WiFi is working.
2025-10-14 03:46:15,318 [INFO] WiFi is working.
2025-10-14 03:46:31,348 [INFO] WiFi is working.
2025-10-14 03:46:47,407 [INFO] WiFi is working.
2025-10-14 03:47:03,446 [INFO] WiFi is working.
2025-10-14 03:47:19,476 [INFO] WiFi is working.
2025-10-14 03:47:35,508 [INFO] WiFi is working.
2025-10-14 03:47:51,538 [INFO] WiFi is working.
2025-10-14 03:48:07,565 [INFO] WiFi is working.
2025-10-14 03:48:23,615 [INFO] WiFi is working.
2025-10-14 03:48:39,642 [INFO] WiFi is working.
2025-10-14 03:48:55,666 [INFO] WiFi is working.
2025-10-14 03:49:11,690 [INFO] WiFi is working.
2025-10-14 03:49:27,714 [INFO] WiFi is working.
2025-10-14 03:49:43,739 [INFO] WiFi is working.
2025-10-14 03:49:59,766 [INFO] WiFi is working.
2025-10-14 03:50:15,794 [INFO] WiFi is working.
2025-10-14 03:50:31,824 [INFO] WiFi is working.
2025-10-14 03:50:47,851 [INFO] WiFi is working.
2025-10-14 03:51:03,878 [INFO] WiFi is working.
2025-10-14 03:51:19,903 [INFO] WiFi is working.
2025-10-14 03:51:35,931 [INFO] WiFi is working.
2025-10-14 03:51:51,957 [INFO] WiFi is working.
2025-10-14 03:52:07,983 [INFO] WiFi is working.
2025-10-14 03:52:24,012 [INFO] WiFi is working.
2025-10-14 03:52:40,035 [INFO] WiFi is working.
2025-10-14 03:52:56,061 [INFO] WiFi is working.
2025-10-14 03:53:12,087 [INFO] WiFi is working.
2025-10-14 03:53:28,113 [INFO] WiFi is working.
2025-10-14 03:53:44,142 [INFO] WiFi is working.
2025-10-14 03:54:00,164 [INFO] WiFi is working.
2025-10-14 03:54:16,186 [INFO] WiFi is working.
2025-10-14 03:54:32,211 [INFO] WiFi is working.
2025-10-14 03:54:48,238 [INFO] WiFi is working.
2025-10-14 03:55:04,260 [INFO] WiFi is working.
2025-10-14 03:55:20,289 [INFO] WiFi is working.
2025-10-14 03:55:36,312 [INFO] WiFi is working.
2025-10-14 03:55:52,338 [INFO] WiFi is working.
2025-10-14 03:56:08,366 [INFO] WiFi is working.
2025-10-14 03:56:24,393 [INFO] WiFi is working.
2025-10-14 03:56:40,421 [INFO] WiFi is working.
2025-10-14 03:56:56,454 [INFO] WiFi is working.
2025-10-14 03:57:12,479 [INFO] WiFi is working.
2025-10-14 03:57:28,505 [INFO] WiFi is working.
2025-10-14 03:57:44,535 [INFO] WiFi is working.
2025-10-14 03:58:00,562 [INFO] WiFi is working.
2025-10-14 03:58:16,586 [INFO] WiFi is working.
2025-10-14 03:58:32,613 [INFO] WiFi is working.
2025-10-14 03:58:48,640 [INFO] WiFi is working.
2025-10-14 03:59:04,662 [INFO] WiFi is working.
2025-10-14 03:59:20,686 [INFO] WiFi is working.
2025-10-14 03:59:36,708 [INFO] WiFi is working.
2025-10-14 03:59:52,730 [INFO] WiFi is working.
2025-10-14 04:00:08,753 [INFO] WiFi is working.
2025-10-14 04:00:24,777 [INFO] WiFi is working.
2025-10-14 04:00:40,801 [INFO] WiFi is working.
2025-10-14 04:00:56,822 [INFO] WiFi is working.
2025-10-14 04:01:12,846 [INFO] WiFi is working.
2025-10-14 04:01:28,868 [INFO] WiFi is working.
2025-10-14 04:01:44,894 [INFO] WiFi is working.
2025-10-14 04:02:00,920 [INFO] WiFi is working.
2025-10-14 04:02:16,941 [INFO] WiFi is working.
2025-10-14 04:02:32,962 [INFO] WiFi is working.
2025-10-14 04:02:48,987 [INFO] WiFi is working.
2025-10-14 04:03:05,013 [INFO] WiFi is working.
2025-10-14 04:03:21,041 [INFO] WiFi is working.
2025-10-14 04:03:37,066 [INFO] WiFi is working.
2025-10-14 04:03:53,089 [INFO] WiFi is working.
2025-10-14 04:04:09,113 [INFO] WiFi is working.
2025-10-14 04:04:25,140 [INFO] WiFi is working.
2025-10-14 04:04:41,165 [INFO] WiFi is working.
2025-10-14 04:04:57,191 [INFO] WiFi is working.
2025-10-14 04:05:13,218 [INFO] WiFi is working.
2025-10-14 04:05:29,243 [INFO] WiFi is working.
2025-10-14 04:05:45,270 [INFO] WiFi is working.
2025-10-14 04:06:01,297 [INFO] WiFi is working.
2025-10-14 04:06:17,326 [INFO] WiFi is working.
2025-10-14 04:06:33,355 [INFO] WiFi is working.
2025-10-14 04:06:49,385 [INFO] WiFi is working.
2025-10-14 04:07:05,410 [INFO] WiFi is working.
2025-10-14 04:07:21,433 [INFO] WiFi is working.
2025-10-14 04:07:37,459 [INFO] WiFi is working.
2025-10-14 04:07:53,487 [INFO] WiFi is working.
2025-10-14 04:08:09,510 [INFO] WiFi is working.
2025-10-14 04:08:25,534 [INFO] WiFi is working.
2025-10-14 04:08:41,561 [INFO] WiFi is working.
2025-10-14 04:08:57,587 [INFO] WiFi is working.
2025-10-14 04:09:13,615 [INFO] WiFi is working.
2025-10-14 04:09:29,643 [INFO] WiFi is working.
2025-10-14 04:09:45,670 [INFO] WiFi is working.
2025-10-14 04:10:01,694 [INFO] WiFi is working.
2025-10-14 04:10:17,718 [INFO] WiFi is working.
2025-10-14 04:10:33,742 [INFO] WiFi is working.
2025-10-14 04:10:49,767 [INFO] WiFi is working.
2025-10-14 04:11:05,795 [INFO] WiFi is working.
2025-10-14 04:11:21,824 [INFO] WiFi is working.
2025-10-14 04:11:37,853 [INFO] WiFi is working.
2025-10-14 04:11:53,879 [INFO] WiFi is working.
2025-10-14 04:12:09,906 [INFO] WiFi is working.
2025-10-14 04:12:25,933 [INFO] WiFi is working.
2025-10-14 04:12:41,961 [INFO] WiFi is working.
2025-10-14 04:12:58,012 [INFO] WiFi is working.
2025-10-14 04:13:14,039 [INFO] WiFi is working.
2025-10-14 04:13:30,067 [INFO] WiFi is working.
2025-10-14 04:13:46,094 [INFO] WiFi is working.
2025-10-14 04:14:02,115 [INFO] WiFi is working.
2025-10-14 04:14:18,138 [INFO] WiFi is working.
2025-10-14 04:14:34,165 [INFO] WiFi is working.
2025-10-14 04:14:50,191 [INFO] WiFi is working.
2025-10-14 04:15:06,217 [INFO] WiFi is working.
2025-10-14 04:15:22,243 [INFO] WiFi is working.
2025-10-14 04:15:38,266 [INFO] WiFi is working.
2025-10-14 04:15:54,294 [INFO] WiFi is working.
2025-10-14 04:16:10,321 [INFO] WiFi is working.
2025-10-14 04:16:26,342 [INFO] WiFi is working.
2025-10-14 04:16:42,369 [INFO] WiFi is working.
2025-10-14 04:16:58,399 [INFO] WiFi is working.
2025-10-14 04:17:14,425 [INFO] WiFi is working.
2025-10-14 04:17:30,451 [INFO] WiFi is working.
2025-10-14 04:17:46,478 [INFO] WiFi is working.
2025-10-14 04:18:02,498 [INFO] WiFi is working.
2025-10-14 04:18:18,525 [INFO] WiFi is working.
2025-10-14 04:18:34,548 [INFO] WiFi is working.
2025-10-14 04:18:50,575 [INFO] WiFi is working.
2025-10-14 04:19:06,601 [INFO] WiFi is working.
2025-10-14 04:19:22,626 [INFO] WiFi is working.
2025-10-14 04:19:38,653 [INFO] WiFi is working.
2025-10-14 04:19:54,680 [INFO] WiFi is working.
2025-10-14 04:20:10,707 [INFO] WiFi is working.
2025-10-14 04:20:26,734 [INFO] WiFi is working.
2025-10-14 04:20:42,759 [INFO] WiFi is working.
2025-10-14 04:20:58,790 [INFO] WiFi is working.
2025-10-14 04:21:14,817 [INFO] WiFi is working.
2025-10-14 04:21:30,846 [INFO] WiFi is working.
2025-10-14 04:21:46,871 [INFO] WiFi is working.
2025-10-14 04:22:02,895 [INFO] WiFi is working.
2025-10-14 04:22:18,921 [INFO] WiFi is working.
2025-10-14 04:22:34,948 [INFO] WiFi is working.
2025-10-14 04:22:50,975 [INFO] WiFi is working.
2025-10-14 04:23:07,003 [INFO] WiFi is working.
2025-10-14 04:23:23,033 [INFO] WiFi is working.
2025-10-14 04:23:39,060 [INFO] WiFi is working.
2025-10-14 04:23:55,084 [INFO] WiFi is working.
2025-10-14 04:24:11,108 [INFO] WiFi is working.
2025-10-14 04:24:27,133 [INFO] WiFi is working.
2025-10-14 04:24:43,157 [INFO] WiFi is working.
2025-10-14 04:24:59,177 [INFO] WiFi is working.
2025-10-14 04:25:15,205 [INFO] WiFi is working.
2025-10-14 04:25:31,231 [INFO] WiFi is working.
2025-10-14 04:25:47,259 [INFO] WiFi is working.
2025-10-14 04:26:03,288 [INFO] WiFi is working.
2025-10-14 04:26:19,321 [INFO] WiFi is working.
2025-10-14 04:26:35,345 [INFO] WiFi is working.
2025-10-14 04:26:51,374 [INFO] WiFi is working.
2025-10-14 04:27:07,394 [INFO] WiFi is working.
2025-10-14 04:27:23,418 [INFO] WiFi is working.
2025-10-14 04:27:39,446 [INFO] WiFi is working.
2025-10-14 04:27:55,475 [INFO] WiFi is working.
2025-10-14 04:28:11,499 [INFO] WiFi is working.
2025-10-14 04:28:27,518 [INFO] WiFi is working.
2025-10-14 04:28:43,545 [INFO] WiFi is working.
2025-10-14 04:28:59,572 [INFO] WiFi is working.
2025-10-14 04:29:15,597 [INFO] WiFi is working.
2025-10-14 04:29:31,621 [INFO] WiFi is working.
2025-10-14 04:29:47,649 [INFO] WiFi is working.
2025-10-14 04:30:03,674 [INFO] WiFi is working.
2025-10-14 04:30:19,701 [INFO] WiFi is working.
2025-10-14 04:30:35,725 [INFO] WiFi is working.
2025-10-14 04:30:51,749 [INFO] WiFi is working.
2025-10-14 04:31:07,773 [INFO] WiFi is working.
2025-10-14 04:31:23,799 [INFO] WiFi is working.
2025-10-14 04:31:39,822 [INFO] WiFi is working.
2025-10-14 04:31:55,848 [INFO] WiFi is working.
2025-10-14 04:32:11,866 [INFO] WiFi is working.
2025-10-14 04:32:27,890 [INFO] WiFi is working.
2025-10-14 04:32:43,912 [INFO] WiFi is working.
2025-10-14 04:32:59,943 [INFO] WiFi is working.
2025-10-14 04:33:15,967 [INFO] WiFi is working.
2025-10-14 04:33:31,989 [INFO] WiFi is working.
2025-10-14 04:33:48,006 [INFO] WiFi is working.
2025-10-14 04:34:04,033 [INFO] WiFi is working.
2025-10-14 04:34:20,056 [INFO] WiFi is working.
2025-10-14 04:34:36,074 [INFO] WiFi is working.
2025-10-14 04:34:52,097 [INFO] WiFi is working.
2025-10-14 04:35:08,119 [INFO] WiFi is working.
2025-10-14 04:35:24,144 [INFO] WiFi is working.
2025-10-14 04:35:40,175 [INFO] WiFi is working.
2025-10-14 04:35:56,204 [INFO] WiFi is working.
2025-10-14 04:36:12,226 [INFO] WiFi is working.
2025-10-14 04:36:28,251 [INFO] WiFi is working.
2025-10-14 04:36:44,273 [INFO] WiFi is working.
2025-10-14 04:37:00,295 [INFO] WiFi is working.
2025-10-14 04:37:16,315 [INFO] WiFi is working.
2025-10-14 04:37:32,337 [INFO] WiFi is working.
2025-10-14 04:37:48,359 [INFO] WiFi is working.
2025-10-14 04:38:04,384 [INFO] WiFi is working.
2025-10-14 04:38:20,410 [INFO] WiFi is working.
2025-10-14 04:38:36,432 [INFO] WiFi is working.
2025-10-14 04:38:52,454 [INFO] WiFi is working.
2025-10-14 04:39:08,477 [INFO] WiFi is working.
2025-10-14 04:39:24,496 [INFO] WiFi is working.
2025-10-14 04:39:40,518 [INFO] WiFi is working.
2025-10-14 04:39:56,541 [INFO] WiFi is working.
2025-10-14 04:40:12,565 [INFO] WiFi is working.
2025-10-14 04:40:28,586 [INFO] WiFi is working.
2025-10-14 04:40:44,607 [INFO] WiFi is working.
2025-10-14 04:41:00,629 [INFO] WiFi is working.
2025-10-14 04:41:16,651 [INFO] WiFi is working.
2025-10-14 04:41:32,676 [INFO] WiFi is working.
2025-10-14 04:41:48,700 [INFO] WiFi is working.
2025-10-14 04:42:04,726 [INFO] WiFi is working.
2025-10-14 04:42:20,749 [INFO] WiFi is working.
2025-10-14 04:42:36,780 [INFO] WiFi is working.
2025-10-14 04:42:52,802 [INFO] WiFi is working.
2025-10-14 04:43:08,837 [INFO] WiFi is working.
2025-10-14 04:43:24,861 [INFO] WiFi is working.
2025-10-14 04:43:40,883 [INFO] WiFi is working.
2025-10-14 04:43:56,908 [INFO] WiFi is working.
2025-10-14 04:44:12,926 [INFO] WiFi is working.
2025-10-14 04:44:28,948 [INFO] WiFi is working.
2025-10-14 04:44:44,970 [INFO] WiFi is working.
2025-10-14 04:45:00,991 [INFO] WiFi is working.
2025-10-14 04:45:17,016 [INFO] WiFi is working.
2025-10-14 04:45:33,037 [INFO] WiFi is working.
2025-10-14 04:45:49,059 [INFO] WiFi is working.
2025-10-14 04:46:05,085 [INFO] WiFi is working.
2025-10-14 04:46:21,110 [INFO] WiFi is working.
2025-10-14 04:46:37,130 [INFO] WiFi is working.
2025-10-14 04:46:53,156 [INFO] WiFi is working.
2025-10-14 04:47:09,178 [INFO] WiFi is working.
2025-10-14 04:47:25,204 [INFO] WiFi is working.
2025-10-14 04:47:41,227 [INFO] WiFi is working.
2025-10-14 04:47:57,248 [INFO] WiFi is working.
2025-10-14 04:48:13,269 [INFO] WiFi is working.
2025-10-14 04:48:29,291 [INFO] WiFi is working.
2025-10-14 04:48:45,311 [INFO] WiFi is working.
2025-10-14 04:49:01,334 [INFO] WiFi is working.
2025-10-14 04:49:17,364 [INFO] WiFi is working.
2025-10-14 04:49:33,390 [INFO] WiFi is working.
2025-10-14 04:49:49,413 [INFO] WiFi is working.
2025-10-14 04:50:05,434 [INFO] WiFi is working.
2025-10-14 04:50:21,458 [INFO] WiFi is working.
2025-10-14 04:50:37,480 [INFO] WiFi is working.
2025-10-14 04:50:53,503 [INFO] WiFi is working.
2025-10-14 04:51:09,527 [INFO] WiFi is working.
2025-10-14 04:51:25,552 [INFO] WiFi is working.
2025-10-14 04:51:41,575 [INFO] WiFi is working.
2025-10-14 04:51:57,600 [INFO] WiFi is working.
2025-10-14 04:52:13,622 [INFO] WiFi is working.
2025-10-14 04:52:29,646 [INFO] WiFi is working.
2025-10-14 04:52:45,670 [INFO] WiFi is working.
2025-10-14 04:53:01,689 [INFO] WiFi is working.
2025-10-14 04:53:17,707 [INFO] WiFi is working.
2025-10-14 04:53:33,732 [INFO] WiFi is working.
2025-10-14 04:53:49,753 [INFO] WiFi is working.
2025-10-14 04:54:05,778 [INFO] WiFi is working.
2025-10-14 04:54:21,799 [INFO] WiFi is working.
2025-10-14 04:54:37,820 [INFO] WiFi is working.
2025-10-14 04:54:53,842 [INFO] WiFi is working.
2025-10-14 04:55:09,868 [INFO] WiFi is working.
2025-10-14 04:55:25,890 [INFO] WiFi is working.
2025-10-14 04:55:41,915 [INFO] WiFi is working.
2025-10-14 04:55:57,940 [INFO] WiFi is working.
2025-10-14 04:56:13,961 [INFO] WiFi is working.
2025-10-14 04:56:29,983 [INFO] WiFi is working.
2025-10-14 04:56:46,006 [INFO] WiFi is working.
2025-10-14 04:57:02,032 [INFO] WiFi is working.
2025-10-14 04:57:18,057 [INFO] WiFi is working.
2025-10-14 04:57:34,079 [INFO] WiFi is working.
2025-10-14 04:57:50,098 [INFO] WiFi is working.
2025-10-14 04:58:06,117 [INFO] WiFi is working.
2025-10-14 04:58:22,142 [INFO] WiFi is working.
2025-10-14 04:58:38,163 [INFO] WiFi is working.
2025-10-14 04:58:54,184 [INFO] WiFi is working.
2025-10-14 04:59:10,204 [INFO] WiFi is working.
2025-10-14 04:59:26,229 [INFO] WiFi is working.
2025-10-14 04:59:42,251 [INFO] WiFi is working.
2025-10-14 04:59:58,274 [INFO] WiFi is working.
2025-10-14 05:00:14,294 [INFO] WiFi is working.
2025-10-14 05:00:30,316 [INFO] WiFi is working.
2025-10-14 05:00:46,338 [INFO] WiFi is working.
2025-10-14 05:01:02,360 [INFO] WiFi is working.
2025-10-14 05:01:18,385 [INFO] WiFi is working.
2025-10-14 05:01:34,408 [INFO] WiFi is working.
2025-10-14 05:01:50,426 [INFO] WiFi is working.
2025-10-14 05:02:06,452 [INFO] WiFi is working.
2025-10-14 05:02:22,470 [INFO] WiFi is working.
2025-10-14 05:02:38,488 [INFO] WiFi is working.
2025-10-14 05:02:54,516 [INFO] WiFi is working.
2025-10-14 05:03:10,542 [INFO] WiFi is working.
2025-10-14 05:03:26,564 [INFO] WiFi is working.
2025-10-14 05:03:42,589 [INFO] WiFi is working.
2025-10-14 05:03:58,613 [INFO] WiFi is working.
2025-10-14 05:04:14,638 [INFO] WiFi is working.
2025-10-14 05:04:30,660 [INFO] WiFi is working.
2025-10-14 05:04:46,678 [INFO] WiFi is working.
2025-10-14 05:05:02,700 [INFO] WiFi is working.
2025-10-14 05:05:18,721 [INFO] WiFi is working.
2025-10-14 05:05:34,741 [INFO] WiFi is working.
2025-10-14 05:05:50,765 [INFO] WiFi is working.
2025-10-14 05:06:06,787 [INFO] WiFi is working.
2025-10-14 05:06:22,809 [INFO] WiFi is working.
2025-10-14 05:06:38,831 [INFO] WiFi is working.
2025-10-14 05:06:54,855 [INFO] WiFi is working.
2025-10-14 05:07:10,880 [INFO] WiFi is working.
2025-10-14 05:07:26,898 [INFO] WiFi is working.
2025-10-14 05:07:42,924 [INFO] WiFi is working.
2025-10-14 05:07:58,950 [INFO] WiFi is working.
2025-10-14 05:08:14,976 [INFO] WiFi is working.
2025-10-14 05:08:30,998 [INFO] WiFi is working.
2025-10-14 05:08:47,018 [INFO] WiFi is working.
2025-10-14 05:09:03,040 [INFO] WiFi is working.
2025-10-14 05:09:19,062 [INFO] WiFi is working.
2025-10-14 05:09:35,084 [INFO] WiFi is working.
2025-10-14 05:09:51,109 [INFO] WiFi is working.
2025-10-14 05:10:07,131 [INFO] WiFi is working.
2025-10-14 05:10:23,154 [INFO] WiFi is working.
2025-10-14 05:10:39,179 [INFO] WiFi is working.
2025-10-14 05:10:55,205 [INFO] WiFi is working.
2025-10-14 05:11:11,229 [INFO] WiFi is working.
2025-10-14 05:11:27,252 [INFO] WiFi is working.
2025-10-14 05:11:43,273 [INFO] WiFi is working.
2025-10-14 05:11:59,298 [INFO] WiFi is working.
2025-10-14 05:12:15,320 [INFO] WiFi is working.
2025-10-14 05:12:31,342 [INFO] WiFi is working.
2025-10-14 05:12:47,364 [INFO] WiFi is working.
2025-10-14 05:13:03,386 [INFO] WiFi is working.
2025-10-14 05:13:19,408 [INFO] WiFi is working.
2025-10-14 05:13:35,430 [INFO] WiFi is working.
2025-10-14 05:13:51,448 [INFO] WiFi is working.
2025-10-14 05:14:07,470 [INFO] WiFi is working.
2025-10-14 05:14:23,488 [INFO] WiFi is working.
2025-10-14 05:14:39,510 [INFO] WiFi is working.
2025-10-14 05:14:55,532 [INFO] WiFi is working.
2025-10-14 05:15:11,557 [INFO] WiFi is working.
2025-10-14 05:15:27,574 [INFO] WiFi is working.
2025-10-14 05:15:43,592 [INFO] WiFi is working.
2025-10-14 05:15:59,616 [INFO] WiFi is working.
2025-10-14 05:16:15,641 [INFO] WiFi is working.
2025-10-14 05:16:31,662 [INFO] WiFi is working.
2025-10-14 05:16:47,684 [INFO] WiFi is working.
2025-10-14 05:17:03,708 [INFO] WiFi is working.
2025-10-14 05:17:19,730 [INFO] WiFi is working.
2025-10-14 05:17:35,752 [INFO] WiFi is working.
2025-10-14 05:17:51,772 [INFO] WiFi is working.
2025-10-14 05:18:07,790 [INFO] WiFi is working.
2025-10-14 05:18:23,812 [INFO] WiFi is working.
2025-10-14 05:18:39,836 [INFO] WiFi is working.
2025-10-14 05:18:55,858 [INFO] WiFi is working.
2025-10-14 05:19:11,882 [INFO] WiFi is working.
2025-10-14 05:19:27,904 [INFO] WiFi is working.
2025-10-14 05:19:43,926 [INFO] WiFi is working.
2025-10-14 05:19:59,947 [INFO] WiFi is working.
2025-10-14 05:20:15,969 [INFO] WiFi is working.
2025-10-14 05:20:31,991 [INFO] WiFi is working.
2025-10-14 05:20:48,013 [INFO] WiFi is working.
2025-10-14 05:21:04,036 [INFO] WiFi is working.
2025-10-14 05:21:20,058 [INFO] WiFi is working.
2025-10-14 05:21:36,080 [INFO] WiFi is working.
2025-10-14 05:21:52,100 [INFO] WiFi is working.
2025-10-14 05:22:08,122 [INFO] WiFi is working.
2025-10-14 05:22:24,147 [INFO] WiFi is working.
2025-10-14 05:22:40,169 [INFO] WiFi is working.
2025-10-14 05:22:56,192 [INFO] WiFi is working.
2025-10-14 05:23:12,213 [INFO] WiFi is working.
2025-10-14 05:23:28,235 [INFO] WiFi is working.
2025-10-14 05:23:44,256 [INFO] WiFi is working.
2025-10-14 05:24:00,278 [INFO] WiFi is working.
2025-10-14 05:24:16,299 [INFO] WiFi is working.
2025-10-14 05:24:32,326 [INFO] WiFi is working.
2025-10-14 05:24:48,349 [INFO] WiFi is working.
2025-10-14 05:25:04,371 [INFO] WiFi is working.
2025-10-14 05:25:20,394 [INFO] WiFi is working.
2025-10-14 05:25:36,420 [INFO] WiFi is working.
2025-10-14 05:25:52,444 [INFO] WiFi is working.
2025-10-14 05:26:08,473 [INFO] WiFi is working.
2025-10-14 05:26:24,495 [INFO] WiFi is working.
2025-10-14 05:26:40,519 [INFO] WiFi is working.
2025-10-14 05:26:56,547 [INFO] WiFi is working.
2025-10-14 05:27:12,564 [INFO] WiFi is working.
2025-10-14 05:27:28,583 [INFO] WiFi is working.
2025-10-14 05:27:44,605 [INFO] WiFi is working.
2025-10-14 05:28:00,630 [INFO] WiFi is working.
2025-10-14 05:28:16,654 [INFO] WiFi is working.
2025-10-14 05:28:32,680 [INFO] WiFi is working.
2025-10-14 05:28:48,703 [INFO] WiFi is working.
2025-10-14 05:29:04,726 [INFO] WiFi is working.
2025-10-14 05:29:20,748 [INFO] WiFi is working.
2025-10-14 05:29:36,770 [INFO] WiFi is working.
2025-10-14 05:29:52,795 [INFO] WiFi is working.
2025-10-14 05:30:08,816 [INFO] WiFi is working.
2025-10-14 05:30:24,842 [INFO] WiFi is working.
2025-10-14 05:30:40,867 [INFO] WiFi is working.
2025-10-14 05:30:56,888 [INFO] WiFi is working.
2025-10-14 05:31:12,909 [INFO] WiFi is working.
2025-10-14 05:31:28,931 [INFO] WiFi is working.
2025-10-14 05:31:44,953 [INFO] WiFi is working.
2025-10-14 05:32:00,976 [INFO] WiFi is working.
2025-10-14 05:32:17,000 [INFO] WiFi is working.
2025-10-14 05:32:33,023 [INFO] WiFi is working.
2025-10-14 05:32:49,042 [INFO] WiFi is working.
2025-10-14 05:33:05,064 [INFO] WiFi is working.
2025-10-14 05:33:21,085 [INFO] WiFi is working.
2025-10-14 05:33:37,107 [INFO] WiFi is working.
2025-10-14 05:33:53,133 [INFO] WiFi is working.
2025-10-14 05:34:09,156 [INFO] WiFi is working.
2025-10-14 05:34:25,178 [INFO] WiFi is working.
2025-10-14 05:34:41,200 [INFO] WiFi is working.
2025-10-14 05:34:57,231 [INFO] WiFi is working.
2025-10-14 05:35:13,257 [INFO] WiFi is working.
2025-10-14 05:35:29,279 [INFO] WiFi is working.
2025-10-14 05:35:45,302 [INFO] WiFi is working.
2025-10-14 05:36:01,324 [INFO] WiFi is working.
2025-10-14 05:36:17,345 [INFO] WiFi is working.
2025-10-14 05:36:33,366 [INFO] WiFi is working.
2025-10-14 05:36:49,390 [INFO] WiFi is working.
2025-10-14 05:37:05,411 [INFO] WiFi is working.
2025-10-14 05:37:21,432 [INFO] WiFi is working.
2025-10-14 05:37:37,450 [INFO] WiFi is working.
2025-10-14 05:37:53,472 [INFO] WiFi is working.
2025-10-14 05:38:09,496 [INFO] WiFi is working.
2025-10-14 05:38:25,519 [INFO] WiFi is working.
2025-10-14 05:38:41,538 [INFO] WiFi is working.
2025-10-14 05:38:57,559 [INFO] WiFi is working.
2025-10-14 05:39:13,580 [INFO] WiFi is working.
2025-10-14 05:39:29,601 [INFO] WiFi is working.
2025-10-14 05:39:45,624 [INFO] WiFi is working.
2025-10-14 05:40:01,642 [INFO] WiFi is working.
2025-10-14 05:40:17,663 [INFO] WiFi is working.
2025-10-14 05:40:33,689 [INFO] WiFi is working.
2025-10-14 05:40:49,711 [INFO] WiFi is working.
2025-10-14 05:41:05,733 [INFO] WiFi is working.
2025-10-14 05:41:21,755 [INFO] WiFi is working.
2025-10-14 05:41:37,781 [INFO] WiFi is working.
2025-10-14 05:41:53,806 [INFO] WiFi is working.
2025-10-14 05:42:09,828 [INFO] WiFi is working.
2025-10-14 05:42:25,850 [INFO] WiFi is working.
2025-10-14 05:42:41,871 [INFO] WiFi is working.
2025-10-14 05:42:57,889 [INFO] WiFi is working.
2025-10-14 05:43:13,910 [INFO] WiFi is working.
2025-10-14 05:43:29,936 [INFO] WiFi is working.
2025-10-14 05:43:45,958 [INFO] WiFi is working.
2025-10-14 05:44:01,979 [INFO] WiFi is working.
2025-10-14 05:44:18,004 [INFO] WiFi is working.
2025-10-14 05:44:34,026 [INFO] WiFi is working.
2025-10-14 05:44:50,050 [INFO] WiFi is working.
2025-10-14 05:45:06,072 [INFO] WiFi is working.
2025-10-14 05:45:22,093 [INFO] WiFi is working.
2025-10-14 05:45:38,118 [INFO] WiFi is working.
2025-10-14 05:45:54,143 [INFO] WiFi is working.
2025-10-14 05:46:10,166 [INFO] WiFi is working.
2025-10-14 05:46:26,191 [INFO] WiFi is working.
2025-10-14 05:46:42,212 [INFO] WiFi is working.
2025-10-14 05:46:58,238 [INFO] WiFi is working.
2025-10-14 05:47:14,257 [INFO] WiFi is working.
2025-10-14 05:47:30,282 [INFO] WiFi is working.
2025-10-14 05:47:46,306 [INFO] WiFi is working.
2025-10-14 05:48:02,332 [INFO] WiFi is working.
2025-10-14 05:48:18,354 [INFO] WiFi is working.
2025-10-14 05:48:34,377 [INFO] WiFi is working.
2025-10-14 05:48:50,399 [INFO] WiFi is working.
2025-10-14 05:49:06,422 [INFO] WiFi is working.
2025-10-14 05:49:22,448 [INFO] WiFi is working.
2025-10-14 05:49:38,470 [INFO] WiFi is working.
2025-10-14 05:49:54,494 [INFO] WiFi is working.
2025-10-14 05:50:10,516 [INFO] WiFi is working.
2025-10-14 05:50:26,538 [INFO] WiFi is working.
2025-10-14 05:50:42,557 [INFO] WiFi is working.
2025-10-14 05:50:58,578 [INFO] WiFi is working.
2025-10-14 05:51:14,600 [INFO] WiFi is working.
2025-10-14 05:51:30,624 [INFO] WiFi is working.
2025-10-14 05:51:46,647 [INFO] WiFi is working.
2025-10-14 05:52:02,667 [INFO] WiFi is working.
2025-10-14 05:52:18,689 [INFO] WiFi is working.
2025-10-14 05:52:34,710 [INFO] WiFi is working.
2025-10-14 05:52:50,732 [INFO] WiFi is working.
2025-10-14 05:53:06,756 [INFO] WiFi is working.
2025-10-14 05:53:22,778 [INFO] WiFi is working.
2025-10-14 05:53:38,796 [INFO] WiFi is working.
2025-10-14 05:53:54,818 [INFO] WiFi is working.
2025-10-14 05:54:10,840 [INFO] WiFi is working.
2025-10-14 05:54:26,864 [INFO] WiFi is working.
2025-10-14 05:54:42,885 [INFO] WiFi is working.
2025-10-14 05:54:58,910 [INFO] WiFi is working.
2025-10-14 05:55:14,932 [INFO] WiFi is working.
2025-10-14 05:55:30,956 [INFO] WiFi is working.
2025-10-14 05:55:46,980 [INFO] WiFi is working.
2025-10-14 05:56:03,005 [INFO] WiFi is working.
2025-10-14 05:56:19,030 [INFO] WiFi is working.
2025-10-14 05:56:35,052 [INFO] WiFi is working.
2025-10-14 05:56:51,074 [INFO] WiFi is working.
2025-10-14 05:57:07,099 [INFO] WiFi is working.
2025-10-14 05:57:23,120 [INFO] WiFi is working.
2025-10-14 05:57:39,145 [INFO] WiFi is working.
2025-10-14 05:57:55,163 [INFO] WiFi is working.
2025-10-14 05:58:11,186 [INFO] WiFi is working.
2025-10-14 05:58:27,208 [INFO] WiFi is working.
2025-10-14 05:58:43,230 [INFO] WiFi is working.
2025-10-14 05:58:59,251 [INFO] WiFi is working.
2025-10-14 05:59:15,272 [INFO] WiFi is working.
2025-10-14 05:59:31,293 [INFO] WiFi is working.
2025-10-14 05:59:47,317 [INFO] WiFi is working.
2025-10-14 06:00:03,339 [INFO] WiFi is working.
2025-10-14 06:00:19,360 [INFO] WiFi is working.
2025-10-14 06:00:35,383 [INFO] WiFi is working.
2025-10-14 06:00:51,405 [INFO] WiFi is working.
2025-10-14 06:01:07,428 [INFO] WiFi is working.
2025-10-14 06:01:23,451 [INFO] WiFi is working.
2025-10-14 06:01:39,474 [INFO] WiFi is working.
2025-10-14 06:01:55,496 [INFO] WiFi is working.
2025-10-14 06:02:11,515 [INFO] WiFi is working.
2025-10-14 06:02:27,540 [INFO] WiFi is working.
2025-10-14 06:02:43,557 [INFO] WiFi is working.
2025-10-14 06:02:59,581 [INFO] WiFi is working.
2025-10-14 06:03:15,603 [INFO] WiFi is working.
2025-10-14 06:03:31,624 [INFO] WiFi is working.
2025-10-14 06:03:47,645 [INFO] WiFi is working.
2025-10-14 06:04:03,666 [INFO] WiFi is working.
2025-10-14 06:04:19,688 [INFO] WiFi is working.
2025-10-14 06:04:35,710 [INFO] WiFi is working.
2025-10-14 06:04:51,732 [INFO] WiFi is working.
2025-10-14 06:05:07,753 [INFO] WiFi is working.
2025-10-14 06:05:23,778 [INFO] WiFi is working.
2025-10-14 06:05:39,801 [INFO] WiFi is working.
2025-10-14 06:05:55,823 [INFO] WiFi is working.
2025-10-14 06:06:11,845 [INFO] WiFi is working.
2025-10-14 06:06:27,875 [INFO] WiFi is working.
2025-10-14 06:06:43,904 [INFO] WiFi is working.
2025-10-14 06:06:59,925 [INFO] WiFi is working.
2025-10-14 06:07:15,948 [INFO] WiFi is working.
2025-10-14 06:07:31,966 [INFO] WiFi is working.
2025-10-14 06:07:47,993 [INFO] WiFi is working.
2025-10-14 06:08:04,018 [INFO] WiFi is working.
2025-10-14 06:08:20,041 [INFO] WiFi is working.
2025-10-14 06:08:36,063 [INFO] WiFi is working.
2025-10-14 06:08:52,084 [INFO] WiFi is working.
2025-10-14 06:09:08,105 [INFO] WiFi is working.
2025-10-14 06:09:24,130 [INFO] WiFi is working.
2025-10-14 06:09:40,155 [INFO] WiFi is working.
2025-10-14 06:09:56,176 [INFO] WiFi is working.
2025-10-14 06:10:12,200 [INFO] WiFi is working.
2025-10-14 06:10:28,222 [INFO] WiFi is working.
2025-10-14 06:10:44,243 [INFO] WiFi is working.
2025-10-14 06:11:00,268 [INFO] WiFi is working.
2025-10-14 06:11:16,291 [INFO] WiFi is working.
2025-10-14 06:11:32,316 [INFO] WiFi is working.
2025-10-14 06:11:48,333 [INFO] WiFi is working.
2025-10-14 06:12:04,356 [INFO] WiFi is working.
2025-10-14 06:12:20,375 [INFO] WiFi is working.
2025-10-14 06:12:36,397 [INFO] WiFi is working.
2025-10-14 06:12:52,419 [INFO] WiFi is working.
2025-10-14 06:13:08,441 [INFO] WiFi is working.
2025-10-14 06:13:24,465 [INFO] WiFi is working.
2025-10-14 06:13:40,486 [INFO] WiFi is working.
2025-10-14 06:13:56,508 [INFO] WiFi is working.
2025-10-14 06:14:12,532 [INFO] WiFi is working.
2025-10-14 06:14:28,557 [INFO] WiFi is working.
2025-10-14 06:14:44,580 [INFO] WiFi is working.
2025-10-14 06:15:00,604 [INFO] WiFi is working.
2025-10-14 06:15:16,625 [INFO] WiFi is working.
2025-10-14 06:15:32,645 [INFO] WiFi is working.
2025-10-14 06:15:48,667 [INFO] WiFi is working.
2025-10-14 06:16:04,690 [INFO] WiFi is working.
2025-10-14 06:16:20,713 [INFO] WiFi is working.
2025-10-14 06:16:36,732 [INFO] WiFi is working.
2025-10-14 06:16:52,753 [INFO] WiFi is working.
                                                2025-10-14 06:17:12,598 [INFO] WiFi is working.
2025-10-14 06:17:28,623 [INFO] WiFi is working.
2025-10-14 06:17:44,644 [INFO] WiFi is working.
2025-10-14 06:18:00,670 [INFO] WiFi is working.
2025-10-14 06:18:16,695 [INFO] WiFi is working.
2025-10-14 06:18:32,722 [INFO] WiFi is working.
2025-10-14 06:18:48,746 [INFO] WiFi is working.
2025-10-14 06:19:04,768 [INFO] WiFi is working.
2025-10-14 18:18:27,066 [INFO] WiFi is working.
2025-10-14 18:18:43,096 [INFO] WiFi is working.
2025-10-14 18:18:59,123 [INFO] WiFi is working.
2025-10-14 18:19:15,147 [INFO] WiFi is working.
2025-10-14 18:19:31,173 [INFO] WiFi is working.
2025-10-14 18:19:47,196 [INFO] WiFi is working.
2025-10-14 18:20:03,217 [INFO] WiFi is working.
2025-10-14 18:20:19,243 [INFO] WiFi is working.
2025-10-14 18:20:35,269 [INFO] WiFi is working.
2025-10-14 18:20:51,295 [INFO] WiFi is working.
2025-10-14 18:21:07,320 [INFO] WiFi is working.
2025-10-14 18:21:23,347 [INFO] WiFi is working.
2025-10-14 18:21:39,371 [INFO] WiFi is working.
2025-10-14 18:21:55,393 [INFO] WiFi is working.
2025-10-14 18:22:11,418 [INFO] WiFi is working.
2025-10-14 18:22:27,439 [INFO] WiFi is working.
2025-10-14 18:22:43,461 [INFO] WiFi is working.
2025-10-14 18:22:59,487 [INFO] WiFi is working.
2025-10-14 18:23:15,514 [INFO] WiFi is working.
2025-10-14 18:23:31,540 [INFO] WiFi is working.
2025-10-14 18:23:47,566 [INFO] WiFi is working.
2025-10-14 18:24:03,595 [INFO] WiFi is working.
2025-10-14 18:24:19,626 [INFO] WiFi is working.
2025-10-14 18:24:35,649 [INFO] WiFi is working.
2025-10-14 18:24:51,669 [INFO] WiFi is working.
2025-10-14 18:25:07,694 [INFO] WiFi is working.
2025-10-14 18:25:23,720 [INFO] WiFi is working.
2025-10-14 18:25:39,747 [INFO] WiFi is working.
2025-10-14 18:25:55,769 [INFO] WiFi is working.
2025-10-14 18:26:11,795 [INFO] WiFi is working.
2025-10-14 18:26:27,821 [INFO] WiFi is working.
2025-10-14 18:26:43,848 [INFO] WiFi is working.
2025-10-14 18:26:59,873 [INFO] WiFi is working.
2025-10-14 18:27:15,899 [INFO] WiFi is working.
2025-10-14 18:27:31,925 [INFO] WiFi is working.
2025-10-14 18:27:47,952 [INFO] WiFi is working.
2025-10-14 18:28:03,978 [INFO] WiFi is working.
2025-10-14 18:28:20,004 [INFO] WiFi is working.
2025-10-14 18:28:36,026 [INFO] WiFi is working.
2025-10-14 18:28:52,044 [INFO] WiFi is working.
2025-10-14 18:29:08,064 [INFO] WiFi is working.
2025-10-14 18:29:24,085 [INFO] WiFi is working.
2025-10-14 18:29:40,109 [INFO] WiFi is working.
2025-10-14 18:29:56,130 [INFO] WiFi is working.
2025-10-14 18:30:12,151 [INFO] WiFi is working.
2025-10-14 18:30:28,176 [INFO] WiFi is working.
2025-10-14 18:30:44,199 [INFO] WiFi is working.
2025-10-14 18:31:00,224 [INFO] WiFi is working.
2025-10-14 18:31:16,246 [INFO] WiFi is working.
2025-10-14 18:31:32,271 [INFO] WiFi is working.
2025-10-14 18:31:48,295 [INFO] WiFi is working.
2025-10-14 18:32:04,314 [INFO] WiFi is working.
2025-10-14 18:32:20,339 [INFO] WiFi is working.
2025-10-14 18:32:36,361 [INFO] WiFi is working.
2025-10-14 18:32:52,379 [INFO] WiFi is working.
2025-10-14 18:33:08,404 [INFO] WiFi is working.
2025-10-14 18:33:24,426 [INFO] WiFi is working.
2025-10-14 18:33:40,447 [INFO] WiFi is working.
2025-10-14 18:33:56,473 [INFO] WiFi is working.
2025-10-14 18:34:12,495 [INFO] WiFi is working.
2025-10-14 18:34:28,516 [INFO] WiFi is working.
2025-10-14 18:34:44,536 [INFO] WiFi is working.
2025-10-14 18:35:00,556 [INFO] WiFi is working.
2025-10-14 18:35:16,578 [INFO] WiFi is working.
2025-10-14 18:35:32,598 [INFO] WiFi is working.
2025-10-14 18:35:48,619 [INFO] WiFi is working.
2025-10-14 18:36:04,638 [INFO] WiFi is working.
2025-10-14 18:36:20,661 [INFO] WiFi is working.
2025-10-14 18:36:36,684 [INFO] WiFi is working.
2025-10-14 18:36:52,704 [INFO] WiFi is working.
2025-10-14 18:37:08,725 [INFO] WiFi is working.
2025-10-14 18:37:24,748 [INFO] WiFi is working.
2025-10-14 18:37:40,772 [INFO] WiFi is working.
2025-10-14 18:37:56,795 [INFO] WiFi is working.
2025-10-14 18:38:12,816 [INFO] WiFi is working.
2025-10-14 18:38:28,841 [INFO] WiFi is working.
2025-10-14 18:38:44,865 [INFO] WiFi is working.
2025-10-14 18:39:00,884 [INFO] WiFi is working.
2025-10-14 18:39:16,902 [INFO] WiFi is working.
2025-10-14 18:39:32,921 [INFO] WiFi is working.
2025-10-14 18:39:48,942 [INFO] WiFi is working.
2025-10-14 18:40:04,967 [INFO] WiFi is working.
2025-10-14 18:40:20,991 [INFO] WiFi is working.
2025-10-14 18:40:37,014 [INFO] WiFi is working.
2025-10-14 18:40:53,038 [INFO] WiFi is working.
2025-10-14 18:41:09,061 [INFO] WiFi is working.
2025-10-14 18:41:25,083 [INFO] WiFi is working.
2025-10-14 18:41:41,104 [INFO] WiFi is working.
2025-10-14 18:41:57,127 [INFO] WiFi is working.
2025-10-14 18:42:13,149 [INFO] WiFi is working.
2025-10-14 18:42:29,170 [INFO] WiFi is working.
2025-10-14 18:42:45,194 [INFO] WiFi is working.
2025-10-14 18:43:01,213 [INFO] WiFi is working.
2025-10-14 18:43:17,237 [INFO] WiFi is working.
2025-10-14 18:43:33,262 [INFO] WiFi is working.
2025-10-14 18:43:49,285 [INFO] WiFi is working.
2025-10-14 18:44:05,307 [INFO] WiFi is working.
2025-10-14 18:44:21,329 [INFO] WiFi is working.
2025-10-14 18:44:37,352 [INFO] WiFi is working.
2025-10-14 18:44:53,374 [INFO] WiFi is working.
2025-10-14 18:45:09,399 [INFO] WiFi is working.
2025-10-14 18:45:25,417 [INFO] WiFi is working.
2025-10-14 18:45:41,435 [INFO] WiFi is working.
2025-10-14 18:45:57,452 [INFO] WiFi is working.
2025-10-14 18:46:13,471 [INFO] WiFi is working.
2025-10-14 18:46:29,489 [INFO] WiFi is working.
2025-10-14 18:46:45,508 [INFO] WiFi is working.
2025-10-14 18:47:01,527 [INFO] WiFi is working.
2025-10-14 18:47:17,545 [INFO] WiFi is working.
2025-10-14 18:47:33,563 [INFO] WiFi is working.
2025-10-14 18:47:49,582 [INFO] WiFi is working.
2025-10-14 18:48:05,604 [INFO] WiFi is working.
2025-10-14 18:48:21,623 [INFO] WiFi is working.
2025-10-14 18:48:37,649 [INFO] WiFi is working.
2025-10-14 18:48:53,667 [INFO] WiFi is working.
2025-10-14 18:49:09,685 [INFO] WiFi is working.
2025-10-14 18:49:25,702 [INFO] WiFi is working.
2025-10-14 18:49:41,723 [INFO] WiFi is working.
2025-10-14 18:49:57,748 [INFO] WiFi is working.
2025-10-14 18:50:13,771 [INFO] WiFi is working.
2025-10-14 18:50:29,792 [INFO] WiFi is working.
2025-10-14 18:50:45,817 [INFO] WiFi is working.
2025-10-14 18:51:01,840 [INFO] WiFi is working.
2025-10-14 18:51:17,865 [INFO] WiFi is working.
2025-10-14 18:51:33,887 [INFO] WiFi is working.
2025-10-14 18:51:49,908 [INFO] WiFi is working.
2025-10-14 18:52:05,930 [INFO] WiFi is working.
2025-10-14 18:52:21,952 [INFO] WiFi is working.
2025-10-14 18:52:37,974 [INFO] WiFi is working.
2025-10-14 18:52:53,996 [INFO] WiFi is working.
2025-10-14 18:53:10,017 [INFO] WiFi is working.
2025-10-14 18:53:26,039 [INFO] WiFi is working.
2025-10-14 18:53:42,059 [INFO] WiFi is working.
2025-10-14 18:53:58,077 [INFO] WiFi is working.
2025-10-14 18:54:14,095 [INFO] WiFi is working.
2025-10-14 18:54:30,117 [INFO] WiFi is working.
2025-10-14 18:54:46,137 [INFO] WiFi is working.
2025-10-14 18:55:02,162 [INFO] WiFi is working.
2025-10-14 18:55:18,180 [INFO] WiFi is working.
2025-10-14 18:55:34,201 [INFO] WiFi is working.
2025-10-14 18:55:50,224 [INFO] WiFi is working.
2025-10-14 18:56:06,245 [INFO] WiFi is working.
2025-10-14 18:56:22,264 [INFO] WiFi is working.
2025-10-14 18:56:38,286 [INFO] WiFi is working.
2025-10-14 18:56:54,309 [INFO] WiFi is working.
2025-10-14 18:57:10,330 [INFO] WiFi is working.
2025-10-14 18:57:26,352 [INFO] WiFi is working.
2025-10-14 18:57:42,375 [INFO] WiFi is working.
2025-10-14 18:57:58,396 [INFO] WiFi is working.
2025-10-14 18:58:14,414 [INFO] WiFi is working.
2025-10-14 18:58:30,440 [INFO] WiFi is working.
2025-10-14 18:58:46,462 [INFO] WiFi is working.
2025-10-14 18:59:02,487 [INFO] WiFi is working.
2025-10-14 18:59:18,508 [INFO] WiFi is working.
2025-10-14 18:59:34,530 [INFO] WiFi is working.
2025-10-14 18:59:50,554 [INFO] WiFi is working.
2025-10-14 19:00:06,576 [INFO] WiFi is working.
2025-10-14 19:00:22,599 [INFO] WiFi is working.
2025-10-14 19:00:38,620 [INFO] WiFi is working.
2025-10-14 19:00:54,638 [INFO] WiFi is working.
2025-10-14 19:01:10,665 [INFO] WiFi is working.
2025-10-14 19:01:26,687 [INFO] WiFi is working.
2025-10-14 19:01:42,707 [INFO] WiFi is working.
2025-10-14 19:01:58,730 [INFO] WiFi is working.
2025-10-14 19:02:14,752 [INFO] WiFi is working.
2025-10-14 19:02:30,778 [INFO] WiFi is working.
2025-10-14 19:02:46,800 [INFO] WiFi is working.
2025-10-14 19:03:02,820 [INFO] WiFi is working.
2025-10-14 19:03:18,846 [INFO] WiFi is working.
2025-10-14 19:03:34,865 [INFO] WiFi is working.
2025-10-14 19:03:50,888 [INFO] WiFi is working.
2025-10-14 19:04:06,910 [INFO] WiFi is working.
2025-10-14 19:04:22,931 [INFO] WiFi is working.
2025-10-14 19:04:38,951 [INFO] WiFi is working.
2025-10-14 19:04:54,969 [INFO] WiFi is working.
2025-10-14 19:05:10,992 [INFO] WiFi is working.
2025-10-14 19:05:27,015 [INFO] WiFi is working.
2025-10-14 19:05:43,033 [INFO] WiFi is working.
2025-10-14 19:05:59,051 [INFO] WiFi is working.
2025-10-14 19:06:15,069 [INFO] WiFi is working.
2025-10-14 19:06:31,088 [INFO] WiFi is working.
2025-10-14 19:06:47,113 [INFO] WiFi is working.
2025-10-14 19:07:03,139 [INFO] WiFi is working.
2025-10-14 19:07:19,164 [INFO] WiFi is working.
2025-10-14 19:07:35,185 [INFO] WiFi is working.
2025-10-14 19:07:51,206 [INFO] WiFi is working.
2025-10-14 19:08:07,227 [INFO] WiFi is working.
2025-10-14 19:08:23,250 [INFO] WiFi is working.
2025-10-14 19:08:39,271 [INFO] WiFi is working.
2025-10-14 19:08:55,296 [INFO] WiFi is working.
2025-10-14 19:09:11,320 [INFO] WiFi is working.
2025-10-14 19:09:27,342 [INFO] WiFi is working.
2025-10-14 19:09:43,367 [INFO] WiFi is working.
2025-10-14 19:09:59,389 [INFO] WiFi is working.
2025-10-14 19:10:15,413 [INFO] WiFi is working.
2025-10-14 19:10:31,431 [INFO] WiFi is working.
2025-10-14 19:10:47,457 [INFO] WiFi is working.
2025-10-14 19:11:03,480 [INFO] WiFi is working.
2025-10-14 19:11:19,501 [INFO] WiFi is working.
2025-10-14 19:11:35,521 [INFO] WiFi is working.
2025-10-14 19:11:51,544 [INFO] WiFi is working.
2025-10-14 19:12:07,564 [INFO] WiFi is working.
2025-10-14 19:12:23,582 [INFO] WiFi is working.
2025-10-14 19:12:39,604 [INFO] WiFi is working.
2025-10-14 19:12:55,626 [INFO] WiFi is working.
2025-10-14 19:13:11,647 [INFO] WiFi is working.
2025-10-14 19:13:27,670 [INFO] WiFi is working.
2025-10-14 19:13:43,696 [INFO] WiFi is working.
2025-10-14 19:13:59,716 [INFO] WiFi is working.
2025-10-14 19:14:15,733 [INFO] WiFi is working.
2025-10-14 19:14:31,751 [INFO] WiFi is working.
2025-10-14 19:14:47,769 [INFO] WiFi is working.
2025-10-14 19:15:03,789 [INFO] WiFi is working.
2025-10-14 19:15:19,808 [INFO] WiFi is working.
2025-10-14 19:15:35,826 [INFO] WiFi is working.
2025-10-14 19:15:51,852 [INFO] WiFi is working.
2025-10-14 19:16:07,875 [INFO] WiFi is working.
2025-10-14 19:16:23,900 [INFO] WiFi is working.
2025-10-14 19:16:39,923 [INFO] WiFi is working.
2025-10-14 19:16:55,946 [INFO] WiFi is working.
2025-10-14 19:17:11,972 [INFO] WiFi is working.
2025-10-14 19:17:27,990 [INFO] WiFi is working.
2025-10-14 19:17:44,007 [INFO] WiFi is working.
2025-10-14 19:18:00,026 [INFO] WiFi is working.
2025-10-14 19:18:16,047 [INFO] WiFi is working.
2025-10-14 19:18:32,068 [INFO] WiFi is working.
2025-10-14 19:18:48,091 [INFO] WiFi is working.
2025-10-14 19:19:04,114 [INFO] WiFi is working.
2025-10-14 19:19:20,140 [INFO] WiFi is working.
2025-10-14 19:19:36,163 [INFO] WiFi is working.
2025-10-14 19:19:52,182 [INFO] WiFi is working.
2025-10-14 19:20:08,205 [INFO] WiFi is working.
2025-10-14 19:20:24,228 [INFO] WiFi is working.
2025-10-14 19:20:40,246 [INFO] WiFi is working.
2025-10-14 19:20:56,268 [INFO] WiFi is working.
2025-10-14 19:21:12,289 [INFO] WiFi is working.
2025-10-14 19:21:28,311 [INFO] WiFi is working.
2025-10-14 19:21:44,333 [INFO] WiFi is working.
2025-10-14 19:22:00,353 [INFO] WiFi is working.
2025-10-14 19:22:16,378 [INFO] WiFi is working.
2025-10-14 19:22:32,400 [INFO] WiFi is working.
2025-10-14 19:22:48,423 [INFO] WiFi is working.
2025-10-14 19:23:04,445 [INFO] WiFi is working.
2025-10-14 19:23:20,470 [INFO] WiFi is working.
2025-10-14 19:23:36,495 [INFO] WiFi is working.
2025-10-14 19:23:52,515 [INFO] WiFi is working.
2025-10-14 19:24:08,536 [INFO] WiFi is working.
2025-10-14 19:24:24,558 [INFO] WiFi is working.
2025-10-14 19:24:40,577 [INFO] WiFi is working.
2025-10-14 19:24:56,596 [INFO] WiFi is working.
2025-10-14 19:25:12,619 [INFO] WiFi is working.
2025-10-14 19:25:28,641 [INFO] WiFi is working.
2025-10-14 19:25:44,667 [INFO] WiFi is working.
2025-10-14 19:26:00,684 [INFO] WiFi is working.
2025-10-14 19:26:16,708 [INFO] WiFi is working.
2025-10-14 19:26:32,727 [INFO] WiFi is working.
2025-10-14 19:26:48,748 [INFO] WiFi is working.
2025-10-14 19:27:04,766 [INFO] WiFi is working.
2025-10-14 19:27:20,787 [INFO] WiFi is working.
2025-10-14 19:27:36,809 [INFO] WiFi is working.
2025-10-14 19:27:52,831 [INFO] WiFi is working.
2025-10-14 19:28:08,849 [INFO] WiFi is working.
2025-10-14 19:28:24,872 [INFO] WiFi is working.
2025-10-14 19:28:40,896 [INFO] WiFi is working.
2025-10-14 19:28:56,922 [INFO] WiFi is working.
2025-10-14 19:29:12,943 [INFO] WiFi is working.
2025-10-14 19:29:28,962 [INFO] WiFi is working.
2025-10-14 19:29:44,987 [INFO] WiFi is working.
2025-10-14 19:30:01,008 [INFO] WiFi is working.
2025-10-14 19:30:17,030 [INFO] WiFi is working.
2025-10-14 19:30:33,051 [INFO] WiFi is working.
2025-10-14 19:30:49,069 [INFO] WiFi is working.
2025-10-14 19:31:05,091 [INFO] WiFi is working.
2025-10-14 19:31:21,113 [INFO] WiFi is working.
2025-10-14 19:31:37,136 [INFO] WiFi is working.
2025-10-14 19:31:53,158 [INFO] WiFi is working.
2025-10-14 19:32:09,175 [INFO] WiFi is working.
2025-10-14 19:32:25,193 [INFO] WiFi is working.
2025-10-14 19:32:38,518 [INFO] WiFi is working.
2025-10-14 19:32:54,543 [INFO] WiFi is working.
2025-10-14 19:33:10,565 [INFO] WiFi is working.
2025-10-14 19:33:41,345 [INFO] WiFi is working.
2025-10-14 19:33:57,367 [INFO] WiFi is working.
2025-10-14 19:34:13,390 [INFO] WiFi is working.
2025-10-14 19:34:29,411 [INFO] WiFi is working.
2025-10-14 19:34:45,433 [INFO] WiFi is working.
2025-10-14 19:35:01,453 [INFO] WiFi is working.
2025-10-14 19:35:17,471 [INFO] WiFi is working.
2025-10-14 19:35:33,497 [INFO] WiFi is working.
2025-10-14 19:35:49,519 [INFO] WiFi is working.
2025-10-14 19:36:05,542 [INFO] WiFi is working.
2025-10-14 19:36:21,559 [INFO] WiFi is working.
2025-10-14 19:36:37,585 [INFO] WiFi is working.
2025-10-14 19:36:53,612 [INFO] WiFi is working.
2025-10-14 19:37:09,632 [INFO] WiFi is working.
2025-10-14 19:37:25,654 [INFO] WiFi is working.
2025-10-14 19:37:41,674 [INFO] WiFi is working.
2025-10-14 19:37:57,692 [INFO] WiFi is working.
2025-10-14 19:38:13,718 [INFO] WiFi is working.
2025-10-14 19:38:32,450 [INFO] WiFi is working.
2025-10-14 19:38:48,482 [INFO] WiFi is working.
2025-10-14 22:38:05,081 [INFO] WiFi is working.
2025-10-14 22:38:21,101 [INFO] WiFi is working.
2025-10-14 22:38:37,127 [INFO] WiFi is working.
2025-10-14 22:38:53,152 [INFO] WiFi is working.
2025-10-14 22:39:09,177 [INFO] WiFi is working.
2025-10-14 22:39:25,204 [INFO] WiFi is working.
2025-10-14 22:39:41,225 [INFO] WiFi is working.
2025-10-14 22:39:57,251 [INFO] WiFi is working.
2025-10-14 22:40:13,277 [INFO] WiFi is working.
2025-10-14 22:40:29,299 [INFO] WiFi is working.
2025-10-14 22:40:45,321 [INFO] WiFi is working.
2025-10-14 22:41:01,343 [INFO] WiFi is working.
2025-10-14 22:41:17,368 [INFO] WiFi is working.
2025-10-14 22:41:33,391 [INFO] WiFi is working.
2025-10-14 22:41:49,413 [INFO] WiFi is working.
2025-10-14 22:42:05,439 [INFO] WiFi is working.
2025-10-14 22:42:21,464 [INFO] WiFi is working.
2025-10-14 22:42:37,491 [INFO] WiFi is working.
2025-10-14 22:42:53,513 [INFO] WiFi is working.
2025-10-14 22:43:09,539 [INFO] WiFi is working.
2025-10-14 22:43:25,565 [INFO] WiFi is working.
2025-10-14 22:43:41,592 [INFO] WiFi is working.
2025-10-14 22:43:57,617 [INFO] WiFi is working.
2025-10-14 22:44:13,644 [INFO] WiFi is working.
2025-10-14 22:44:29,669 [INFO] WiFi is working.
2025-10-14 22:44:45,687 [INFO] WiFi is working.
2025-10-14 22:45:01,708 [INFO] WiFi is working.
2025-10-14 22:45:17,734 [INFO] WiFi is working.
2025-10-14 22:45:33,761 [INFO] WiFi is working.
2025-10-14 22:45:49,784 [INFO] WiFi is working.
2025-10-14 22:46:05,805 [INFO] WiFi is working.
2025-10-14 22:46:21,827 [INFO] WiFi is working.
2025-10-14 22:46:37,855 [INFO] WiFi is working.
2025-10-14 22:46:53,878 [INFO] WiFi is working.
2025-10-14 22:47:09,904 [INFO] WiFi is working.
2025-10-14 22:47:25,929 [INFO] WiFi is working.
2025-10-14 22:47:41,955 [INFO] WiFi is working.
2025-10-14 22:47:57,981 [INFO] WiFi is working.
2025-10-14 22:48:14,006 [INFO] WiFi is working.
2025-10-14 22:48:30,033 [INFO] WiFi is working.
2025-10-14 22:48:46,056 [INFO] WiFi is working.
2025-10-14 22:49:02,083 [INFO] WiFi is working.
2025-10-14 22:49:18,104 [INFO] WiFi is working.
2025-10-14 22:49:34,133 [INFO] WiFi is working.
2025-10-14 22:49:50,158 [INFO] WiFi is working.
2025-10-14 22:50:06,180 [INFO] WiFi is working.
2025-10-14 22:50:22,199 [INFO] WiFi is working.
2025-10-14 22:50:38,224 [INFO] WiFi is working.
2025-10-14 22:50:54,250 [INFO] WiFi is working.
2025-10-14 22:51:10,276 [INFO] WiFi is working.
2025-10-14 22:51:26,302 [INFO] WiFi is working.
2025-10-14 22:51:42,321 [INFO] WiFi is working.
2025-10-14 22:51:58,347 [INFO] WiFi is working.
2025-10-14 22:52:14,373 [INFO] WiFi is working.
2025-10-14 22:52:30,394 [INFO] WiFi is working.
2025-10-14 22:52:46,419 [INFO] WiFi is working.
2025-10-14 22:53:02,445 [INFO] WiFi is working.
2025-10-14 22:53:18,470 [INFO] WiFi is working.
2025-10-14 22:53:34,496 [INFO] WiFi is working.
2025-10-14 22:53:50,519 [INFO] WiFi is working.
2025-10-14 22:54:06,545 [INFO] WiFi is working.
2025-10-14 22:54:22,571 [INFO] WiFi is working.
2025-10-14 22:54:38,597 [INFO] WiFi is working.
2025-10-14 22:54:54,622 [INFO] WiFi is working.
2025-10-14 22:55:10,645 [INFO] WiFi is working.
2025-10-14 22:55:26,667 [INFO] WiFi is working.
2025-10-14 22:55:42,693 [INFO] WiFi is working.
2025-10-14 22:55:58,719 [INFO] WiFi is working.
2025-10-14 22:56:14,740 [INFO] WiFi is working.
2025-10-14 22:56:30,763 [INFO] WiFi is working.
2025-10-14 22:56:46,781 [INFO] WiFi is working.
2025-10-14 22:57:02,810 [INFO] WiFi is working.
2025-10-14 22:57:18,832 [INFO] WiFi is working.
2025-10-14 22:57:34,854 [INFO] WiFi is working.
2025-10-14 22:57:50,875 [INFO] WiFi is working.
2025-10-14 22:58:06,901 [INFO] WiFi is working.
2025-10-14 22:58:22,922 [INFO] WiFi is working.
2025-10-14 22:58:38,948 [INFO] WiFi is working.
2025-10-14 22:58:54,974 [INFO] WiFi is working.
2025-10-14 22:59:11,000 [INFO] WiFi is working.
2025-10-14 22:59:27,026 [INFO] WiFi is working.
2025-10-14 22:59:43,052 [INFO] WiFi is working.
2025-10-14 22:59:59,075 [INFO] WiFi is working.
2025-10-14 23:00:15,101 [INFO] WiFi is working.
2025-10-14 23:00:31,125 [INFO] WiFi is working.
2025-10-14 23:00:47,151 [INFO] WiFi is working.
2025-10-14 23:01:03,176 [INFO] WiFi is working.
2025-10-14 23:01:19,202 [INFO] WiFi is working.
2025-10-14 23:01:35,231 [INFO] WiFi is working.
2025-10-14 23:01:51,256 [INFO] WiFi is working.
2025-10-14 23:02:07,281 [INFO] WiFi is working.
2025-10-14 23:02:23,307 [INFO] WiFi is working.
2025-10-14 23:02:39,333 [INFO] WiFi is working.
2025-10-14 23:02:55,360 [INFO] WiFi is working.
2025-10-14 23:03:11,381 [INFO] WiFi is working.
2025-10-14 23:03:27,403 [INFO] WiFi is working.
2025-10-14 23:03:43,429 [INFO] WiFi is working.
2025-10-14 23:03:59,455 [INFO] WiFi is working.
2025-10-14 23:04:15,480 [INFO] WiFi is working.
2025-10-14 23:04:31,505 [INFO] WiFi is working.
2025-10-14 23:04:47,527 [INFO] WiFi is working.
2025-10-14 23:05:03,554 [INFO] WiFi is working.
2025-10-14 23:05:19,580 [INFO] WiFi is working.
2025-10-14 23:05:35,605 [INFO] WiFi is working.
2025-10-14 23:05:51,630 [INFO] WiFi is working.
2025-10-14 23:06:07,652 [INFO] WiFi is working.
2025-10-14 23:06:23,681 [INFO] WiFi is working.
2025-10-14 23:06:39,702 [INFO] WiFi is working.
2025-10-14 23:06:55,729 [INFO] WiFi is working.
2025-10-14 23:07:11,755 [INFO] WiFi is working.
2025-10-14 23:07:27,781 [INFO] WiFi is working.
2025-10-14 23:07:43,802 [INFO] WiFi is working.
2025-10-14 23:07:59,824 [INFO] WiFi is working.
2025-10-14 23:08:15,846 [INFO] WiFi is working.
2025-10-14 23:08:31,868 [INFO] WiFi is working.
2025-10-14 23:08:47,893 [INFO] WiFi is working.
2025-10-14 23:09:03,919 [INFO] WiFi is working.
2025-10-14 23:09:19,940 [INFO] WiFi is working.
2025-10-14 23:09:35,967 [INFO] WiFi is working.
2025-10-14 23:09:51,992 [INFO] WiFi is working.
2025-10-14 23:10:08,016 [INFO] WiFi is working.
2025-10-14 23:10:24,042 [INFO] WiFi is working.
2025-10-14 23:10:40,068 [INFO] WiFi is working.
2025-10-14 23:10:56,094 [INFO] WiFi is working.
2025-10-14 23:11:12,120 [INFO] WiFi is working.
2025-10-14 23:11:28,145 [INFO] WiFi is working.
2025-10-14 23:11:44,171 [INFO] WiFi is working.
2025-10-14 23:12:00,195 [INFO] WiFi is working.
2025-10-14 23:12:16,217 [INFO] WiFi is working.
2025-10-14 23:12:32,243 [INFO] WiFi is working.
2025-10-14 23:12:48,265 [INFO] WiFi is working.
2025-10-14 23:13:04,291 [INFO] WiFi is working.
2025-10-14 23:13:20,316 [INFO] WiFi is working.
2025-10-14 23:13:36,341 [INFO] WiFi is working.
2025-10-14 23:13:52,367 [INFO] WiFi is working.
2025-10-14 23:14:08,392 [INFO] WiFi is working.
2025-10-14 23:14:24,417 [INFO] WiFi is working.
2025-10-14 23:14:40,443 [INFO] WiFi is working.
2025-10-14 23:14:56,468 [INFO] WiFi is working.
2025-10-14 23:15:12,494 [INFO] WiFi is working.
2025-10-14 23:15:28,519 [INFO] WiFi is working.
2025-10-14 23:15:44,545 [INFO] WiFi is working.
2025-10-14 23:16:00,571 [INFO] WiFi is working.
2025-10-14 23:16:16,597 [INFO] WiFi is working.
2025-10-14 23:16:32,622 [INFO] WiFi is working.
2025-10-14 23:16:48,648 [INFO] WiFi is working.
2025-10-14 23:17:04,671 [INFO] WiFi is working.
2025-10-14 23:17:20,696 [INFO] WiFi is working.
2025-10-14 23:17:36,722 [INFO] WiFi is working.
2025-10-14 23:17:52,748 [INFO] WiFi is working.
2025-10-14 23:18:08,773 [INFO] WiFi is working.
2025-10-14 23:18:24,799 [INFO] WiFi is working.
2025-10-14 23:18:40,825 [INFO] WiFi is working.
2025-10-14 23:18:56,851 [INFO] WiFi is working.
2025-10-14 23:19:12,879 [INFO] WiFi is working.
2025-10-14 23:19:28,905 [INFO] WiFi is working.
2025-10-14 23:19:44,931 [INFO] WiFi is working.
2025-10-14 23:20:00,953 [INFO] WiFi is working.
2025-10-14 23:20:16,977 [INFO] WiFi is working.
2025-10-14 23:20:32,998 [INFO] WiFi is working.
2025-10-14 23:20:49,020 [INFO] WiFi is working.
2025-10-14 23:21:05,040 [INFO] WiFi is working.
2025-10-14 23:21:21,059 [INFO] WiFi is working.
2025-10-14 23:21:37,078 [INFO] WiFi is working.
2025-10-14 23:21:53,097 [INFO] WiFi is working.
2025-10-14 23:22:09,116 [INFO] WiFi is working.
2025-10-14 23:22:25,137 [INFO] WiFi is working.
2025-10-14 23:22:41,157 [INFO] WiFi is working.
2025-10-14 23:22:57,175 [INFO] WiFi is working.
2025-10-14 23:23:13,194 [INFO] WiFi is working.
2025-10-14 23:23:29,229 [INFO] WiFi is working.
2025-10-14 23:23:45,246 [INFO] WiFi is working.
2025-10-14 23:24:01,267 [INFO] WiFi is working.
2025-10-14 23:24:17,287 [INFO] WiFi is working.
2025-10-14 23:24:33,307 [INFO] WiFi is working.
2025-10-14 23:24:49,326 [INFO] WiFi is working.
2025-10-14 23:25:05,346 [INFO] WiFi is working.
2025-10-14 23:25:21,367 [INFO] WiFi is working.
2025-10-14 23:25:37,385 [INFO] WiFi is working.
2025-10-14 23:25:53,405 [INFO] WiFi is working.
2025-10-14 23:26:09,423 [INFO] WiFi is working.
2025-10-14 23:26:25,442 [INFO] WiFi is working.
2025-10-14 23:26:41,460 [INFO] WiFi is working.
2025-10-14 23:26:57,480 [INFO] WiFi is working.
2025-10-14 23:27:13,498 [INFO] WiFi is working.
2025-10-14 23:27:29,516 [INFO] WiFi is working.
2025-10-14 23:27:45,535 [INFO] WiFi is working.
2025-10-14 23:28:01,555 [INFO] WiFi is working.
2025-10-14 23:28:17,574 [INFO] WiFi is working.
2025-10-14 23:28:33,593 [INFO] WiFi is working.
2025-10-14 23:28:49,615 [INFO] WiFi is working.
2025-10-14 23:29:05,637 [INFO] WiFi is working.
2025-10-14 23:29:21,655 [INFO] WiFi is working.
2025-10-14 23:29:37,677 [INFO] WiFi is working.
2025-10-14 23:29:53,697 [INFO] WiFi is working.
2025-10-14 23:30:09,715 [INFO] WiFi is working.
2025-10-14 23:30:25,735 [INFO] WiFi is working.
2025-10-14 23:30:41,754 [INFO] WiFi is working.
2025-10-14 23:30:57,774 [INFO] WiFi is working.
2025-10-14 23:31:13,792 [INFO] WiFi is working.
2025-10-14 23:31:29,811 [INFO] WiFi is working.
2025-10-14 23:31:45,832 [INFO] WiFi is working.
2025-10-14 23:32:01,851 [INFO] WiFi is working.
2025-10-14 23:32:17,869 [INFO] WiFi is working.
2025-10-14 23:32:33,889 [INFO] WiFi is working.
2025-10-14 23:32:49,910 [INFO] WiFi is working.
2025-10-14 23:33:05,929 [INFO] WiFi is working.
2025-10-14 23:33:21,949 [INFO] WiFi is working.
2025-10-14 23:33:37,969 [INFO] WiFi is working.
2025-10-14 23:33:53,990 [INFO] WiFi is working.
2025-10-14 23:34:10,011 [INFO] WiFi is working.
2025-10-14 23:34:26,031 [INFO] WiFi is working.
2025-10-14 23:34:42,052 [INFO] WiFi is working.
2025-10-14 23:34:58,073 [INFO] WiFi is working.
2025-10-14 23:35:14,092 [INFO] WiFi is working.
2025-10-14 23:35:30,114 [INFO] WiFi is working.
2025-10-14 23:35:46,139 [INFO] WiFi is working.
2025-10-14 23:36:02,159 [INFO] WiFi is working.
2025-10-14 23:36:18,177 [INFO] WiFi is working.
2025-10-14 23:36:34,197 [INFO] WiFi is working.
2025-10-14 23:36:50,217 [INFO] WiFi is working.
2025-10-14 23:37:06,237 [INFO] WiFi is working.
2025-10-14 23:37:22,259 [INFO] WiFi is working.
2025-10-14 23:37:38,284 [INFO] WiFi is working.
2025-10-14 23:37:54,309 [INFO] WiFi is working.
2025-10-14 23:38:10,332 [INFO] WiFi is working.
2025-10-14 23:38:26,355 [INFO] WiFi is working.
2025-10-14 23:38:42,381 [INFO] WiFi is working.
2025-10-14 23:38:58,405 [INFO] WiFi is working.
2025-10-14 23:39:14,431 [INFO] WiFi is working.
2025-10-14 23:39:30,456 [INFO] WiFi is working.
2025-10-14 23:39:46,484 [INFO] WiFi is working.
2025-10-14 23:40:02,506 [INFO] WiFi is working.
2025-10-14 23:40:18,534 [INFO] WiFi is working.
2025-10-14 23:40:34,556 [INFO] WiFi is working.
2025-10-14 23:40:50,577 [INFO] WiFi is working.
2025-10-14 23:41:06,597 [INFO] WiFi is working.
2025-10-14 23:41:22,622 [INFO] WiFi is working.
2025-10-14 23:41:38,645 [INFO] WiFi is working.
2025-10-14 23:41:54,671 [INFO] WiFi is working.
2025-10-14 23:42:10,692 [INFO] WiFi is working.
2025-10-14 23:42:26,717 [INFO] WiFi is working.
2025-10-14 23:42:42,743 [INFO] WiFi is working.
2025-10-14 23:42:58,763 [INFO] WiFi is working.
2025-10-14 23:43:14,785 [INFO] WiFi is working.
2025-10-14 23:43:30,806 [INFO] WiFi is working.
2025-10-14 23:43:46,833 [INFO] WiFi is working.
2025-10-14 23:44:02,860 [INFO] WiFi is working.
2025-10-14 23:44:18,888 [INFO] WiFi is working.
2025-10-14 23:44:34,907 [INFO] WiFi is working.
2025-10-14 23:44:50,926 [INFO] WiFi is working.
2025-10-14 23:45:06,943 [INFO] WiFi is working.
2025-10-14 23:45:22,962 [INFO] WiFi is working.
2025-10-14 23:45:38,982 [INFO] WiFi is working.
2025-10-14 23:45:55,005 [INFO] WiFi is working.
2025-10-14 23:46:11,023 [INFO] WiFi is working.
2025-10-14 23:46:27,049 [INFO] WiFi is working.
2025-10-14 23:46:43,069 [INFO] WiFi is working.
2025-10-14 23:46:59,092 [INFO] WiFi is working.
2025-10-14 23:47:15,115 [INFO] WiFi is working.
2025-10-14 23:47:31,133 [INFO] WiFi is working.
2025-10-14 23:47:47,157 [INFO] WiFi is working.
2025-10-14 23:48:03,183 [INFO] WiFi is working.
2025-10-14 23:48:19,209 [INFO] WiFi is working.
2025-10-14 23:48:35,235 [INFO] WiFi is working.
2025-10-14 23:48:51,257 [INFO] WiFi is working.
2025-10-14 23:49:07,275 [INFO] WiFi is working.
2025-10-14 23:49:23,300 [INFO] WiFi is working.
2025-10-14 23:49:39,326 [INFO] WiFi is working.
2025-10-14 23:49:55,348 [INFO] WiFi is working.
2025-10-14 23:50:11,367 [INFO] WiFi is working.
2025-10-14 23:50:27,387 [INFO] WiFi is working.
2025-10-14 23:50:43,407 [INFO] WiFi is working.
2025-10-14 23:50:59,427 [INFO] WiFi is working.
2025-10-14 23:51:15,447 [INFO] WiFi is working.
2025-10-14 23:51:31,465 [INFO] WiFi is working.
2025-10-14 23:51:47,486 [INFO] WiFi is working.
2025-10-14 23:52:03,507 [INFO] WiFi is working.
2025-10-14 23:52:19,526 [INFO] WiFi is working.
2025-10-14 23:52:35,546 [INFO] WiFi is working.
2025-10-14 23:52:51,564 [INFO] WiFi is working.
2025-10-14 23:53:07,583 [INFO] WiFi is working.
2025-10-14 23:53:23,600 [INFO] WiFi is working.
2025-10-14 23:53:39,620 [INFO] WiFi is working.
2025-10-14 23:53:55,640 [INFO] WiFi is working.
2025-10-14 23:54:11,660 [INFO] WiFi is working.
2025-10-14 23:54:27,680 [INFO] WiFi is working.
2025-10-14 23:54:43,701 [INFO] WiFi is working.
2025-10-14 23:54:59,722 [INFO] WiFi is working.
2025-10-14 23:55:15,742 [INFO] WiFi is working.
2025-10-14 23:55:31,761 [INFO] WiFi is working.
2025-10-14 23:55:47,781 [INFO] WiFi is working.
2025-10-14 23:56:03,802 [INFO] WiFi is working.
2025-10-14 23:56:19,821 [INFO] WiFi is working.
2025-10-14 23:56:35,839 [INFO] WiFi is working.
2025-10-14 23:56:51,861 [INFO] WiFi is working.
2025-10-14 23:57:07,881 [INFO] WiFi is working.
2025-10-14 23:57:23,903 [INFO] WiFi is working.
2025-10-14 23:57:39,922 [INFO] WiFi is working.
2025-10-14 23:57:55,941 [INFO] WiFi is working.
2025-10-14 23:58:11,962 [INFO] WiFi is working.
2025-10-14 23:58:27,982 [INFO] WiFi is working.
2025-10-14 23:58:44,002 [INFO] WiFi is working.
2025-10-14 23:59:00,023 [INFO] WiFi is working.
2025-10-14 23:59:16,041 [INFO] WiFi is working.
2025-10-14 23:59:32,059 [INFO] WiFi is working.
2025-10-14 23:59:48,080 [INFO] WiFi is working.
2025-10-15 00:00:04,102 [INFO] WiFi is working.
2025-10-15 00:00:20,122 [INFO] WiFi is working.
2025-10-15 00:00:36,142 [INFO] WiFi is working.
2025-10-15 00:00:52,162 [INFO] WiFi is working.
2025-10-15 00:01:08,185 [INFO] WiFi is working.
2025-10-15 00:01:24,205 [INFO] WiFi is working.
2025-10-15 00:01:40,224 [INFO] WiFi is working.
2025-10-15 00:01:56,245 [INFO] WiFi is working.
2025-10-15 00:02:12,265 [INFO] WiFi is working.
2025-10-15 00:02:28,286 [INFO] WiFi is working.
2025-10-15 00:02:44,303 [INFO] WiFi is working.
2025-10-15 00:03:00,323 [INFO] WiFi is working.
2025-10-15 00:03:16,343 [INFO] WiFi is working.
2025-10-15 00:03:32,364 [INFO] WiFi is working.
2025-10-15 00:03:48,385 [INFO] WiFi is working.
2025-10-15 00:04:04,411 [INFO] WiFi is working.
2025-10-15 00:04:20,438 [INFO] WiFi is working.
2025-10-15 00:04:36,464 [INFO] WiFi is working.
2025-10-15 00:04:52,489 [INFO] WiFi is working.
2025-10-15 00:05:08,514 [INFO] WiFi is working.
2025-10-15 00:05:24,539 [INFO] WiFi is working.
2025-10-15 00:05:40,561 [INFO] WiFi is working.
2025-10-15 00:05:56,586 [INFO] WiFi is working.
2025-10-15 00:06:12,612 [INFO] WiFi is working.
2025-10-15 00:06:28,637 [INFO] WiFi is working.
2025-10-15 00:06:44,663 [INFO] WiFi is working.
2025-10-15 00:07:00,689 [INFO] WiFi is working.
2025-10-15 00:07:16,714 [INFO] WiFi is working.
2025-10-15 00:07:32,739 [INFO] WiFi is working.
2025-10-15 00:07:48,765 [INFO] WiFi is working.
2025-10-15 00:08:04,790 [INFO] WiFi is working.
2025-10-15 00:08:20,816 [INFO] WiFi is working.
2025-10-15 00:08:36,841 [INFO] WiFi is working.
2025-10-15 00:08:52,867 [INFO] WiFi is working.
2025-10-15 00:09:08,894 [INFO] WiFi is working.
2025-10-15 00:09:24,919 [INFO] WiFi is working.
2025-10-15 00:09:40,942 [INFO] WiFi is working.
2025-10-15 00:09:56,968 [INFO] WiFi is working.
2025-10-15 00:10:12,989 [INFO] WiFi is working.
2025-10-15 00:10:29,015 [INFO] WiFi is working.
2025-10-15 00:10:45,037 [INFO] WiFi is working.
2025-10-15 00:11:01,058 [INFO] WiFi is working.
2025-10-15 00:11:17,079 [INFO] WiFi is working.
2025-10-15 00:11:33,101 [INFO] WiFi is working.
2025-10-15 00:11:49,127 [INFO] WiFi is working.
2025-10-15 00:12:05,153 [INFO] WiFi is working.
2025-10-15 00:12:21,179 [INFO] WiFi is working.
2025-10-15 00:12:37,204 [INFO] WiFi is working.
2025-10-15 00:12:53,230 [INFO] WiFi is working.
2025-10-15 00:13:09,257 [INFO] WiFi is working.
2025-10-15 00:13:25,283 [INFO] WiFi is working.
2025-10-15 00:13:41,307 [INFO] WiFi is working.
2025-10-15 00:13:57,333 [INFO] WiFi is working.
2025-10-15 00:14:13,355 [INFO] WiFi is working.
2025-10-15 00:14:29,381 [INFO] WiFi is working.
2025-10-15 00:14:45,404 [INFO] WiFi is working.
2025-10-15 00:15:01,424 [INFO] WiFi is working.
2025-10-15 00:15:17,443 [INFO] WiFi is working.
2025-10-15 00:15:33,462 [INFO] WiFi is working.
2025-10-15 00:15:49,482 [INFO] WiFi is working.
2025-10-15 00:16:05,503 [INFO] WiFi is working.
2025-10-15 00:16:21,522 [INFO] WiFi is working.
2025-10-15 00:16:37,541 [INFO] WiFi is working.
2025-10-15 00:16:53,559 [INFO] WiFi is working.
2025-10-15 00:17:09,581 [INFO] WiFi is working.
2025-10-15 00:17:25,602 [INFO] WiFi is working.
2025-10-15 00:17:41,620 [INFO] WiFi is working.
2025-10-15 00:17:57,640 [INFO] WiFi is working.
2025-10-15 00:18:13,658 [INFO] WiFi is working.
2025-10-15 00:18:29,678 [INFO] WiFi is working.
2025-10-15 00:18:45,697 [INFO] WiFi is working.
2025-10-15 00:19:01,718 [INFO] WiFi is working.
2025-10-15 00:19:17,739 [INFO] WiFi is working.
2025-10-15 00:19:33,764 [INFO] WiFi is working.
2025-10-15 00:19:49,789 [INFO] WiFi is working.
2025-10-15 00:20:05,815 [INFO] WiFi is working.
2025-10-15 00:20:21,841 [INFO] WiFi is working.
2025-10-15 00:20:37,867 [INFO] WiFi is working.
2025-10-15 00:20:53,894 [INFO] WiFi is working.
2025-10-15 00:21:09,920 [INFO] WiFi is working.
2025-10-15 00:21:25,946 [INFO] WiFi is working.
2025-10-15 00:21:41,971 [INFO] WiFi is working.
2025-10-15 00:21:57,997 [INFO] WiFi is working.
2025-10-15 00:22:14,022 [INFO] WiFi is working.
2025-10-15 00:22:30,048 [INFO] WiFi is working.
2025-10-15 00:22:46,074 [INFO] WiFi is working.
2025-10-15 00:23:02,095 [INFO] WiFi is working.
2025-10-15 00:23:18,121 [INFO] WiFi is working.
2025-10-15 00:23:34,147 [INFO] WiFi is working.
2025-10-15 00:23:50,173 [INFO] WiFi is working.
2025-10-15 00:24:06,196 [INFO] WiFi is working.
2025-10-15 00:24:22,215 [INFO] WiFi is working.
2025-10-15 00:24:38,236 [INFO] WiFi is working.
2025-10-15 00:24:54,261 [INFO] WiFi is working.
2025-10-15 00:25:10,287 [INFO] WiFi is working.
2025-10-15 00:25:26,312 [INFO] WiFi is working.
2025-10-15 00:25:42,338 [INFO] WiFi is working.
2025-10-15 00:25:58,363 [INFO] WiFi is working.
2025-10-15 00:26:14,389 [INFO] WiFi is working.
2025-10-15 00:26:30,409 [INFO] WiFi is working.
2025-10-15 00:26:46,427 [INFO] WiFi is working.
2025-10-15 00:27:02,447 [INFO] WiFi is working.
2025-10-15 00:27:18,468 [INFO] WiFi is working.
2025-10-15 00:27:34,488 [INFO] WiFi is working.
2025-10-15 00:27:50,512 [INFO] WiFi is working.
2025-10-15 00:28:06,538 [INFO] WiFi is working.
2025-10-15 00:28:22,558 [INFO] WiFi is working.
2025-10-15 00:28:38,578 [INFO] WiFi is working.
2025-10-15 00:28:54,599 [INFO] WiFi is working.
2025-10-15 00:29:10,618 [INFO] WiFi is working.
2025-10-15 00:29:26,637 [INFO] WiFi is working.
2025-10-15 00:29:42,658 [INFO] WiFi is working.
2025-10-15 00:29:58,683 [INFO] WiFi is working.
2025-10-15 00:30:14,708 [INFO] WiFi is working.
2025-10-15 00:30:30,733 [INFO] WiFi is working.
2025-10-15 00:30:46,755 [INFO] WiFi is working.
2025-10-15 00:31:02,781 [INFO] WiFi is working.
2025-10-15 00:31:18,805 [INFO] WiFi is working.
2025-10-15 00:31:34,828 [INFO] WiFi is working.
2025-10-15 00:31:50,851 [INFO] WiFi is working.
2025-10-15 00:32:06,876 [INFO] WiFi is working.
2025-10-15 00:32:22,903 [INFO] WiFi is working.
2025-10-15 00:32:38,928 [INFO] WiFi is working.
2025-10-15 00:32:54,953 [INFO] WiFi is working.
2025-10-15 00:33:10,980 [INFO] WiFi is working.
2025-10-15 00:33:27,006 [INFO] WiFi is working.
2025-10-15 00:33:43,024 [INFO] WiFi is working.
2025-10-15 00:33:59,044 [INFO] WiFi is working.
2025-10-15 00:34:15,069 [INFO] WiFi is working.
2025-10-15 00:34:31,095 [INFO] WiFi is working.
2025-10-15 00:34:47,121 [INFO] WiFi is working.
2025-10-15 00:35:03,145 [INFO] WiFi is working.
2025-10-15 00:35:19,162 [INFO] WiFi is working.
2025-10-15 00:35:35,188 [INFO] WiFi is working.
2025-10-15 00:35:51,215 [INFO] WiFi is working.
2025-10-15 00:36:07,240 [INFO] WiFi is working.
2025-10-15 00:36:23,265 [INFO] WiFi is working.
2025-10-15 00:36:39,291 [INFO] WiFi is working.
2025-10-15 00:36:55,320 [INFO] WiFi is working.
2025-10-15 00:37:11,341 [INFO] WiFi is working.
2025-10-15 00:37:27,367 [INFO] WiFi is working.
2025-10-15 00:37:43,392 [INFO] WiFi is working.
2025-10-15 00:37:59,417 [INFO] WiFi is working.
2025-10-15 00:38:15,442 [INFO] WiFi is working.
2025-10-15 00:38:31,465 [INFO] WiFi is working.
2025-10-15 00:38:47,491 [INFO] WiFi is working.
2025-10-15 00:39:03,517 [INFO] WiFi is working.
2025-10-15 00:39:19,542 [INFO] WiFi is working.
2025-10-15 00:39:35,567 [INFO] WiFi is working.
2025-10-15 00:39:51,593 [INFO] WiFi is working.
2025-10-15 00:40:07,619 [INFO] WiFi is working.
2025-10-15 00:40:23,647 [INFO] WiFi is working.
2025-10-15 00:40:39,672 [INFO] WiFi is working.
2025-10-15 00:40:55,694 [INFO] WiFi is working.
2025-10-15 00:41:11,717 [INFO] WiFi is working.
2025-10-15 00:41:27,735 [INFO] WiFi is working.
2025-10-15 00:41:43,758 [INFO] WiFi is working.
2025-10-15 00:41:59,781 [INFO] WiFi is working.
2025-10-15 00:42:15,804 [INFO] WiFi is working.
2025-10-15 00:42:31,822 [INFO] WiFi is working.
2025-10-15 00:42:47,847 [INFO] WiFi is working.
2025-10-15 00:43:03,872 [INFO] WiFi is working.
2025-10-15 00:43:19,898 [INFO] WiFi is working.
2025-10-15 00:43:35,923 [INFO] WiFi is working.
2025-10-15 00:43:51,949 [INFO] WiFi is working.
2025-10-15 00:44:07,971 [INFO] WiFi is working.
2025-10-15 00:44:23,996 [INFO] WiFi is working.
2025-10-15 00:44:40,021 [INFO] WiFi is working.
2025-10-15 00:44:56,046 [INFO] WiFi is working.
2025-10-15 00:45:12,071 [INFO] WiFi is working.
2025-10-15 00:45:28,096 [INFO] WiFi is working.
2025-10-15 00:45:44,122 [INFO] WiFi is working.
2025-10-15 00:46:00,147 [INFO] WiFi is working.
2025-10-15 00:46:16,167 [INFO] WiFi is working.
2025-10-15 00:46:32,189 [INFO] WiFi is working.
2025-10-15 00:46:48,207 [INFO] WiFi is working.
2025-10-15 00:47:04,228 [INFO] WiFi is working.
2025-10-15 00:47:20,249 [INFO] WiFi is working.
2025-10-15 00:47:36,271 [INFO] WiFi is working.
2025-10-15 00:47:52,292 [INFO] WiFi is working.
2025-10-15 00:48:08,313 [INFO] WiFi is working.
2025-10-15 00:48:24,331 [INFO] WiFi is working.
2025-10-15 00:48:40,351 [INFO] WiFi is working.
2025-10-15 00:48:56,370 [INFO] WiFi is working.
2025-10-15 00:49:12,391 [INFO] WiFi is working.
2025-10-15 00:49:28,409 [INFO] WiFi is working.
2025-10-15 00:49:44,427 [INFO] WiFi is working.
2025-10-15 00:50:00,452 [INFO] WiFi is working.
2025-10-15 00:50:16,477 [INFO] WiFi is working.
2025-10-15 00:50:32,503 [INFO] WiFi is working.
2025-10-15 00:50:48,530 [INFO] WiFi is working.
2025-10-15 00:51:04,555 [INFO] WiFi is working.
2025-10-15 00:51:20,580 [INFO] WiFi is working.
2025-10-15 00:51:36,606 [INFO] WiFi is working.
2025-10-15 00:51:52,632 [INFO] WiFi is working.
2025-10-15 00:52:08,657 [INFO] WiFi is working.
2025-10-15 00:52:24,676 [INFO] WiFi is working.
2025-10-15 00:52:40,696 [INFO] WiFi is working.
2025-10-15 00:52:56,715 [INFO] WiFi is working.
2025-10-15 00:53:12,738 [INFO] WiFi is working.
2025-10-15 00:53:28,762 [INFO] WiFi is working.
2025-10-15 00:53:44,783 [INFO] WiFi is working.
2025-10-15 00:54:00,804 [INFO] WiFi is working.
2025-10-15 00:54:16,828 [INFO] WiFi is working.
2025-10-15 00:54:32,854 [INFO] WiFi is working.
2025-10-15 00:54:48,875 [INFO] WiFi is working.
2025-10-15 00:55:04,914 [INFO] WiFi is working.
2025-10-15 00:55:20,937 [INFO] WiFi is working.
2025-10-15 00:55:36,964 [INFO] WiFi is working.
2025-10-15 00:55:52,990 [INFO] WiFi is working.
2025-10-15 00:56:09,016 [INFO] WiFi is working.
2025-10-15 00:56:25,042 [INFO] WiFi is working.
2025-10-15 00:56:41,068 [INFO] WiFi is working.
2025-10-15 00:56:57,094 [INFO] WiFi is working.
2025-10-15 00:57:13,120 [INFO] WiFi is working.
2025-10-15 00:57:29,146 [INFO] WiFi is working.
2025-10-15 00:57:45,171 [INFO] WiFi is working.
2025-10-15 00:58:01,196 [INFO] WiFi is working.
2025-10-15 00:58:17,223 [INFO] WiFi is working.
2025-10-15 00:58:33,244 [INFO] WiFi is working.
2025-10-15 00:58:49,265 [INFO] WiFi is working.
2025-10-15 00:59:05,290 [INFO] WiFi is working.
2025-10-15 00:59:21,312 [INFO] WiFi is working.
2025-10-15 00:59:37,338 [INFO] WiFi is working.
2025-10-15 00:59:53,364 [INFO] WiFi is working.
2025-10-15 01:00:09,389 [INFO] WiFi is working.
2025-10-15 01:00:25,413 [INFO] WiFi is working.
2025-10-15 01:00:41,435 [INFO] WiFi is working.
2025-10-15 01:00:57,459 [INFO] WiFi is working.
2025-10-15 01:01:13,484 [INFO] WiFi is working.
2025-10-15 01:01:29,510 [INFO] WiFi is working.
2025-10-15 01:01:45,534 [INFO] WiFi is working.
2025-10-15 01:02:01,555 [INFO] WiFi is working.
2025-10-15 01:02:17,579 [INFO] WiFi is working.
2025-10-15 01:02:33,600 [INFO] WiFi is working.
2025-10-15 01:02:49,624 [INFO] WiFi is working.
2025-10-15 01:03:05,649 [INFO] WiFi is working.
2025-10-15 01:03:21,676 [INFO] WiFi is working.
2025-10-15 01:03:37,701 [INFO] WiFi is working.
2025-10-15 01:03:53,723 [INFO] WiFi is working.
2025-10-15 01:04:09,749 [INFO] WiFi is working.
2025-10-15 01:04:25,774 [INFO] WiFi is working.
2025-10-15 01:04:41,801 [INFO] WiFi is working.
2025-10-15 01:04:57,826 [INFO] WiFi is working.
2025-10-15 01:05:13,851 [INFO] WiFi is working.
2025-10-15 01:05:29,877 [INFO] WiFi is working.
2025-10-15 01:05:45,903 [INFO] WiFi is working.
2025-10-15 01:06:01,929 [INFO] WiFi is working.
2025-10-15 01:06:17,955 [INFO] WiFi is working.
2025-10-15 01:06:33,977 [INFO] WiFi is working.
2025-10-15 01:06:49,996 [INFO] WiFi is working.
2025-10-15 01:07:06,017 [INFO] WiFi is working.
2025-10-15 01:07:22,042 [INFO] WiFi is working.
2025-10-15 01:07:38,068 [INFO] WiFi is working.
2025-10-15 01:07:54,095 [INFO] WiFi is working.
2025-10-15 01:08:10,120 [INFO] WiFi is working.
2025-10-15 01:08:26,145 [INFO] WiFi is working.
2025-10-15 01:08:42,167 [INFO] WiFi is working.
2025-10-15 01:08:58,189 [INFO] WiFi is working.
2025-10-15 01:09:14,207 [INFO] WiFi is working.
2025-10-15 01:09:30,227 [INFO] WiFi is working.
2025-10-15 01:09:46,247 [INFO] WiFi is working.
2025-10-15 01:10:02,265 [INFO] WiFi is working.
2025-10-15 01:10:18,285 [INFO] WiFi is working.
2025-10-15 01:10:34,306 [INFO] WiFi is working.
2025-10-15 01:10:50,330 [INFO] WiFi is working.
2025-10-15 01:11:06,349 [INFO] WiFi is working.
2025-10-15 01:11:22,366 [INFO] WiFi is working.
2025-10-15 01:11:38,386 [INFO] WiFi is working.
2025-10-15 01:11:54,406 [INFO] WiFi is working.
2025-10-15 01:12:10,426 [INFO] WiFi is working.
2025-10-15 01:12:26,444 [INFO] WiFi is working.
2025-10-15 01:12:42,461 [INFO] WiFi is working.
2025-10-15 01:12:58,480 [INFO] WiFi is working.
2025-10-15 01:13:14,502 [INFO] WiFi is working.
2025-10-15 01:13:30,520 [INFO] WiFi is working.
2025-10-15 01:13:46,540 [INFO] WiFi is working.
2025-10-15 01:14:02,557 [INFO] WiFi is working.
2025-10-15 01:14:18,578 [INFO] WiFi is working.
2025-10-15 01:14:34,599 [INFO] WiFi is working.
2025-10-15 01:14:50,625 [INFO] WiFi is working.
2025-10-15 01:15:06,650 [INFO] WiFi is working.
2025-10-15 01:15:22,672 [INFO] WiFi is working.
2025-10-15 01:15:38,690 [INFO] WiFi is working.
2025-10-15 01:15:54,712 [INFO] WiFi is working.
2025-10-15 01:16:10,737 [INFO] WiFi is working.
2025-10-15 01:16:26,759 [INFO] WiFi is working.
2025-10-15 01:16:42,781 [INFO] WiFi is working.
2025-10-15 01:16:58,807 [INFO] WiFi is working.
2025-10-15 01:17:14,833 [INFO] WiFi is working.
2025-10-15 01:17:30,850 [INFO] WiFi is working.
2025-10-15 01:17:46,870 [INFO] WiFi is working.
2025-10-15 01:18:02,888 [INFO] WiFi is working.
2025-10-15 01:18:18,909 [INFO] WiFi is working.
2025-10-15 01:18:34,929 [INFO] WiFi is working.
2025-10-15 01:18:50,949 [INFO] WiFi is working.
2025-10-15 01:19:06,967 [INFO] WiFi is working.
2025-10-15 01:19:22,988 [INFO] WiFi is working.
2025-10-15 01:19:39,008 [INFO] WiFi is working.
2025-10-15 01:19:55,027 [INFO] WiFi is working.
2025-10-15 01:20:11,045 [INFO] WiFi is working.
2025-10-15 01:20:27,063 [INFO] WiFi is working.
2025-10-15 01:20:43,081 [INFO] WiFi is working.
2025-10-15 01:20:59,103 [INFO] WiFi is working.
2025-10-15 01:21:15,128 [INFO] WiFi is working.
2025-10-15 01:21:31,153 [INFO] WiFi is working.
2025-10-15 01:21:47,179 [INFO] WiFi is working.
2025-10-15 01:22:03,205 [INFO] WiFi is working.
2025-10-15 01:22:19,231 [INFO] WiFi is working.
2025-10-15 01:22:35,257 [INFO] WiFi is working.
2025-10-15 01:22:51,283 [INFO] WiFi is working.
2025-10-15 01:23:07,309 [INFO] WiFi is working.
2025-10-15 01:23:23,335 [INFO] WiFi is working.
2025-10-15 01:23:39,361 [INFO] WiFi is working.
2025-10-15 01:23:55,385 [INFO] WiFi is working.
2025-10-15 01:24:11,411 [INFO] WiFi is working.
2025-10-15 01:24:27,438 [INFO] WiFi is working.
2025-10-15 01:24:43,463 [INFO] WiFi is working.
2025-10-15 01:24:59,489 [INFO] WiFi is working.
2025-10-15 01:25:15,515 [INFO] WiFi is working.
2025-10-15 01:25:31,542 [INFO] WiFi is working.
2025-10-15 01:25:47,567 [INFO] WiFi is working.
2025-10-15 01:26:03,593 [INFO] WiFi is working.
2025-10-15 01:26:19,619 [INFO] WiFi is working.
2025-10-15 01:26:35,644 [INFO] WiFi is working.
2025-10-15 01:26:51,669 [INFO] WiFi is working.
2025-10-15 01:27:07,696 [INFO] WiFi is working.
2025-10-15 01:27:23,722 [INFO] WiFi is working.
2025-10-15 01:27:39,747 [INFO] WiFi is working.
2025-10-15 01:27:55,773 [INFO] WiFi is working.
2025-10-15 01:28:11,799 [INFO] WiFi is working.
2025-10-15 01:28:27,825 [INFO] WiFi is working.
2025-10-15 01:28:43,854 [INFO] WiFi is working.
2025-10-15 01:28:59,875 [INFO] WiFi is working.
2025-10-15 01:29:15,900 [INFO] WiFi is working.
2025-10-15 01:29:31,926 [INFO] WiFi is working.
2025-10-15 01:29:47,951 [INFO] WiFi is working.
2025-10-15 01:30:03,977 [INFO] WiFi is working.
2025-10-15 01:30:20,004 [INFO] WiFi is working.
2025-10-15 01:30:36,030 [INFO] WiFi is working.
2025-10-15 01:30:52,056 [INFO] WiFi is working.
2025-10-15 01:31:08,081 [INFO] WiFi is working.
2025-10-15 01:31:24,105 [INFO] WiFi is working.
2025-10-15 01:31:40,130 [INFO] WiFi is working.
2025-10-15 01:31:56,156 [INFO] WiFi is working.
2025-10-15 01:32:12,182 [INFO] WiFi is working.
2025-10-15 01:32:28,207 [INFO] WiFi is working.
2025-10-15 01:32:44,234 [INFO] WiFi is working.
2025-10-15 01:33:00,260 [INFO] WiFi is working.
2025-10-15 01:33:16,285 [INFO] WiFi is working.
2025-10-15 01:33:32,311 [INFO] WiFi is working.
2025-10-15 01:33:48,337 [INFO] WiFi is working.
2025-10-15 01:34:04,362 [INFO] WiFi is working.
2025-10-15 01:34:20,388 [INFO] WiFi is working.
2025-10-15 01:34:36,415 [INFO] WiFi is working.
2025-10-15 01:34:52,441 [INFO] WiFi is working.
2025-10-15 01:35:08,467 [INFO] WiFi is working.
2025-10-15 01:35:24,493 [INFO] WiFi is working.
2025-10-15 01:35:40,519 [INFO] WiFi is working.
2025-10-15 01:35:56,544 [INFO] WiFi is working.
2025-10-15 01:36:12,569 [INFO] WiFi is working.
2025-10-15 01:36:28,595 [INFO] WiFi is working.
2025-10-15 01:36:44,621 [INFO] WiFi is working.
2025-10-15 01:37:00,648 [INFO] WiFi is working.
2025-10-15 01:37:16,670 [INFO] WiFi is working.
2025-10-15 01:37:32,693 [INFO] WiFi is working.
2025-10-15 01:37:48,719 [INFO] WiFi is working.
2025-10-15 01:38:04,744 [INFO] WiFi is working.
2025-10-15 01:38:20,769 [INFO] WiFi is working.
2025-10-15 01:38:36,794 [INFO] WiFi is working.
2025-10-15 01:38:52,820 [INFO] WiFi is working.
2025-10-15 01:39:08,845 [INFO] WiFi is working.
2025-10-15 01:39:24,870 [INFO] WiFi is working.
2025-10-15 01:39:40,892 [INFO] WiFi is working.
2025-10-15 01:39:56,918 [INFO] WiFi is working.
2025-10-15 01:40:12,944 [INFO] WiFi is working.
2025-10-15 01:40:28,970 [INFO] WiFi is working.
2025-10-15 01:40:44,995 [INFO] WiFi is working.
2025-10-15 01:41:01,020 [INFO] WiFi is working.
2025-10-15 01:41:17,045 [INFO] WiFi is working.
2025-10-15 01:41:33,071 [INFO] WiFi is working.
2025-10-15 01:41:49,095 [INFO] WiFi is working.
2025-10-15 01:42:05,121 [INFO] WiFi is working.
2025-10-15 01:42:21,146 [INFO] WiFi is working.
2025-10-15 01:42:37,172 [INFO] WiFi is working.
2025-10-15 01:42:53,197 [INFO] WiFi is working.
2025-10-15 01:43:09,222 [INFO] WiFi is working.
2025-10-15 01:43:25,247 [INFO] WiFi is working.
2025-10-15 01:43:41,270 [INFO] WiFi is working.
2025-10-15 01:43:57,297 [INFO] WiFi is working.
2025-10-15 01:44:13,323 [INFO] WiFi is working.
2025-10-15 01:44:29,349 [INFO] WiFi is working.
2025-10-15 01:44:45,374 [INFO] WiFi is working.
2025-10-15 01:45:01,399 [INFO] WiFi is working.
2025-10-15 01:45:17,424 [INFO] WiFi is working.
2025-10-15 01:45:33,450 [INFO] WiFi is working.
2025-10-15 01:45:49,476 [INFO] WiFi is working.
2025-10-15 01:46:05,502 [INFO] WiFi is working.
2025-10-15 01:46:21,528 [INFO] WiFi is working.
2025-10-15 01:46:37,553 [INFO] WiFi is working.
2025-10-15 01:46:53,578 [INFO] WiFi is working.
2025-10-15 01:47:09,604 [INFO] WiFi is working.
2025-10-15 01:47:25,630 [INFO] WiFi is working.
2025-10-15 01:47:41,653 [INFO] WiFi is working.
2025-10-15 01:47:57,679 [INFO] WiFi is working.
2025-10-15 01:48:13,705 [INFO] WiFi is working.
2025-10-15 01:48:29,731 [INFO] WiFi is working.
2025-10-15 01:48:45,757 [INFO] WiFi is working.
2025-10-15 01:49:01,783 [INFO] WiFi is working.
2025-10-15 01:49:17,809 [INFO] WiFi is working.
2025-10-15 01:49:33,835 [INFO] WiFi is working.
2025-10-15 01:49:49,860 [INFO] WiFi is working.
2025-10-15 01:50:05,885 [INFO] WiFi is working.
2025-10-15 01:50:21,911 [INFO] WiFi is working.
2025-10-15 01:50:37,937 [INFO] WiFi is working.
2025-10-15 01:50:53,965 [INFO] WiFi is working.
2025-10-15 01:51:09,991 [INFO] WiFi is working.
2025-10-15 01:51:26,013 [INFO] WiFi is working.
2025-10-15 01:51:42,038 [INFO] WiFi is working.
2025-10-15 01:51:58,064 [INFO] WiFi is working.
2025-10-15 01:52:14,089 [INFO] WiFi is working.
2025-10-15 01:52:30,112 [INFO] WiFi is working.
2025-10-15 01:52:46,138 [INFO] WiFi is working.
2025-10-15 01:53:02,163 [INFO] WiFi is working.
2025-10-15 01:53:18,188 [INFO] WiFi is working.
2025-10-15 01:53:34,210 [INFO] WiFi is working.
2025-10-15 01:53:50,236 [INFO] WiFi is working.
2025-10-15 01:54:06,259 [INFO] WiFi is working.
2025-10-15 01:54:22,285 [INFO] WiFi is working.
2025-10-15 01:54:38,310 [INFO] WiFi is working.
2025-10-15 01:54:54,335 [INFO] WiFi is working.
2025-10-15 01:55:10,362 [INFO] WiFi is working.
2025-10-15 01:55:26,387 [INFO] WiFi is working.
2025-10-15 01:55:42,413 [INFO] WiFi is working.
2025-10-15 01:55:58,440 [INFO] WiFi is working.
2025-10-15 01:56:14,465 [INFO] WiFi is working.
2025-10-15 01:56:30,487 [INFO] WiFi is working.
2025-10-15 01:56:46,511 [INFO] WiFi is working.
2025-10-15 01:57:02,535 [INFO] WiFi is working.
2025-10-15 01:57:18,562 [INFO] WiFi is working.
2025-10-15 01:57:34,588 [INFO] WiFi is working.
2025-10-15 01:57:50,613 [INFO] WiFi is working.
2025-10-15 01:58:06,639 [INFO] WiFi is working.
2025-10-15 01:58:22,662 [INFO] WiFi is working.
2025-10-15 01:58:38,684 [INFO] WiFi is working.
2025-10-15 01:58:54,705 [INFO] WiFi is working.
2025-10-15 01:59:10,727 [INFO] WiFi is working.
2025-10-15 01:59:26,744 [INFO] WiFi is working.
2025-10-15 01:59:42,771 [INFO] WiFi is working.
2025-10-15 01:59:58,795 [INFO] WiFi is working.
2025-10-15 02:00:14,816 [INFO] WiFi is working.
2025-10-15 02:00:30,838 [INFO] WiFi is working.
2025-10-15 02:00:46,855 [INFO] WiFi is working.
2025-10-15 02:01:02,876 [INFO] WiFi is working.
2025-10-15 02:01:18,896 [INFO] WiFi is working.
2025-10-15 02:01:34,918 [INFO] WiFi is working.
2025-10-15 02:01:50,940 [INFO] WiFi is working.
2025-10-15 02:02:06,963 [INFO] WiFi is working.
2025-10-15 02:02:22,988 [INFO] WiFi is working.
2025-10-15 02:02:39,009 [INFO] WiFi is working.
2025-10-15 02:02:55,031 [INFO] WiFi is working.
2025-10-15 02:03:11,053 [INFO] WiFi is working.
2025-10-15 02:03:27,075 [INFO] WiFi is working.
2025-10-15 02:03:43,095 [INFO] WiFi is working.
2025-10-15 02:03:59,119 [INFO] WiFi is working.
2025-10-15 02:04:15,145 [INFO] WiFi is working.
2025-10-15 02:04:31,167 [INFO] WiFi is working.
2025-10-15 02:04:47,192 [INFO] WiFi is working.
2025-10-15 02:05:03,218 [INFO] WiFi is working.
2025-10-15 02:05:19,241 [INFO] WiFi is working.
2025-10-15 02:05:35,267 [INFO] WiFi is working.
2025-10-15 02:05:51,292 [INFO] WiFi is working.
2025-10-15 02:06:07,314 [INFO] WiFi is working.
2025-10-15 02:06:23,334 [INFO] WiFi is working.
2025-10-15 02:06:39,356 [INFO] WiFi is working.
2025-10-15 02:06:55,374 [INFO] WiFi is working.
2025-10-15 02:07:16,591 [INFO] WiFi is working.
2025-10-15 02:07:32,632 [INFO] WiFi is working.
2025-10-15 02:08:03,759 [INFO] WiFi is working.
2025-10-15 02:08:19,784 [INFO] WiFi is working.
2025-10-15 02:08:35,806 [INFO] WiFi is working.
2025-10-15 02:08:51,827 [INFO] WiFi is working.
2025-10-15 02:09:07,845 [INFO] WiFi is working.
2025-10-15 02:09:23,865 [INFO] WiFi is working.
2025-10-15 02:09:39,887 [INFO] WiFi is working.
2025-10-15 02:09:55,907 [INFO] WiFi is working.
2025-10-15 02:10:11,928 [INFO] WiFi is working.
2025-10-15 02:10:27,948 [INFO] WiFi is working.
2025-10-15 02:10:43,966 [INFO] WiFi is working.
2025-10-15 02:10:59,986 [INFO] WiFi is working.
2025-10-15 02:11:16,006 [INFO] WiFi is working.
2025-10-15 02:11:32,025 [INFO] WiFi is working.
2025-10-15 02:11:48,045 [INFO] WiFi is working.
2025-10-15 02:12:04,063 [INFO] WiFi is working.
2025-10-15 02:12:20,087 [INFO] WiFi is working.
2025-10-15 02:12:36,109 [INFO] WiFi is working.
2025-10-15 02:12:52,130 [INFO] WiFi is working.
2025-10-15 02:13:08,150 [INFO] WiFi is working.
2025-10-15 02:13:24,170 [INFO] WiFi is working.
2025-10-15 02:13:40,193 [INFO] WiFi is working.
2025-10-15 02:13:56,210 [INFO] WiFi is working.
2025-10-15 02:14:12,231 [INFO] WiFi is working.
2025-10-15 02:14:28,251 [INFO] WiFi is working.
2025-10-15 02:14:44,269 [INFO] WiFi is working.
2025-10-15 02:15:00,288 [INFO] WiFi is working.
2025-10-15 02:15:16,307 [INFO] WiFi is working.
2025-10-15 02:15:32,326 [INFO] WiFi is working.
2025-10-15 02:15:48,344 [INFO] WiFi is working.
2025-10-15 02:16:04,364 [INFO] WiFi is working.
2025-10-15 02:16:20,383 [INFO] WiFi is working.
2025-10-15 02:16:36,406 [INFO] WiFi is working.
2025-10-15 02:16:52,422 [INFO] WiFi is working.
2025-10-15 02:17:08,448 [INFO] WiFi is working.
2025-10-15 02:17:24,473 [INFO] WiFi is working.
2025-10-15 02:17:40,499 [INFO] WiFi is working.
2025-10-15 02:17:56,525 [INFO] WiFi is working.
2025-10-15 02:18:12,550 [INFO] WiFi is working.
2025-10-15 02:18:28,574 [INFO] WiFi is working.
2025-10-15 02:18:44,600 [INFO] WiFi is working.
2025-10-15 02:19:00,627 [INFO] WiFi is working.
2025-10-15 02:19:16,652 [INFO] WiFi is working.
2025-10-15 02:19:32,677 [INFO] WiFi is working.
2025-10-15 02:19:48,702 [INFO] WiFi is working.
2025-10-15 02:20:04,727 [INFO] WiFi is working.
2025-10-15 02:20:20,752 [INFO] WiFi is working.
2025-10-15 02:20:36,778 [INFO] WiFi is working.
2025-10-15 02:20:52,803 [INFO] WiFi is working.
2025-10-15 02:21:08,830 [INFO] WiFi is working.
2025-10-15 02:21:24,855 [INFO] WiFi is working.
2025-10-15 02:21:40,877 [INFO] WiFi is working.
2025-10-15 02:21:56,902 [INFO] WiFi is working.
2025-10-15 02:22:12,928 [INFO] WiFi is working.
2025-10-15 02:22:28,954 [INFO] WiFi is working.
2025-10-15 02:22:44,979 [INFO] WiFi is working.
2025-10-15 02:23:01,004 [INFO] WiFi is working.
2025-10-15 02:23:17,029 [INFO] WiFi is working.
2025-10-15 02:23:33,054 [INFO] WiFi is working.
2025-10-15 02:23:49,080 [INFO] WiFi is working.
2025-10-15 02:24:05,105 [INFO] WiFi is working.
2025-10-15 02:24:21,130 [INFO] WiFi is working.
2025-10-15 02:24:37,156 [INFO] WiFi is working.
2025-10-15 02:24:53,182 [INFO] WiFi is working.
2025-10-15 02:25:09,207 [INFO] WiFi is working.
2025-10-15 02:25:25,233 [INFO] WiFi is working.
2025-10-15 02:25:41,258 [INFO] WiFi is working.
2025-10-15 02:25:57,275 [INFO] WiFi is working.
2025-10-15 02:26:13,293 [INFO] WiFi is working.
2025-10-15 02:26:29,314 [INFO] WiFi is working.
2025-10-15 02:26:45,332 [INFO] WiFi is working.
2025-10-15 02:27:01,352 [INFO] WiFi is working.
2025-10-15 02:27:17,370 [INFO] WiFi is working.
2025-10-15 02:27:33,392 [INFO] WiFi is working.
2025-10-15 02:27:49,417 [INFO] WiFi is working.
2025-10-15 02:28:05,442 [INFO] WiFi is working.
2025-10-15 02:28:21,468 [INFO] WiFi is working.
2025-10-15 02:28:37,493 [INFO] WiFi is working.
2025-10-15 02:28:53,518 [INFO] WiFi is working.
2025-10-15 02:29:09,544 [INFO] WiFi is working.
2025-10-15 02:29:25,569 [INFO] WiFi is working.
2025-10-15 02:29:41,594 [INFO] WiFi is working.
2025-10-15 02:29:57,620 [INFO] WiFi is working.
2025-10-15 02:30:13,642 [INFO] WiFi is working.
2025-10-15 02:30:29,664 [INFO] WiFi is working.
2025-10-15 02:30:45,686 [INFO] WiFi is working.
2025-10-15 02:31:01,705 [INFO] WiFi is working.
2025-10-15 02:31:17,723 [INFO] WiFi is working.
2025-10-15 02:31:33,744 [INFO] WiFi is working.
2025-10-15 02:31:49,762 [INFO] WiFi is working.
2025-10-15 02:32:05,782 [INFO] WiFi is working.
2025-10-15 02:32:21,798 [INFO] WiFi is working.
2025-10-15 02:32:37,817 [INFO] WiFi is working.
2025-10-15 02:32:53,836 [INFO] WiFi is working.
2025-10-15 02:33:09,855 [INFO] WiFi is working.
2025-10-15 02:33:25,875 [INFO] WiFi is working.
2025-10-15 02:33:41,895 [INFO] WiFi is working.
2025-10-15 02:33:57,912 [INFO] WiFi is working.
2025-10-15 02:34:13,932 [INFO] WiFi is working.
2025-10-15 02:34:29,949 [INFO] WiFi is working.
2025-10-15 02:34:45,968 [INFO] WiFi is working.
2025-10-15 02:35:01,986 [INFO] WiFi is working.
2025-10-15 02:35:18,005 [INFO] WiFi is working.
2025-10-15 02:35:34,023 [INFO] WiFi is working.
2025-10-15 02:35:50,043 [INFO] WiFi is working.
2025-10-15 02:36:06,066 [INFO] WiFi is working.
2025-10-15 02:36:22,083 [INFO] WiFi is working.
2025-10-15 02:36:38,100 [INFO] WiFi is working.
2025-10-15 02:36:54,118 [INFO] WiFi is working.
2025-10-15 02:37:10,139 [INFO] WiFi is working.
2025-10-15 02:37:26,159 [INFO] WiFi is working.
2025-10-15 02:37:42,180 [INFO] WiFi is working.
2025-10-15 02:37:58,199 [INFO] WiFi is working.
2025-10-15 02:38:14,219 [INFO] WiFi is working.
2025-10-15 02:38:30,240 [INFO] WiFi is working.
2025-10-15 02:38:46,260 [INFO] WiFi is working.
2025-10-15 02:39:02,277 [INFO] WiFi is working.
2025-10-15 02:39:18,300 [INFO] WiFi is working.
2025-10-15 02:39:34,319 [INFO] WiFi is working.
2025-10-15 02:39:50,338 [INFO] WiFi is working.
2025-10-15 02:40:06,357 [INFO] WiFi is working.
2025-10-15 02:40:22,374 [INFO] WiFi is working.
2025-10-15 02:40:38,394 [INFO] WiFi is working.
2025-10-15 02:40:54,414 [INFO] WiFi is working.
2025-10-15 02:41:10,433 [INFO] WiFi is working.
2025-10-15 02:41:26,454 [INFO] WiFi is working.
2025-10-15 02:41:42,474 [INFO] WiFi is working.
2025-10-15 02:41:58,492 [INFO] WiFi is working.
2025-10-15 02:42:14,512 [INFO] WiFi is working.
2025-10-15 02:42:30,531 [INFO] WiFi is working.
2025-10-15 02:42:46,550 [INFO] WiFi is working.
2025-10-15 02:43:02,570 [INFO] WiFi is working.
2025-10-15 02:43:18,588 [INFO] WiFi is working.
2025-10-15 02:43:34,606 [INFO] WiFi is working.
2025-10-15 02:43:50,627 [INFO] WiFi is working.
2025-10-15 02:44:06,647 [INFO] WiFi is working.
2025-10-15 02:44:22,666 [INFO] WiFi is working.
2025-10-15 02:44:38,684 [INFO] WiFi is working.
2025-10-15 02:44:54,703 [INFO] WiFi is working.
2025-10-15 02:45:10,722 [INFO] WiFi is working.
2025-10-15 02:45:26,740 [INFO] WiFi is working.
2025-10-15 02:45:42,760 [INFO] WiFi is working.
2025-10-15 02:45:58,778 [INFO] WiFi is working.
2025-10-15 02:46:14,795 [INFO] WiFi is working.
2025-10-15 02:46:30,814 [INFO] WiFi is working.
2025-10-15 02:46:46,835 [INFO] WiFi is working.
2025-10-15 02:47:02,858 [INFO] WiFi is working.
2025-10-15 02:47:18,876 [INFO] WiFi is working.
2025-10-15 02:47:34,895 [INFO] WiFi is working.
2025-10-15 02:47:50,913 [INFO] WiFi is working.
2025-10-15 02:48:06,930 [INFO] WiFi is working.
2025-10-15 02:48:22,950 [INFO] WiFi is working.
2025-10-15 02:48:38,975 [INFO] WiFi is working.
2025-10-15 02:48:54,998 [INFO] WiFi is working.
2025-10-15 02:49:11,015 [INFO] WiFi is working.
2025-10-15 02:49:27,034 [INFO] WiFi is working.
2025-10-15 02:49:43,050 [INFO] WiFi is working.
2025-10-15 02:49:59,069 [INFO] WiFi is working.
2025-10-15 02:50:15,087 [INFO] WiFi is working.
2025-10-15 02:50:31,105 [INFO] WiFi is working.
2025-10-15 02:50:47,125 [INFO] WiFi is working.
2025-10-15 02:51:03,145 [INFO] WiFi is working.
2025-10-15 02:51:19,168 [INFO] WiFi is working.
2025-10-15 02:51:35,186 [INFO] WiFi is working.
2025-10-15 02:51:51,207 [INFO] WiFi is working.
2025-10-15 02:52:07,225 [INFO] WiFi is working.
2025-10-15 02:52:23,242 [INFO] WiFi is working.
2025-10-15 02:52:39,265 [INFO] WiFi is working.
2025-10-15 02:52:55,282 [INFO] WiFi is working.
2025-10-15 02:53:11,305 [INFO] WiFi is working.
2025-10-15 02:53:27,326 [INFO] WiFi is working.
2025-10-15 02:53:43,343 [INFO] WiFi is working.
2025-10-15 02:53:59,362 [INFO] WiFi is working.
2025-10-15 02:54:15,380 [INFO] WiFi is working.
2025-10-15 02:54:31,400 [INFO] WiFi is working.
2025-10-15 02:54:47,426 [INFO] WiFi is working.
2025-10-15 02:55:03,448 [INFO] WiFi is working.
2025-10-15 02:55:19,468 [INFO] WiFi is working.
2025-10-15 02:55:35,486 [INFO] WiFi is working.
2025-10-15 02:55:51,506 [INFO] WiFi is working.
2025-10-15 02:56:07,526 [INFO] WiFi is working.
2025-10-15 02:56:23,545 [INFO] WiFi is working.
2025-10-15 02:56:39,565 [INFO] WiFi is working.
2025-10-15 02:56:55,584 [INFO] WiFi is working.
2025-10-15 02:57:11,603 [INFO] WiFi is working.
2025-10-15 02:57:27,622 [INFO] WiFi is working.
2025-10-15 02:57:43,640 [INFO] WiFi is working.
2025-10-15 02:57:59,663 [INFO] WiFi is working.
2025-10-15 02:58:15,681 [INFO] WiFi is working.
2025-10-15 02:58:31,701 [INFO] WiFi is working.
2025-10-15 02:58:47,721 [INFO] WiFi is working.
2025-10-15 02:59:03,740 [INFO] WiFi is working.
2025-10-15 02:59:19,760 [INFO] WiFi is working.
2025-10-15 02:59:35,778 [INFO] WiFi is working.
2025-10-15 02:59:51,800 [INFO] WiFi is working.
2025-10-15 03:00:07,819 [INFO] WiFi is working.
2025-10-15 03:00:23,840 [INFO] WiFi is working.
2025-10-15 03:00:39,861 [INFO] WiFi is working.
2025-10-15 03:00:55,883 [INFO] WiFi is working.
2025-10-15 03:01:11,903 [INFO] WiFi is working.
2025-10-15 03:01:27,920 [INFO] WiFi is working.
2025-10-15 03:01:43,939 [INFO] WiFi is working.
2025-10-15 03:01:59,961 [INFO] WiFi is working.
2025-10-15 03:02:15,980 [INFO] WiFi is working.
2025-10-15 03:02:31,998 [INFO] WiFi is working.
2025-10-15 03:02:48,018 [INFO] WiFi is working.
2025-10-15 03:03:04,036 [INFO] WiFi is working.
2025-10-15 03:03:20,054 [INFO] WiFi is working.
2025-10-15 03:03:36,075 [INFO] WiFi is working.
2025-10-15 03:03:52,093 [INFO] WiFi is working.
2025-10-15 03:04:08,111 [INFO] WiFi is working.
2025-10-15 03:04:24,132 [INFO] WiFi is working.
2025-10-15 03:04:40,151 [INFO] WiFi is working.
2025-10-15 03:04:56,172 [INFO] WiFi is working.
2025-10-15 03:05:12,190 [INFO] WiFi is working.
2025-10-15 03:05:28,210 [INFO] WiFi is working.
2025-10-15 03:05:44,232 [INFO] WiFi is working.
2025-10-15 03:06:00,251 [INFO] WiFi is working.
2025-10-15 03:06:16,271 [INFO] WiFi is working.
2025-10-15 03:06:32,289 [INFO] WiFi is working.
2025-10-15 03:06:48,307 [INFO] WiFi is working.
2025-10-15 03:07:04,328 [INFO] WiFi is working.
2025-10-15 03:07:20,347 [INFO] WiFi is working.
2025-10-15 03:07:36,368 [INFO] WiFi is working.
2025-10-15 03:07:52,386 [INFO] WiFi is working.
2025-10-15 03:08:08,406 [INFO] WiFi is working.
2025-10-15 03:08:24,424 [INFO] WiFi is working.
2025-10-15 03:08:40,441 [INFO] WiFi is working.
2025-10-15 03:08:56,463 [INFO] WiFi is working.
2025-10-15 03:09:12,481 [INFO] WiFi is working.
2025-10-15 03:09:28,499 [INFO] WiFi is working.
2025-10-15 03:09:44,518 [INFO] WiFi is working.
2025-10-15 03:10:00,539 [INFO] WiFi is working.
2025-10-15 03:10:16,557 [INFO] WiFi is working.
2025-10-15 03:10:32,574 [INFO] WiFi is working.
2025-10-15 03:10:48,593 [INFO] WiFi is working.
2025-10-15 03:11:04,612 [INFO] WiFi is working.
2025-10-15 03:11:20,632 [INFO] WiFi is working.
2025-10-15 03:11:36,650 [INFO] WiFi is working.
2025-10-15 03:11:52,669 [INFO] WiFi is working.
2025-10-15 03:12:08,687 [INFO] WiFi is working.
2025-10-15 03:12:24,707 [INFO] WiFi is working.
2025-10-15 03:12:40,725 [INFO] WiFi is working.
2025-10-15 03:12:56,744 [INFO] WiFi is working.
2025-10-15 03:13:12,763 [INFO] WiFi is working.
2025-10-15 03:13:28,783 [INFO] WiFi is working.
2025-10-15 03:13:44,802 [INFO] WiFi is working.
2025-10-15 03:14:00,822 [INFO] WiFi is working.
2025-10-15 03:14:16,841 [INFO] WiFi is working.
2025-10-15 03:14:32,859 [INFO] WiFi is working.
2025-10-15 03:14:48,880 [INFO] WiFi is working.
2025-10-15 03:15:04,897 [INFO] WiFi is working.
2025-10-15 03:15:20,919 [INFO] WiFi is working.
2025-10-15 03:15:36,939 [INFO] WiFi is working.
2025-10-15 03:15:52,960 [INFO] WiFi is working.
2025-10-15 03:16:08,979 [INFO] WiFi is working.
2025-10-15 03:16:25,002 [INFO] WiFi is working.
2025-10-15 03:16:41,019 [INFO] WiFi is working.
2025-10-15 03:16:57,039 [INFO] WiFi is working.
2025-10-15 03:17:13,060 [INFO] WiFi is working.
2025-10-15 03:17:29,079 [INFO] WiFi is working.
2025-10-15 03:17:45,098 [INFO] WiFi is working.
2025-10-15 03:18:01,118 [INFO] WiFi is working.
2025-10-15 03:18:17,142 [INFO] WiFi is working.
2025-10-15 03:18:33,163 [INFO] WiFi is working.
2025-10-15 03:18:49,182 [INFO] WiFi is working.
2025-10-15 03:19:05,202 [INFO] WiFi is working.
2025-10-15 03:19:21,218 [INFO] WiFi is working.
2025-10-15 03:19:37,239 [INFO] WiFi is working.
2025-10-15 03:19:53,259 [INFO] WiFi is working.
2025-10-15 03:20:09,277 [INFO] WiFi is working.
2025-10-15 03:20:25,295 [INFO] WiFi is working.
2025-10-15 03:20:41,316 [INFO] WiFi is working.
2025-10-15 03:20:57,334 [INFO] WiFi is working.
2025-10-15 03:21:13,354 [INFO] WiFi is working.
2025-10-15 03:21:29,372 [INFO] WiFi is working.
2025-10-15 03:21:45,390 [INFO] WiFi is working.
2025-10-15 03:22:01,409 [INFO] WiFi is working.
2025-10-15 03:22:17,430 [INFO] WiFi is working.
2025-10-15 03:22:33,449 [INFO] WiFi is working.
2025-10-15 03:22:49,469 [INFO] WiFi is working.
2025-10-15 03:23:05,488 [INFO] WiFi is working.
2025-10-15 03:23:21,509 [INFO] WiFi is working.
2025-10-15 03:23:37,528 [INFO] WiFi is working.
2025-10-15 03:23:53,547 [INFO] WiFi is working.
2025-10-15 03:24:09,564 [INFO] WiFi is working.
2025-10-15 03:24:25,582 [INFO] WiFi is working.
2025-10-15 03:24:41,600 [INFO] WiFi is working.
2025-10-15 03:24:57,619 [INFO] WiFi is working.
2025-10-15 03:25:13,637 [INFO] WiFi is working.
2025-10-15 03:25:29,658 [INFO] WiFi is working.
2025-10-15 03:25:45,675 [INFO] WiFi is working.
2025-10-15 03:26:01,695 [INFO] WiFi is working.
2025-10-15 03:26:17,714 [INFO] WiFi is working.
2025-10-15 03:26:33,732 [INFO] WiFi is working.
2025-10-15 03:26:49,752 [INFO] WiFi is working.
2025-10-15 03:27:05,768 [INFO] WiFi is working.
2025-10-15 03:27:21,785 [INFO] WiFi is working.
2025-10-15 03:27:37,808 [INFO] WiFi is working.
